chain_id,seed,sample_id,proposal_attempts_after_burn_in,accepted_switches_since_previous_sample,accepted_switches_sampling_cumulative,margins_preserved_exactly,C_r,tail_indicator,sum_K_r,sum_P_q_r,sum_S_q_r,sum_M_q_r_auxiliary
1,2026080501,1,153,102,102,True,0.5987607174357181,0,153,9219,8823,396
1,2026080501,2,306,86,188,True,0.4788272622526606,0,153,9219,8961,258
1,2026080501,3,459,91,279,True,0.4944417646265773,0,153,9219,8664,555
1,2026080501,4,612,94,373,True,0.5846376237704918,0,153,9219,8823,396
1,2026080501,5,765,98,471,True,0.5631906518603973,0,153,9219,8832,387
1,2026080501,6,918,88,559,True,0.4133913066018943,1,153,9219,9003,216
1,2026080501,7,1071,88,647,True,0.5694634595463443,0,153,9219,8922,297
1,2026080501,8,1224,96,743,True,0.5349090118685993,0,153,9219,8658,561
1,2026080501,9,1377,91,834,True,0.7073546478007517,0,153,9219,8640,579
1,2026080501,10,1530,92,926,True,0.4769170721129781,0,153,9219,8883,336
1,2026080501,11,1683,86,1012,True,0.48901828240251066,0,153,9219,8781,438
1,2026080501,12,1836,89,1101,True,0.49413500306538566,0,153,9219,8898,321
1,2026080501,13,1989,100,1201,True,0.5920231078765015,0,153,9219,8772,447
1,2026080501,14,2142,80,1281,True,0.5988271136119696,0,153,9219,9012,207
1,2026080501,15,2295,93,1374,True,0.5965783813256048,0,153,9219,8838,381
1,2026080501,16,2448,93,1467,True,0.5667836916038389,0,153,9219,8772,447
1,2026080501,17,2601,96,1563,True,0.55538029180151,0,153,9219,8793,426
1,2026080501,18,2754,101,1664,True,0.4881406815509138,0,153,9219,8823,396
1,2026080501,19,2907,100,1764,True,0.7005454355259992,0,153,9219,8994,225
1,2026080501,20,3060,91,1855,True,0.5749097875247009,0,153,9219,9003,216
1,2026080501,21,3213,93,1948,True,0.5443695031770187,0,153,9219,8934,285
1,2026080501,22,3366,104,2052,True,0.4908797442869116,0,153,9219,8763,456
1,2026080501,23,3519,87,2139,True,0.6194145062371565,0,153,9219,8781,438
1,2026080501,24,3672,97,2236,True,0.7081373517806326,0,153,9219,8865,354
1,2026080501,25,3825,92,2328,True,0.6618229501541187,0,153,9219,8922,297
1,2026080501,26,3978,84,2412,True,0.46219126550071815,0,153,9219,8988,231
1,2026080501,27,4131,92,2504,True,0.6893547410684654,0,153,9219,8892,327
1,2026080501,28,4284,87,2591,True,0.7559730828000909,1,153,9219,8754,465
1,2026080501,29,4437,91,2682,True,0.5321306628940036,0,153,9219,8937,282
1,2026080501,30,4590,88,2770,True,0.467252024340315,0,153,9219,8844,375
1,2026080501,31,4743,91,2861,True,0.6304807571038642,0,153,9219,8814,405
1,2026080501,32,4896,97,2958,True,0.6532662065509852,0,153,9219,8904,315
1,2026080501,33,5049,92,3050,True,0.5345998791180517,0,153,9219,8832,387
1,2026080501,34,5202,106,3156,True,0.612138571751945,0,153,9219,8967,252
1,2026080501,35,5355,98,3254,True,0.6286168646901272,0,153,9219,8943,276
1,2026080501,36,5508,102,3356,True,0.5916374146415697,0,153,9219,8859,360
1,2026080501,37,5661,96,3452,True,0.5684576319045159,0,153,9219,8811,408
1,2026080501,38,5814,96,3548,True,0.5448353861320925,0,153,9219,8889,330
1,2026080501,39,5967,105,3653,True,0.6424715334679331,0,153,9219,8658,561
1,2026080501,40,6120,82,3735,True,0.6396009377249101,0,153,9219,8799,420
1,2026080501,41,6273,84,3819,True,0.4266266762430774,0,153,9219,8598,621
1,2026080501,42,6426,97,3916,True,0.6301882408614119,0,153,9219,8721,498
1,2026080501,43,6579,78,3994,True,0.7665851009623955,1,153,9219,8673,546
1,2026080501,44,6732,91,4085,True,0.6735128508969634,0,153,9219,8874,345
1,2026080501,45,6885,105,4190,True,0.6959488905338297,0,153,9219,8694,525
1,2026080501,46,7038,98,4288,True,0.5790286866266121,0,153,9219,8832,387
1,2026080501,47,7191,84,4372,True,0.6134613638534417,0,153,9219,9000,219
1,2026080501,48,7344,94,4466,True,0.6248270907739255,0,153,9219,8838,381
1,2026080501,49,7497,93,4559,True,0.6425264267979603,0,153,9219,8994,225
1,2026080501,50,7650,99,4658,True,0.6076203921669059,0,153,9219,8661,558
1,2026080501,51,7803,96,4754,True,0.646679455741754,0,153,9219,8751,468
1,2026080501,52,7956,91,4845,True,0.4741729898457047,0,153,9219,8904,315
1,2026080501,53,8109,95,4940,True,0.4233180155412278,1,153,9219,8895,324
1,2026080501,54,8262,90,5030,True,0.5669836938611653,0,153,9219,8787,432
1,2026080501,55,8415,97,5127,True,0.7304192696774076,1,153,9219,8634,585
1,2026080501,56,8568,92,5219,True,0.5888556122201658,0,153,9219,8991,228
1,2026080501,57,8721,96,5315,True,0.4915226712774979,0,153,9219,8946,273
1,2026080501,58,8874,99,5414,True,0.39181517817277534,1,153,9219,8910,309
1,2026080501,59,9027,101,5515,True,0.6540745395609561,0,153,9219,8862,357
1,2026080501,60,9180,95,5610,True,0.6745208519113236,0,153,9219,8910,309
1,2026080501,61,9333,104,5714,True,0.6130246852984029,0,153,9219,8631,588
1,2026080501,62,9486,91,5805,True,0.6325368334641104,0,153,9219,8850,369
1,2026080501,63,9639,87,5892,True,0.5362590097884993,0,153,9219,8547,672
1,2026080501,64,9792,86,5978,True,0.5101558750601125,0,153,9219,8829,390
1,2026080501,65,9945,99,6077,True,0.5284571334071698,0,153,9219,8877,342
1,2026080501,66,10098,98,6175,True,0.5876540694148825,0,153,9219,8925,294
1,2026080501,67,10251,89,6264,True,0.5466385019923211,0,153,9219,8919,300
1,2026080501,68,10404,86,6350,True,0.5932814280625154,0,153,9219,8739,480
1,2026080501,69,10557,94,6444,True,0.7170600375875843,1,153,9219,8754,465
1,2026080501,70,10710,91,6535,True,0.5374213047950931,0,153,9219,8865,354
1,2026080501,71,10863,83,6618,True,0.543530707365506,0,153,9219,9036,183
1,2026080501,72,11016,91,6709,True,0.583652673458312,0,153,9219,8829,390
1,2026080501,73,11169,90,6799,True,0.6330174405382885,0,153,9219,8856,363
1,2026080501,74,11322,97,6896,True,0.6839173543570936,0,153,9219,8691,528
1,2026080501,75,11475,95,6991,True,0.5768721113314849,0,153,9219,8811,408
1,2026080501,76,11628,86,7077,True,0.3323880294713438,1,153,9219,9006,213
1,2026080501,77,11781,100,7177,True,0.4729659558945503,0,153,9219,8817,402
1,2026080501,78,11934,92,7269,True,0.6582678381886478,0,153,9219,8697,522
1,2026080501,79,12087,92,7361,True,0.6251017319757793,0,153,9219,8883,336
1,2026080501,80,12240,83,7444,True,0.7166191083556677,1,153,9219,8721,498
1,2026080501,81,12393,97,7541,True,0.720519722987948,1,153,9219,8856,363
1,2026080501,82,12546,84,7625,True,0.6287971544417058,0,153,9219,8772,447
1,2026080501,83,12699,89,7714,True,0.5394007209888532,0,153,9219,8817,402
1,2026080501,84,12852,87,7801,True,0.6670711897629221,0,153,9219,8553,666
1,2026080501,85,13005,97,7898,True,0.6788291915402663,0,153,9219,8439,780
1,2026080501,86,13158,96,7994,True,0.5641422490952591,0,153,9219,8697,522
1,2026080501,87,13311,107,8101,True,0.6423103948904353,0,153,9219,8760,459
1,2026080501,88,13464,94,8195,True,0.32093541565752387,1,153,9219,8706,513
1,2026080501,89,13617,87,8282,True,0.42716309589630497,0,153,9219,8850,369
1,2026080501,90,13770,101,8383,True,0.5017030358037807,0,153,9219,8883,336
1,2026080501,91,13923,95,8478,True,0.6301122806562574,0,153,9219,8778,441
1,2026080501,92,14076,103,8581,True,0.6586401357473417,0,153,9219,8763,456
1,2026080501,93,14229,96,8677,True,0.6075066987638442,0,153,9219,8667,552
1,2026080501,94,14382,94,8771,True,0.5443578786774353,0,153,9219,8829,390
1,2026080501,95,14535,98,8869,True,0.5306387752427559,0,153,9219,8820,399
1,2026080501,96,14688,96,8965,True,0.4523434511308476,0,153,9219,8835,384
1,2026080501,97,14841,92,9057,True,0.6081942713355081,0,153,9219,8634,585
1,2026080501,98,14994,105,9162,True,0.64299203857927,0,153,9219,8745,474
1,2026080501,99,15147,84,9246,True,0.6582056362214435,0,153,9219,8973,246
1,2026080501,100,15300,99,9345,True,0.6470666894917312,0,153,9219,8655,564
1,2026080501,101,15453,90,9435,True,0.6350237711743868,0,153,9219,8571,648
1,2026080501,102,15606,91,9526,True,0.3587462022838785,1,153,9219,8907,312
1,2026080501,103,15759,94,9620,True,0.42536512195038934,1,153,9219,8958,261
1,2026080501,104,15912,89,9709,True,0.7076715018737917,0,153,9219,8865,354
1,2026080501,105,16065,85,9794,True,0.5278149616263135,0,153,9219,8991,228
1,2026080501,106,16218,89,9883,True,0.5876385569170164,0,153,9219,8814,405
1,2026080501,107,16371,78,9961,True,0.5790996415362826,0,153,9219,8688,531
1,2026080501,108,16524,94,10055,True,0.5471880642959777,0,153,9219,8685,534
1,2026080501,109,16677,89,10144,True,0.6518908667847378,0,153,9219,8805,414
1,2026080501,110,16830,85,10229,True,0.6807834220727653,0,153,9219,8616,603
1,2026080501,111,16983,102,10331,True,0.5723525415169733,0,153,9219,8976,243
1,2026080501,112,17136,96,10427,True,0.7214011798830811,1,153,9219,8799,420
1,2026080501,113,17289,84,10511,True,0.5511089869074001,0,153,9219,8868,351
1,2026080501,114,17442,98,10609,True,0.6009376521387036,0,153,9219,8871,348
1,2026080501,115,17595,92,10701,True,0.49828371846354363,0,153,9219,8955,264
1,2026080501,116,17748,93,10794,True,0.6134342723872921,0,153,9219,8706,513
1,2026080501,117,17901,96,10890,True,0.5720251904651279,0,153,9219,8649,570
1,2026080501,118,18054,98,10988,True,0.49788997769965876,0,153,9219,8901,318
1,2026080501,119,18207,98,11086,True,0.6057027050736404,0,153,9219,8796,423
1,2026080501,120,18360,92,11178,True,0.4853325156839688,0,153,9219,8814,405
1,2026080501,121,18513,87,11265,True,0.5171266843132529,0,153,9219,8937,282
1,2026080501,122,18666,105,11370,True,0.6305635493845854,0,153,9219,8937,282
1,2026080501,123,18819,96,11466,True,0.4880157589055615,0,153,9219,8949,270
1,2026080501,124,18972,89,11555,True,0.7086895113520477,0,153,9219,8766,453
1,2026080501,125,19125,96,11651,True,0.44885957913919766,0,153,9219,8949,270
1,2026080501,126,19278,87,11738,True,0.46066650961420486,0,153,9219,8949,270
1,2026080501,127,19431,83,11821,True,0.7169953212159618,1,153,9219,8805,414
1,2026080501,128,19584,86,11907,True,0.6147089285108545,0,153,9219,8862,357
1,2026080501,129,19737,95,12002,True,0.4780405468029793,0,153,9219,8925,294
1,2026080501,130,19890,87,12089,True,0.621893199718606,0,153,9219,8958,261
1,2026080501,131,20043,92,12181,True,0.5964723769807648,0,153,9219,8529,690
1,2026080501,132,20196,90,12271,True,0.6047529328244474,0,153,9219,8718,501
1,2026080501,133,20349,84,12355,True,0.4651829303603174,0,153,9219,8907,312
1,2026080501,134,20502,84,12439,True,0.40360511582323727,1,153,9219,8880,339
1,2026080501,135,20655,91,12530,True,0.603849181704172,0,153,9219,8733,486
1,2026080501,136,20808,95,12625,True,0.6151522869175002,0,153,9219,8853,366
1,2026080501,137,20961,87,12712,True,0.568316998963604,0,153,9219,8892,327
1,2026080501,138,21114,84,12796,True,0.7082129840477508,0,153,9219,8457,762
1,2026080501,139,21267,94,12890,True,0.6435788443054113,0,153,9219,8673,546
1,2026080501,140,21420,93,12983,True,0.5512610787691671,0,153,9219,8718,501
1,2026080501,141,21573,96,13079,True,0.6295226356253165,0,153,9219,8841,378
1,2026080501,142,21726,102,13181,True,0.5488633347987608,0,153,9219,9000,219
1,2026080501,143,21879,80,13261,True,0.5512431872984191,0,153,9219,8805,414
1,2026080501,144,22032,94,13355,True,0.5751286616465217,0,153,9219,8865,354
1,2026080501,145,22185,100,13455,True,0.5881092213128241,0,153,9219,8865,354
1,2026080501,146,22338,89,13544,True,0.5449542501613548,0,153,9219,8958,261
1,2026080501,147,22491,86,13630,True,0.4341696778246792,0,153,9219,8874,345
1,2026080501,148,22644,95,13725,True,0.5414558486380139,0,153,9219,8865,354
1,2026080501,149,22797,87,13812,True,0.6484112089892781,0,153,9219,8952,267
1,2026080501,150,22950,85,13897,True,0.5809169166307293,0,153,9219,8436,783
1,2026080501,151,23103,78,13975,True,0.6232652377418643,0,153,9219,8898,321
1,2026080501,152,23256,89,14064,True,0.753445745762445,1,153,9219,8706,513
1,2026080501,153,23409,75,14139,True,0.6155686013456675,0,153,9219,8655,564
1,2026080501,154,23562,81,14220,True,0.5991998964146596,0,153,9219,8649,570
1,2026080501,155,23715,87,14307,True,0.7454290959812173,1,153,9219,8754,465
1,2026080501,156,23868,86,14393,True,0.6487901426614511,0,153,9219,8964,255
1,2026080501,157,24021,93,14486,True,0.5073679959822285,0,153,9219,8871,348
1,2026080501,158,24174,90,14576,True,0.5960284972730419,0,153,9219,8925,294
1,2026080501,159,24327,89,14665,True,0.4900979951213963,0,153,9219,8700,519
1,2026080501,160,24480,98,14763,True,0.6845533138256737,0,153,9219,8772,447
1,2026080501,161,24633,89,14852,True,0.6082072595851404,0,153,9219,8742,477
1,2026080501,162,24786,89,14941,True,0.7432397418123521,1,153,9219,8811,408
1,2026080501,163,24939,89,15030,True,0.5533205968197381,0,153,9219,8859,360
1,2026080501,164,25092,81,15111,True,0.6434071641127829,0,153,9219,8844,375
1,2026080501,165,25245,77,15188,True,0.6519579789423289,0,153,9219,8598,621
1,2026080501,166,25398,92,15280,True,0.5609352012751972,0,153,9219,8787,432
1,2026080501,167,25551,88,15368,True,0.5181446937915091,0,153,9219,8994,225
1,2026080501,168,25704,100,15468,True,0.3295825652613088,1,153,9219,8841,378
1,2026080501,169,25857,86,15554,True,0.43702203891232627,0,153,9219,8985,234
1,2026080501,170,26010,102,15656,True,0.6096836693073642,0,153,9219,8940,279
1,2026080501,171,26163,93,15749,True,0.4249304346085835,1,153,9219,8988,231
1,2026080501,172,26316,95,15844,True,0.603281269070881,0,153,9219,8841,378
1,2026080501,173,26469,90,15934,True,0.3596315035419052,1,153,9219,8805,414
1,2026080501,174,26622,87,16021,True,0.5853122234643541,0,153,9219,8811,408
1,2026080501,175,26775,87,16108,True,0.6163341550470305,0,153,9219,8910,309
1,2026080501,176,26928,85,16193,True,0.6095637808859832,0,153,9219,8934,285
1,2026080501,177,27081,89,16282,True,0.6782888501980816,0,153,9219,8943,276
1,2026080501,178,27234,86,16368,True,0.6763643323041897,0,153,9219,8823,396
1,2026080501,179,27387,88,16456,True,0.6305192899931777,0,153,9219,8550,669
1,2026080501,180,27540,87,16543,True,0.6258854185200109,0,153,9219,8850,369
1,2026080501,181,27693,89,16632,True,0.6463586791104725,0,153,9219,8751,468
1,2026080501,182,27846,93,16725,True,0.555573087356079,0,153,9219,8655,564
1,2026080501,183,27999,90,16815,True,0.6824954718181815,0,153,9219,8766,453
1,2026080501,184,28152,99,16914,True,0.6905571790069789,0,153,9219,8733,486
1,2026080501,185,28305,82,16996,True,0.5465721086519981,0,153,9219,8592,627
1,2026080501,186,28458,91,17087,True,0.6123719335672686,0,153,9219,8838,381
1,2026080501,187,28611,91,17178,True,0.47490142160645765,0,153,9219,8796,423
1,2026080501,188,28764,86,17264,True,0.6427584209303967,0,153,9219,8754,465
1,2026080501,189,28917,90,17354,True,0.7251923252341853,1,153,9219,8601,618
1,2026080501,190,29070,83,17437,True,0.5212538521298916,0,153,9219,8718,501
1,2026080501,191,29223,90,17527,True,0.5786941271069137,0,153,9219,8901,318
1,2026080501,192,29376,100,17627,True,0.5647699752904063,0,153,9219,8430,789
1,2026080501,193,29529,94,17721,True,0.5917006648887303,0,153,9219,8835,384
1,2026080501,194,29682,85,17806,True,0.4527679880368165,0,153,9219,8829,390
1,2026080501,195,29835,90,17896,True,0.7443890446984553,1,153,9219,8865,354
1,2026080501,196,29988,82,17978,True,0.6167809599781898,0,153,9219,8847,372
1,2026080501,197,30141,91,18069,True,0.4737967850187398,0,153,9219,8937,282
1,2026080501,198,30294,91,18160,True,0.6721596003361958,0,153,9219,8763,456
1,2026080501,199,30447,90,18250,True,0.7263408723907089,1,153,9219,8925,294
1,2026080501,200,30600,98,18348,True,0.6150195059079847,0,153,9219,8883,336
1,2026080501,201,30753,85,18433,True,0.5525593096742203,0,153,9219,8934,285
1,2026080501,202,30906,86,18519,True,0.7739914303715565,1,153,9219,8739,480
1,2026080501,203,31059,88,18607,True,0.5494816812091308,0,153,9219,8913,306
1,2026080501,204,31212,87,18694,True,0.6701093156073078,0,153,9219,8823,396
1,2026080501,205,31365,91,18785,True,0.5693924675184664,0,153,9219,8883,336
1,2026080501,206,31518,87,18872,True,0.5944260932927923,0,153,9219,8772,447
1,2026080501,207,31671,94,18966,True,0.580358353376359,0,153,9219,8853,366
1,2026080501,208,31824,96,19062,True,0.39060581067868855,1,153,9219,8916,303
1,2026080501,209,31977,92,19154,True,0.5591292128760165,0,153,9219,8598,621
1,2026080501,210,32130,98,19252,True,0.5392476114556544,0,153,9219,8904,315
1,2026080501,211,32283,90,19342,True,0.31568201735871954,1,153,9219,8826,393
1,2026080501,212,32436,83,19425,True,0.5853872106177543,0,153,9219,8853,366
1,2026080501,213,32589,92,19517,True,0.4220575564632137,1,153,9219,8784,435
1,2026080501,214,32742,91,19608,True,0.575286008418839,0,153,9219,8934,285
1,2026080501,215,32895,91,19699,True,0.6175376464068477,0,153,9219,8622,597
1,2026080501,216,33048,99,19798,True,0.6183704595847134,0,153,9219,8757,462
1,2026080501,217,33201,95,19893,True,0.45311376410931076,0,153,9219,9003,216
1,2026080501,218,33354,91,19984,True,0.664891308982178,0,153,9219,8829,390
1,2026080501,219,33507,79,20063,True,0.5166619408557882,0,153,9219,8952,267
1,2026080501,220,33660,89,20152,True,0.46150049542127786,0,153,9219,8520,699
1,2026080501,221,33813,89,20241,True,0.573323453225989,0,153,9219,8730,489
1,2026080501,222,33966,84,20325,True,0.5411731005669468,0,153,9219,8922,297
1,2026080501,223,34119,89,20414,True,0.4727869764397553,0,153,9219,8733,486
1,2026080501,224,34272,94,20508,True,0.6155997156415568,0,153,9219,8682,537
1,2026080501,225,34425,81,20589,True,0.6546895646493104,0,153,9219,8556,663
1,2026080501,226,34578,91,20680,True,0.7747163871992547,1,153,9219,8547,672
1,2026080501,227,34731,93,20773,True,0.5194724769514198,0,153,9219,8784,435
1,2026080501,228,34884,95,20868,True,0.5921337464311731,0,153,9219,8847,372
1,2026080501,229,35037,95,20963,True,0.5228032928163806,0,153,9219,8865,354
1,2026080501,230,35190,93,21056,True,0.4618099441730269,0,153,9219,8856,363
1,2026080501,231,35343,102,21158,True,0.636989689389044,0,153,9219,8904,315
1,2026080501,232,35496,79,21237,True,0.47427351130748624,0,153,9219,8715,504
1,2026080501,233,35649,94,21331,True,0.49817221753426083,0,153,9219,8973,246
1,2026080501,234,35802,97,21428,True,0.7006112060467998,0,153,9219,8685,534
1,2026080501,235,35955,110,21538,True,0.4859266156174484,0,153,9219,8985,234
1,2026080501,236,36108,96,21634,True,0.6094700516984708,0,153,9219,8910,309
1,2026080501,237,36261,92,21726,True,0.5421373842148545,0,153,9219,8571,648
1,2026080501,238,36414,90,21816,True,0.5772679629946439,0,153,9219,8793,426
1,2026080501,239,36567,96,21912,True,0.32945782655977307,1,153,9219,8973,246
1,2026080501,240,36720,107,22019,True,0.5331144793359226,0,153,9219,8664,555
1,2026080501,241,36873,95,22114,True,0.48066725444645486,0,153,9219,8715,504
1,2026080501,242,37026,76,22190,True,0.6793558597934415,0,153,9219,8673,546
1,2026080501,243,37179,95,22285,True,0.6911841947777584,0,153,9219,8766,453
1,2026080501,244,37332,79,22364,True,0.5997193680144247,0,153,9219,8631,588
1,2026080501,245,37485,83,22447,True,0.6086200252654812,0,153,9219,8832,387
1,2026080501,246,37638,92,22539,True,0.5517272247055509,0,153,9219,8886,333
1,2026080501,247,37791,87,22626,True,0.5687110498924145,0,153,9219,8751,468
1,2026080501,248,37944,89,22715,True,0.6178832337462977,0,153,9219,8850,369
1,2026080501,249,38097,91,22806,True,0.6327469416431489,0,153,9219,8868,351
1,2026080501,250,38250,88,22894,True,0.568381248479363,0,153,9219,8499,720
1,2026080501,251,38403,82,22976,True,0.6188658556002781,0,153,9219,8763,456
1,2026080501,252,38556,101,23077,True,0.6215080587631723,0,153,9219,8775,444
1,2026080501,253,38709,81,23158,True,0.5149470235220793,0,153,9219,8856,363
1,2026080501,254,38862,102,23260,True,0.5938441669619414,0,153,9219,8853,366
1,2026080501,255,39015,90,23350,True,0.5144482490073079,0,153,9219,9036,183
1,2026080501,256,39168,98,23448,True,0.5285009528979223,0,153,9219,8637,582
1,2026080501,257,39321,90,23538,True,0.6318508568386988,0,153,9219,8964,255
1,2026080501,258,39474,98,23636,True,0.656179395703567,0,153,9219,8763,456
1,2026080501,259,39627,95,23731,True,0.5998067584603114,0,153,9219,8829,390
1,2026080501,260,39780,93,23824,True,0.4634825749056043,0,153,9219,8922,297
1,2026080501,261,39933,96,23920,True,0.5912263126416957,0,153,9219,8682,537
1,2026080501,262,40086,103,24023,True,0.5603412668538416,0,153,9219,8976,243
1,2026080501,263,40239,99,24122,True,0.6132400574451252,0,153,9219,8703,516
1,2026080501,264,40392,91,24213,True,0.6571391514031575,0,153,9219,8691,528
1,2026080501,265,40545,86,24299,True,0.5602134289526864,0,153,9219,8775,444
1,2026080501,266,40698,95,24394,True,0.4710225305970632,0,153,9219,8793,426
1,2026080501,267,40851,96,24490,True,0.4469161257941035,0,153,9219,8877,342
1,2026080501,268,41004,88,24578,True,0.5980226735087506,0,153,9219,8988,231
1,2026080501,269,41157,91,24669,True,0.6070709796425098,0,153,9219,8304,915
1,2026080501,270,41310,102,24771,True,0.6437032290268251,0,153,9219,8424,795
1,2026080501,271,41463,98,24869,True,0.5259782753184573,0,153,9219,8859,360
1,2026080501,272,41616,98,24967,True,0.6016107843992344,0,153,9219,8742,477
1,2026080501,273,41769,88,25055,True,0.651603193025676,0,153,9219,8757,462
1,2026080501,274,41922,94,25149,True,0.637197376321889,0,153,9219,8895,324
1,2026080501,275,42075,84,25233,True,0.5925638090679893,0,153,9219,8985,234
1,2026080501,276,42228,95,25328,True,0.6745784687946534,0,153,9219,8778,441
1,2026080501,277,42381,95,25423,True,0.5844464313786772,0,153,9219,8907,312
1,2026080501,278,42534,94,25517,True,0.6686837418391033,0,153,9219,8763,456
1,2026080501,279,42687,98,25615,True,0.7001249533501978,0,153,9219,8751,468
1,2026080501,280,42840,89,25704,True,0.6850243543387982,0,153,9219,8706,513
1,2026080501,281,42993,93,25797,True,0.6300545663833975,0,153,9219,8904,315
1,2026080501,282,43146,96,25893,True,0.4838967953871296,0,153,9219,8916,303
1,2026080501,283,43299,86,25979,True,0.4590166757091489,0,153,9219,8937,282
1,2026080501,284,43452,88,26067,True,0.6075189085508673,0,153,9219,8514,705
1,2026080501,285,43605,103,26170,True,0.6404470692302211,0,153,9219,8877,342
1,2026080501,286,43758,93,26263,True,0.6095611621059566,0,153,9219,8994,225
1,2026080501,287,43911,94,26357,True,0.53654436246298,0,153,9219,8685,534
1,2026080501,288,44064,87,26444,True,0.6249692970859017,0,153,9219,8799,420
1,2026080501,289,44217,100,26544,True,0.5316659392842235,0,153,9219,8889,330
1,2026080501,290,44370,100,26644,True,0.4191190263453675,1,153,9219,8994,225
1,2026080501,291,44523,89,26733,True,0.3724213491383185,1,153,9219,8916,303
1,2026080501,292,44676,70,26803,True,0.516042374117328,0,153,9219,8823,396
1,2026080501,293,44829,88,26891,True,0.5795793527401798,0,153,9219,8910,309
1,2026080501,294,44982,99,26990,True,0.6413681019421571,0,153,9219,8766,453
1,2026080501,295,45135,86,27076,True,0.36911059265216667,1,153,9219,8895,324
1,2026080501,296,45288,91,27167,True,0.7313161304471877,1,153,9219,8670,549
1,2026080501,297,45441,85,27252,True,0.7008689566663903,0,153,9219,8769,450
1,2026080501,298,45594,105,27357,True,0.6285852990468279,0,153,9219,8925,294
1,2026080501,299,45747,89,27446,True,0.5372639381739588,0,153,9219,8916,303
1,2026080501,300,45900,93,27539,True,0.539897259506909,0,153,9219,8865,354
1,2026080501,301,46053,90,27629,True,0.6380451217178353,0,153,9219,8748,471
1,2026080501,302,46206,92,27721,True,0.6012895113960322,0,153,9219,8802,417
1,2026080501,303,46359,91,27812,True,0.5880553881787032,0,153,9219,8886,333
1,2026080501,304,46512,97,27909,True,0.5660977003322301,0,153,9219,8754,465
1,2026080501,305,46665,98,28007,True,0.6214859276497312,0,153,9219,8745,474
1,2026080501,306,46818,92,28099,True,0.44773810505765865,0,153,9219,9006,213
1,2026080501,307,46971,93,28192,True,0.468058775118728,0,153,9219,8544,675
1,2026080501,308,47124,86,28278,True,0.5415136538724223,0,153,9219,9006,213
1,2026080501,309,47277,91,28369,True,0.6347731709743243,0,153,9219,8799,420
1,2026080501,310,47430,97,28466,True,0.49123498523334824,0,153,9219,8778,441
1,2026080501,311,47583,99,28565,True,0.6483391555289119,0,153,9219,8892,327
1,2026080501,312,47736,97,28662,True,0.39478534162586576,1,153,9219,9039,180
1,2026080501,313,47889,105,28767,True,0.5318196848702074,0,153,9219,8814,405
1,2026080501,314,48042,87,28854,True,0.6097486156479318,0,153,9219,8685,534
1,2026080501,315,48195,95,28949,True,0.6079484855467688,0,153,9219,8829,390
1,2026080501,316,48348,96,29045,True,0.5992023113750342,0,153,9219,8871,348
1,2026080501,317,48501,98,29143,True,0.6471994846804352,0,153,9219,8931,288
1,2026080501,318,48654,87,29230,True,0.7308397249179284,1,153,9219,8412,807
1,2026080501,319,48807,94,29324,True,0.6407327450737175,0,153,9219,8577,642
1,2026080501,320,48960,88,29412,True,0.5190521677644546,0,153,9219,8730,489
1,2026080501,321,49113,101,29513,True,0.7050167314968138,0,153,9219,8976,243
1,2026080501,322,49266,99,29612,True,0.5948810527981194,0,153,9219,8577,642
1,2026080501,323,49419,87,29699,True,0.5281139113173366,0,153,9219,8871,348
1,2026080501,324,49572,95,29794,True,0.47237235556964713,0,153,9219,8820,399
1,2026080501,325,49725,94,29888,True,0.4810268543782735,0,153,9219,8838,381
1,2026080501,326,49878,88,29976,True,0.4279791764038253,0,153,9219,8922,297
1,2026080501,327,50031,84,30060,True,0.5455762085471538,0,153,9219,8943,276
1,2026080501,328,50184,88,30148,True,0.6971304756331423,0,153,9219,8655,564
1,2026080501,329,50337,86,30234,True,0.620543168919571,0,153,9219,8502,717
1,2026080501,330,50490,93,30327,True,0.6342271701651778,0,153,9219,8925,294
1,2026080501,331,50643,88,30415,True,0.5097245268503471,0,153,9219,8862,357
1,2026080501,332,50796,91,30506,True,0.4834423663445215,0,153,9219,8940,279
1,2026080501,333,50949,95,30601,True,0.5642811759954713,0,153,9219,8727,492
1,2026080501,334,51102,96,30697,True,0.547267374755415,0,153,9219,8940,279
1,2026080501,335,51255,82,30779,True,0.5382154744539324,0,153,9219,8805,414
1,2026080501,336,51408,100,30879,True,0.5123685965344474,0,153,9219,8787,432
1,2026080501,337,51561,97,30976,True,0.6113680281463058,0,153,9219,8862,357
1,2026080501,338,51714,87,31063,True,0.559343166668158,0,153,9219,8856,363
1,2026080501,339,51867,89,31152,True,0.4415821064879669,0,153,9219,8748,471
1,2026080501,340,52020,102,31254,True,0.6166913605018373,0,153,9219,8718,501
1,2026080501,341,52173,101,31355,True,0.6896719666094827,0,153,9219,8649,570
1,2026080501,342,52326,85,31440,True,0.6390392228391476,0,153,9219,8865,354
1,2026080501,343,52479,94,31534,True,0.6832025542942428,0,153,9219,8754,465
1,2026080501,344,52632,81,31615,True,0.5566331659843016,0,153,9219,8781,438
1,2026080501,345,52785,86,31701,True,0.5828934221112998,0,153,9219,8736,483
1,2026080501,346,52938,85,31786,True,0.39676141722000885,1,153,9219,8985,234
1,2026080501,347,53091,102,31888,True,0.370762754837221,1,153,9219,8613,606
1,2026080501,348,53244,94,31982,True,0.7165303524880071,1,153,9219,8727,492
1,2026080501,349,53397,99,32081,True,0.6274438655763513,0,153,9219,8931,288
1,2026080501,350,53550,101,32182,True,0.5850245681299734,0,153,9219,8925,294
1,2026080501,351,53703,94,32276,True,0.5653734843108943,0,153,9219,8772,447
1,2026080501,352,53856,93,32369,True,0.6898565471918073,0,153,9219,8823,396
1,2026080501,353,54009,89,32458,True,0.6666728722503751,0,153,9219,8733,486
1,2026080501,354,54162,89,32547,True,0.7100243182163931,0,153,9219,8916,303
1,2026080501,355,54315,98,32645,True,0.5780544581045964,0,153,9219,8793,426
1,2026080501,356,54468,87,32732,True,0.6280099146722604,0,153,9219,8757,462
1,2026080501,357,54621,94,32826,True,0.5591594628233201,0,153,9219,8949,270
1,2026080501,358,54774,94,32920,True,0.7213222138386878,1,153,9219,8526,693
1,2026080501,359,54927,81,33001,True,0.6455812682648242,0,153,9219,8901,318
1,2026080501,360,55080,94,33095,True,0.5129218625552388,0,153,9219,8850,369
1,2026080501,361,55233,84,33179,True,0.5490897786658078,0,153,9219,8916,303
1,2026080501,362,55386,92,33271,True,0.6283854294309791,0,153,9219,8793,426
1,2026080501,363,55539,99,33370,True,0.4799947313699633,0,153,9219,8892,327
1,2026080501,364,55692,98,33468,True,0.571120926740463,0,153,9219,8961,258
1,2026080501,365,55845,82,33550,True,0.5430111245800114,0,153,9219,8967,252
1,2026080501,366,55998,97,33647,True,0.6657765913321976,0,153,9219,8757,462
1,2026080501,367,56151,101,33748,True,0.503461327746632,0,153,9219,8850,369
1,2026080501,368,56304,85,33833,True,0.5768965306723961,0,153,9219,9006,213
1,2026080501,369,56457,99,33932,True,0.6700272818191487,0,153,9219,8733,486
1,2026080501,370,56610,100,34032,True,0.5667515349988815,0,153,9219,8595,624
1,2026080501,371,56763,88,34120,True,0.5377835460443685,0,153,9219,8766,453
1,2026080501,372,56916,100,34220,True,0.6161481444888672,0,153,9219,8931,288
1,2026080501,373,57069,98,34318,True,0.5293856262309579,0,153,9219,8682,537
1,2026080501,374,57222,91,34409,True,0.5164850412694179,0,153,9219,8703,516
1,2026080501,375,57375,89,34498,True,0.4929948341222554,0,153,9219,8862,357
1,2026080501,376,57528,103,34601,True,0.621410673970952,0,153,9219,8697,522
1,2026080501,377,57681,84,34685,True,0.5870240754530239,0,153,9219,8814,405
1,2026080501,378,57834,99,34784,True,0.5208884359000073,0,153,9219,8853,366
1,2026080501,379,57987,92,34876,True,0.568741823499016,0,153,9219,8766,453
1,2026080501,380,58140,83,34959,True,0.6221365426917426,0,153,9219,8790,429
1,2026080501,381,58293,93,35052,True,0.32996785479995727,1,153,9219,8784,435
1,2026080501,382,58446,94,35146,True,0.46271968799359686,0,153,9219,8979,240
1,2026080501,383,58599,108,35254,True,0.3304245801832863,1,153,9219,8910,309
1,2026080501,384,58752,93,35347,True,0.5012154779957702,0,153,9219,8955,264
1,2026080501,385,58905,92,35439,True,0.7227229639646429,1,153,9219,8871,348
1,2026080501,386,59058,89,35528,True,0.579798813254765,0,153,9219,8916,303
1,2026080501,387,59211,98,35626,True,0.6047234580661831,0,153,9219,8859,360
1,2026080501,388,59364,107,35733,True,0.5908372503415305,0,153,9219,8616,603
1,2026080501,389,59517,94,35827,True,0.49212017306150097,0,153,9219,8913,306
1,2026080501,390,59670,97,35924,True,0.4853560483982146,0,153,9219,8976,243
1,2026080501,391,59823,90,36014,True,0.6680104675834295,0,153,9219,8907,312
1,2026080501,392,59976,97,36111,True,0.698634493369529,0,153,9219,8865,354
1,2026080501,393,60129,98,36209,True,0.4469287130078341,0,153,9219,8997,222
1,2026080501,394,60282,84,36293,True,0.5557154689799839,0,153,9219,8820,399
1,2026080501,395,60435,88,36381,True,0.5779144532044609,0,153,9219,8868,351
1,2026080501,396,60588,100,36481,True,0.3664496717788085,1,153,9219,9051,168
1,2026080501,397,60741,98,36579,True,0.5044804872945526,0,153,9219,8757,462
1,2026080501,398,60894,97,36676,True,0.4964797231151531,0,153,9219,8877,342
1,2026080501,399,61047,95,36771,True,0.6653735607266907,0,153,9219,8847,372
1,2026080501,400,61200,100,36871,True,0.5502458734832016,0,153,9219,8553,666
1,2026080501,401,61353,91,36962,True,0.6136130829007259,0,153,9219,8781,438
1,2026080501,402,61506,91,37053,True,0.6077935942128715,0,153,9219,8736,483
1,2026080501,403,61659,79,37132,True,0.6448981815644664,0,153,9219,8817,402
1,2026080501,404,61812,91,37223,True,0.5625608899406381,0,153,9219,8832,387
1,2026080501,405,61965,94,37317,True,0.5035384708426176,0,153,9219,8736,483
1,2026080501,406,62118,93,37410,True,0.6821775631334396,0,153,9219,8658,561
1,2026080501,407,62271,95,37505,True,0.37942016632232034,1,153,9219,8832,387
1,2026080501,408,62424,91,37596,True,0.4918778704942854,0,153,9219,8997,222
1,2026080501,409,62577,85,37681,True,0.6683503272577894,0,153,9219,8772,447
1,2026080501,410,62730,98,37779,True,0.4737727589240433,0,153,9219,8853,366
1,2026080501,411,62883,85,37864,True,0.47567780915356433,0,153,9219,8907,312
1,2026080501,412,63036,96,37960,True,0.6516645521431256,0,153,9219,8898,321
1,2026080501,413,63189,88,38048,True,0.5691015821349206,0,153,9219,8670,549
1,2026080501,414,63342,88,38136,True,0.5084397856749742,0,153,9219,8838,381
1,2026080501,415,63495,92,38228,True,0.6541432897841523,0,153,9219,8817,402
1,2026080501,416,63648,84,38312,True,0.5001295822492903,0,153,9219,8955,264
1,2026080501,417,63801,99,38411,True,0.4956041543974105,0,153,9219,8862,357
1,2026080501,418,63954,91,38502,True,0.5727904822185935,0,153,9219,8841,378
1,2026080501,419,64107,86,38588,True,0.5857701597019178,0,153,9219,8871,348
1,2026080501,420,64260,91,38679,True,0.4278541188910763,0,153,9219,8787,432
1,2026080501,421,64413,95,38774,True,0.5991487177421702,0,153,9219,8775,444
1,2026080501,422,64566,82,38856,True,0.5732768296352039,0,153,9219,8931,288
1,2026080501,423,64719,97,38953,True,0.3495324003146724,1,153,9219,8850,369
1,2026080501,424,64872,105,39058,True,0.40914720747312955,1,153,9219,8949,270
1,2026080501,425,65025,93,39151,True,0.411218218846936,1,153,9219,8799,420
1,2026080501,426,65178,98,39249,True,0.5645123471807394,0,153,9219,8754,465
1,2026080501,427,65331,85,39334,True,0.6388485441366097,0,153,9219,8682,537
1,2026080501,428,65484,92,39426,True,0.47162211268228554,0,153,9219,8721,498
1,2026080501,429,65637,85,39511,True,0.2924342879494725,1,153,9219,9021,198
1,2026080501,430,65790,90,39601,True,0.4435328321185934,0,153,9219,8982,237
1,2026080501,431,65943,91,39692,True,0.48729721909999363,0,153,9219,8976,243
1,2026080501,432,66096,97,39789,True,0.5576581097972475,0,153,9219,8940,279
1,2026080501,433,66249,87,39876,True,0.664067287969592,0,153,9219,8877,342
1,2026080501,434,66402,87,39963,True,0.4394253040483622,0,153,9219,8829,390
1,2026080501,435,66555,97,40060,True,0.525104632297674,0,153,9219,8787,432
1,2026080501,436,66708,85,40145,True,0.5454189638482463,0,153,9219,8865,354
1,2026080501,437,66861,92,40237,True,0.498659081235818,0,153,9219,9015,204
1,2026080501,438,67014,99,40336,True,0.45586199761731133,0,153,9219,8727,492
1,2026080501,439,67167,93,40429,True,0.596594466479225,0,153,9219,8811,408
1,2026080501,440,67320,94,40523,True,0.6060421647646289,0,153,9219,8769,450
1,2026080501,441,67473,94,40617,True,0.6319982065341989,0,153,9219,8763,456
1,2026080501,442,67626,91,40708,True,0.5807221357133113,0,153,9219,8586,633
1,2026080501,443,67779,83,40791,True,0.6340649904677114,0,153,9219,8712,507
1,2026080501,444,67932,90,40881,True,0.5394662028113988,0,153,9219,8931,288
1,2026080501,445,68085,82,40963,True,0.5449216270108104,0,153,9219,8853,366
1,2026080501,446,68238,92,41055,True,0.5859751079405278,0,153,9219,8979,240
1,2026080501,447,68391,81,41136,True,0.661313923674265,0,153,9219,8718,501
1,2026080501,448,68544,95,41231,True,0.4784116760431385,0,153,9219,8886,333
1,2026080501,449,68697,94,41325,True,0.5881283645958876,0,153,9219,8931,288
1,2026080501,450,68850,90,41415,True,0.6668104479768678,0,153,9219,8628,591
1,2026080501,451,69003,101,41516,True,0.6273943397630907,0,153,9219,8763,456
1,2026080501,452,69156,97,41613,True,0.671732569789975,0,153,9219,8793,426
1,2026080501,453,69309,86,41699,True,0.6184978796644032,0,153,9219,8736,483
1,2026080501,454,69462,88,41787,True,0.49772699802540543,0,153,9219,8826,393
1,2026080501,455,69615,88,41875,True,0.6262348869209852,0,153,9219,8826,393
1,2026080501,456,69768,96,41971,True,0.5653231940578328,0,153,9219,8673,546
1,2026080501,457,69921,91,42062,True,0.7939315635818838,1,153,9219,8643,576
1,2026080501,458,70074,89,42151,True,0.7196644672093486,1,153,9219,8634,585
1,2026080501,459,70227,93,42244,True,0.3205812800264535,1,153,9219,8937,282
1,2026080501,460,70380,93,42337,True,0.48428626078234943,0,153,9219,8886,333
1,2026080501,461,70533,96,42433,True,0.5694955586738596,0,153,9219,8952,267
1,2026080501,462,70686,99,42532,True,0.4935786327694341,0,153,9219,8883,336
1,2026080501,463,70839,96,42628,True,0.5442239857962397,0,153,9219,8718,501
1,2026080501,464,70992,89,42717,True,0.6097043572015612,0,153,9219,8859,360
1,2026080501,465,71145,101,42818,True,0.7025585776871068,0,153,9219,8730,489
1,2026080501,466,71298,84,42902,True,0.5312607539894686,0,153,9219,8757,462
1,2026080501,467,71451,91,42993,True,0.5750647020105225,0,153,9219,8847,372
1,2026080501,468,71604,91,43084,True,0.4885731090413178,0,153,9219,9018,201
1,2026080501,469,71757,89,43173,True,0.7084519535664273,0,153,9219,8889,330
1,2026080501,470,71910,85,43258,True,0.6767857113189322,0,153,9219,8874,345
1,2026080501,471,72063,98,43356,True,0.5205902859289925,0,153,9219,8784,435
1,2026080501,472,72216,96,43452,True,0.5888329792603157,0,153,9219,8523,696
1,2026080501,473,72369,94,43546,True,0.5030616953986055,0,153,9219,8967,252
1,2026080501,474,72522,76,43622,True,0.6271654656832893,0,153,9219,8877,342
1,2026080501,475,72675,85,43707,True,0.6451332435212368,0,153,9219,8679,540
1,2026080501,476,72828,84,43791,True,0.5080856727349664,0,153,9219,8664,555
1,2026080501,477,72981,101,43892,True,0.5789349693075784,0,153,9219,8685,534
1,2026080501,478,73134,97,43989,True,0.6902179111796309,0,153,9219,8733,486
1,2026080501,479,73287,92,44081,True,0.6194015402715672,0,153,9219,8601,618
1,2026080501,480,73440,99,44180,True,0.591615201761788,0,153,9219,8904,315
1,2026080501,481,73593,100,44280,True,0.544583699229633,0,153,9219,8883,336
1,2026080501,482,73746,95,44375,True,0.5593926888710203,0,153,9219,8685,534
1,2026080501,483,73899,105,44480,True,0.5563860073657779,0,153,9219,8883,336
1,2026080501,484,74052,90,44570,True,0.6640219276833037,0,153,9219,8811,408
1,2026080501,485,74205,89,44659,True,0.5447025966156089,0,153,9219,8775,444
1,2026080501,486,74358,85,44744,True,0.6108993352535678,0,153,9219,8880,339
1,2026080501,487,74511,87,44831,True,0.4724751902054303,0,153,9219,8811,408
1,2026080501,488,74664,83,44914,True,0.4906700904966297,0,153,9219,8892,327
1,2026080501,489,74817,96,45010,True,0.5666270400412844,0,153,9219,8727,492
1,2026080501,490,74970,93,45103,True,0.5015352927995944,0,153,9219,8841,378
1,2026080501,491,75123,96,45199,True,0.6924306445210204,0,153,9219,8901,318
1,2026080501,492,75276,89,45288,True,0.48296578605316187,0,153,9219,8901,318
1,2026080501,493,75429,99,45387,True,0.37223566320003854,1,153,9219,8829,390
1,2026080501,494,75582,93,45480,True,0.30063546531880514,1,153,9219,9033,186
1,2026080501,495,75735,107,45587,True,0.5783945957667138,0,153,9219,8607,612
1,2026080501,496,75888,89,45676,True,0.467119231987812,0,153,9219,8796,423
1,2026080501,497,76041,92,45768,True,0.41244853291548517,1,153,9219,8820,399
1,2026080501,498,76194,90,45858,True,0.5976124324816006,0,153,9219,8793,426
1,2026080501,499,76347,93,45951,True,0.48097866593263405,0,153,9219,8904,315
1,2026080501,500,76500,94,46045,True,0.5694712404827315,0,153,9219,8967,252
1,2026080501,501,76653,91,46136,True,0.6496145728332228,0,153,9219,8958,261
1,2026080501,502,76806,105,46241,True,0.491974651793089,0,153,9219,8811,408
1,2026080501,503,76959,96,46337,True,0.6298766729599389,0,153,9219,8952,267
1,2026080501,504,77112,98,46435,True,0.5461926189138495,0,153,9219,8916,303
1,2026080501,505,77265,103,46538,True,0.4861459818476903,0,153,9219,8985,234
1,2026080501,506,77418,90,46628,True,0.5364581898094681,0,153,9219,8982,237
1,2026080501,507,77571,86,46714,True,0.644983753722004,0,153,9219,8844,375
1,2026080501,508,77724,91,46805,True,0.5777182219798672,0,153,9219,8769,450
1,2026080501,509,77877,87,46892,True,0.4832933062939474,0,153,9219,8760,459
1,2026080501,510,78030,82,46974,True,0.5451871833592561,0,153,9219,8892,327
1,2026080501,511,78183,92,47066,True,0.6038843715038257,0,153,9219,8829,390
1,2026080501,512,78336,94,47160,True,0.6196002179614521,0,153,9219,8742,477
1,2026080501,513,78489,93,47253,True,0.7538098585842764,1,153,9219,8589,630
1,2026080501,514,78642,91,47344,True,0.7340484622797978,1,153,9219,8637,582
1,2026080501,515,78795,83,47427,True,0.5776343967035347,0,153,9219,8904,315
1,2026080501,516,78948,88,47515,True,0.5455086474265706,0,153,9219,8886,333
1,2026080501,517,79101,72,47587,True,0.5698706308230529,0,153,9219,8865,354
1,2026080501,518,79254,87,47674,True,0.629112465926999,0,153,9219,8904,315
1,2026080501,519,79407,92,47766,True,0.6671915289365793,0,153,9219,8928,291
1,2026080501,520,79560,87,47853,True,0.6003600244811027,0,153,9219,8664,555
1,2026080501,521,79713,88,47941,True,0.5356927968744674,0,153,9219,8922,297
1,2026080501,522,79866,86,48027,True,0.6287006706314923,0,153,9219,8865,354
1,2026080501,523,80019,96,48123,True,0.6222383408506753,0,153,9219,8844,375
1,2026080501,524,80172,99,48222,True,0.532198851262764,0,153,9219,8880,339
1,2026080501,525,80325,98,48320,True,0.5749172183542597,0,153,9219,8847,372
1,2026080501,526,80478,87,48407,True,0.6274968601431156,0,153,9219,8796,423
1,2026080501,527,80631,93,48500,True,0.7325501630755274,1,153,9219,8649,570
1,2026080501,528,80784,85,48585,True,0.5861964143488443,0,153,9219,8802,417
1,2026080501,529,80937,93,48678,True,0.6252302927199652,0,153,9219,8823,396
1,2026080501,530,81090,91,48769,True,0.4836902327363726,0,153,9219,8871,348
1,2026080501,531,81243,96,48865,True,0.6544554657341164,0,153,9219,8922,297
1,2026080501,532,81396,94,48959,True,0.41822445871861763,1,153,9219,8721,498
1,2026080501,533,81549,85,49044,True,0.5446549409067774,0,153,9219,8724,495
1,2026080501,534,81702,88,49132,True,0.39121711436944884,1,153,9219,8997,222
1,2026080501,535,81855,94,49226,True,0.6557471430955301,0,153,9219,8961,258
1,2026080501,536,82008,94,49320,True,0.6561956312993651,0,153,9219,8922,297
1,2026080501,537,82161,90,49410,True,0.5138961621630065,0,153,9219,8652,567
1,2026080501,538,82314,99,49509,True,0.3857288326428042,1,153,9219,8739,480
1,2026080501,539,82467,99,49608,True,0.6572217367656914,0,153,9219,8829,390
1,2026080501,540,82620,95,49703,True,0.4628402223532063,0,153,9219,8613,606
1,2026080501,541,82773,93,49796,True,0.5791243730022687,0,153,9219,8754,465
1,2026080501,542,82926,95,49891,True,0.6607664304057365,0,153,9219,8775,444
1,2026080501,543,83079,94,49985,True,0.5878879196302981,0,153,9219,8904,315
1,2026080501,544,83232,88,50073,True,0.389894783301913,1,153,9219,9003,216
1,2026080501,545,83385,94,50167,True,0.4299281912016423,0,153,9219,8889,330
1,2026080501,546,83538,90,50257,True,0.6155464721224821,0,153,9219,8817,402
1,2026080501,547,83691,86,50343,True,0.4440323442971048,0,153,9219,8925,294
1,2026080501,548,83844,94,50437,True,0.41709159859665457,1,153,9219,8655,564
1,2026080501,549,83997,97,50534,True,0.4466470776436101,0,153,9219,8805,414
1,2026080501,550,84150,96,50630,True,0.49752868071098333,0,153,9219,8883,336
1,2026080501,551,84303,80,50710,True,0.45940997302430003,0,153,9219,8700,519
1,2026080501,552,84456,90,50800,True,0.4652791121564174,0,153,9219,8829,390
1,2026080501,553,84609,99,50899,True,0.4122362500652213,1,153,9219,8955,264
1,2026080501,554,84762,94,50993,True,0.5624078654800851,0,153,9219,8832,387
1,2026080501,555,84915,88,51081,True,0.46807091051408306,0,153,9219,8637,582
1,2026080501,556,85068,91,51172,True,0.5074994004141284,0,153,9219,8541,678
1,2026080501,557,85221,92,51264,True,0.5726035530371661,0,153,9219,8928,291
1,2026080501,558,85374,86,51350,True,0.6120199148949255,0,153,9219,8670,549
1,2026080501,559,85527,93,51443,True,0.5572666615532705,0,153,9219,8922,297
1,2026080501,560,85680,95,51538,True,0.5591952807397729,0,153,9219,8598,621
1,2026080501,561,85833,87,51625,True,0.6770512563272969,0,153,9219,8790,429
1,2026080501,562,85986,94,51719,True,0.5959527053038143,0,153,9219,8661,558
1,2026080501,563,86139,98,51817,True,0.5013818097094865,0,153,9219,8874,345
1,2026080501,564,86292,87,51904,True,0.5306042445797301,0,153,9219,8931,288
1,2026080501,565,86445,91,51995,True,0.7040474945633154,0,153,9219,8691,528
1,2026080501,566,86598,91,52086,True,0.6388946269746221,0,153,9219,8772,447
1,2026080501,567,86751,86,52172,True,0.5163632938059389,0,153,9219,8718,501
1,2026080501,568,86904,102,52274,True,0.5638825475228234,0,153,9219,8694,525
1,2026080501,569,87057,80,52354,True,0.39553689593709007,1,153,9219,8976,243
1,2026080501,570,87210,83,52437,True,0.588766584502074,0,153,9219,8949,270
1,2026080501,571,87363,88,52525,True,0.6352022193543552,0,153,9219,8724,495
1,2026080501,572,87516,94,52619,True,0.6382306793922042,0,153,9219,8754,465
1,2026080501,573,87669,96,52715,True,0.5084289270295135,0,153,9219,8931,288
1,2026080501,574,87822,89,52804,True,0.5983741949306843,0,153,9219,8742,477
1,2026080501,575,87975,90,52894,True,0.6865738092109482,0,153,9219,8955,264
1,2026080501,576,88128,91,52985,True,0.5947196059535221,0,153,9219,8991,228
1,2026080501,577,88281,88,53073,True,0.6852010411812323,0,153,9219,8835,384
1,2026080501,578,88434,89,53162,True,0.5335804867384195,0,153,9219,8781,438
1,2026080501,579,88587,91,53253,True,0.5291681142913467,0,153,9219,8790,429
1,2026080501,580,88740,91,53344,True,0.4099197861133537,1,153,9219,9021,198
1,2026080501,581,88893,96,53440,True,0.5789128396118746,0,153,9219,8565,654
1,2026080501,582,89046,89,53529,True,0.6028607868950796,0,153,9219,8967,252
1,2026080501,583,89199,100,53629,True,0.46228457005147244,0,153,9219,8970,249
1,2026080501,584,89352,101,53730,True,0.5917923225114965,0,153,9219,8823,396
1,2026080501,585,89505,82,53812,True,0.6913759253018249,0,153,9219,8901,318
1,2026080501,586,89658,104,53916,True,0.6504091821434899,0,153,9219,8766,453
1,2026080501,587,89811,93,54009,True,0.4959043510268538,0,153,9219,8904,315
1,2026080501,588,89964,91,54100,True,0.5112065893733047,0,153,9219,8880,339
1,2026080501,589,90117,99,54199,True,0.36193784640113963,1,153,9219,8931,288
1,2026080501,590,90270,97,54296,True,0.5319536253283731,0,153,9219,8889,330
1,2026080501,591,90423,97,54393,True,0.6409706709348333,0,153,9219,8844,375
1,2026080501,592,90576,88,54481,True,0.6031907629485225,0,153,9219,8802,417
1,2026080501,593,90729,92,54573,True,0.455566297320057,0,153,9219,8820,399
1,2026080501,594,90882,95,54668,True,0.5861704827332282,0,153,9219,8889,330
1,2026080501,595,91035,96,54764,True,0.5482306581216403,0,153,9219,8958,261
1,2026080501,596,91188,99,54863,True,0.5945396659423777,0,153,9219,8814,405
1,2026080501,597,91341,100,54963,True,0.6769108080153368,0,153,9219,8979,240
1,2026080501,598,91494,106,55069,True,0.35353646960845464,1,153,9219,8706,513
1,2026080501,599,91647,98,55167,True,0.4066552882533565,1,153,9219,8724,495
1,2026080501,600,91800,93,55260,True,0.5854439725605681,0,153,9219,8898,321
1,2026080501,601,91953,88,55348,True,0.5761023682574896,0,153,9219,8682,537
1,2026080501,602,92106,91,55439,True,0.516584586037792,0,153,9219,8877,342
1,2026080501,603,92259,94,55533,True,0.41089922262280554,1,153,9219,8871,348
1,2026080501,604,92412,98,55631,True,0.53635821119596,0,153,9219,8646,573
1,2026080501,605,92565,91,55722,True,0.25928260594457625,1,153,9219,8817,402
1,2026080501,606,92718,94,55816,True,0.5762548968600789,0,153,9219,8823,396
1,2026080501,607,92871,87,55903,True,0.5444974218426799,0,153,9219,8970,249
1,2026080501,608,93024,94,55997,True,0.7146167010781959,0,153,9219,8841,378
1,2026080501,609,93177,83,56080,True,0.737159332978482,1,153,9219,8913,306
1,2026080501,610,93330,90,56170,True,0.5933729904908052,0,153,9219,8829,390
1,2026080501,611,93483,95,56265,True,0.5810577587673856,0,153,9219,8796,423
1,2026080501,612,93636,94,56359,True,0.6434339187370115,0,153,9219,8838,381
1,2026080501,613,93789,90,56449,True,0.5516697548777458,0,153,9219,8829,390
1,2026080501,614,93942,86,56535,True,0.6678456960373192,0,153,9219,8730,489
1,2026080501,615,94095,101,56636,True,0.5393440407394825,0,153,9219,8829,390
1,2026080501,616,94248,93,56729,True,0.5638708373862896,0,153,9219,8904,315
1,2026080501,617,94401,100,56829,True,0.5631425529063545,0,153,9219,8574,645
1,2026080501,618,94554,92,56921,True,0.6106428754854151,0,153,9219,8898,321
1,2026080501,619,94707,84,57005,True,0.675075099692947,0,153,9219,8679,540
1,2026080501,620,94860,97,57102,True,0.4136216771436084,1,153,9219,8910,309
1,2026080501,621,95013,103,57205,True,0.46606579627150924,0,153,9219,8946,273
1,2026080501,622,95166,95,57300,True,0.4872191068708905,0,153,9219,8778,441
1,2026080501,623,95319,92,57392,True,0.6255004324658614,0,153,9219,8913,306
1,2026080501,624,95472,91,57483,True,0.5983929001412094,0,153,9219,8832,387
1,2026080501,625,95625,94,57577,True,0.6083766038104429,0,153,9219,8655,564
1,2026080501,626,95778,93,57670,True,0.5345113508830498,0,153,9219,8892,327
1,2026080501,627,95931,95,57765,True,0.5633013027016603,0,153,9219,8544,675
1,2026080501,628,96084,87,57852,True,0.5065575735884158,0,153,9219,8934,285
1,2026080501,629,96237,96,57948,True,0.5203797013921008,0,153,9219,8721,498
1,2026080501,630,96390,102,58050,True,0.647102744384729,0,153,9219,8901,318
1,2026080501,631,96543,101,58151,True,0.5689167209394224,0,153,9219,8811,408
1,2026080501,632,96696,94,58245,True,0.6876205257864557,0,153,9219,8997,222
1,2026080501,633,96849,93,58338,True,0.432759340082118,0,153,9219,8862,357
1,2026080501,634,97002,97,58435,True,0.5029289030461026,0,153,9219,8934,285
1,2026080501,635,97155,85,58520,True,0.4624596196339009,0,153,9219,8925,294
1,2026080501,636,97308,95,58615,True,0.3895959594184516,1,153,9219,9033,186
1,2026080501,637,97461,95,58710,True,0.6733158717922235,0,153,9219,9027,192
1,2026080501,638,97614,89,58799,True,0.5542485238991834,0,153,9219,8745,474
1,2026080501,639,97767,95,58894,True,0.5419371651010579,0,153,9219,8835,384
1,2026080501,640,97920,88,58982,True,0.6487347331351171,0,153,9219,8784,435
1,2026080501,641,98073,92,59074,True,0.7183148363117415,1,153,9219,8835,384
1,2026080501,642,98226,93,59167,True,0.6015772097268437,0,153,9219,8748,471
1,2026080501,643,98379,77,59244,True,0.602414576449329,0,153,9219,8847,372
1,2026080501,644,98532,85,59329,True,0.6241152543773885,0,153,9219,8643,576
1,2026080501,645,98685,103,59432,True,0.6143105429447425,0,153,9219,8763,456
1,2026080501,646,98838,98,59530,True,0.5059507106932678,0,153,9219,8895,324
1,2026080501,647,98991,97,59627,True,0.4567914249910942,0,153,9219,8781,438
1,2026080501,648,99144,88,59715,True,0.6374935677896644,0,153,9219,8823,396
1,2026080501,649,99297,98,59813,True,0.6026446623229372,0,153,9219,8913,306
1,2026080501,650,99450,94,59907,True,0.7893820696227115,1,153,9219,8751,468
1,2026080501,651,99603,97,60004,True,0.5943720589283096,0,153,9219,8847,372
1,2026080501,652,99756,99,60103,True,0.5965213890626218,0,153,9219,8757,462
1,2026080501,653,99909,99,60202,True,0.6478274737273149,0,153,9219,8667,552
1,2026080501,654,100062,89,60291,True,0.6818147638692801,0,153,9219,8871,348
1,2026080501,655,100215,91,60382,True,0.6108084768306354,0,153,9219,8559,660
1,2026080501,656,100368,104,60486,True,0.47176085301398857,0,153,9219,8730,489
1,2026080501,657,100521,88,60574,True,0.6086667474248222,0,153,9219,8499,720
1,2026080501,658,100674,91,60665,True,0.5831825271687748,0,153,9219,8853,366
1,2026080501,659,100827,86,60751,True,0.4924720534654043,0,153,9219,8895,324
1,2026080501,660,100980,97,60848,True,0.6500463327999892,0,153,9219,8841,378
1,2026080501,661,101133,82,60930,True,0.5877462301398825,0,153,9219,8733,486
1,2026080501,662,101286,100,61030,True,0.6647255421890336,0,153,9219,8781,438
1,2026080501,663,101439,103,61133,True,0.6802737685242044,0,153,9219,8850,369
1,2026080501,664,101592,93,61226,True,0.6289970737172627,0,153,9219,8934,285
1,2026080501,665,101745,89,61315,True,0.5598339905956392,0,153,9219,8460,759
1,2026080501,666,101898,90,61405,True,0.6425388152281746,0,153,9219,8445,774
1,2026080501,667,102051,86,61491,True,0.6417696015970702,0,153,9219,8856,363
1,2026080501,668,102204,89,61580,True,0.6624284875155528,0,153,9219,8826,393
1,2026080501,669,102357,88,61668,True,0.4929748611281697,0,153,9219,8820,399
1,2026080501,670,102510,87,61755,True,0.5965468612913868,0,153,9219,8523,696
1,2026080501,671,102663,101,61856,True,0.5668984955436422,0,153,9219,8805,414
1,2026080501,672,102816,99,61955,True,0.6278281909903272,0,153,9219,8823,396
1,2026080501,673,102969,92,62047,True,0.647099767702865,0,153,9219,8889,330
1,2026080501,674,103122,85,62132,True,0.6051439582017144,0,153,9219,8844,375
1,2026080501,675,103275,93,62225,True,0.6482645749133227,0,153,9219,8862,357
1,2026080501,676,103428,97,62322,True,0.6403262792806171,0,153,9219,9003,216
1,2026080501,677,103581,90,62412,True,0.6564958550568547,0,153,9219,8919,300
1,2026080501,678,103734,88,62500,True,0.5208446319729708,0,153,9219,8952,267
1,2026080501,679,103887,102,62602,True,0.5322526766432636,0,153,9219,8793,426
1,2026080501,680,104040,88,62690,True,0.6404035681509482,0,153,9219,8853,366
1,2026080501,681,104193,93,62783,True,0.7590470078061734,1,153,9219,8700,519
1,2026080501,682,104346,100,62883,True,0.6805254701867356,0,153,9219,8847,372
1,2026080501,683,104499,102,62985,True,0.5616415400827154,0,153,9219,8892,327
1,2026080501,684,104652,91,63076,True,0.6117743679810054,0,153,9219,8904,315
1,2026080501,685,104805,86,63162,True,0.6605855223400864,0,153,9219,8799,420
1,2026080501,686,104958,89,63251,True,0.6967969812211516,0,153,9219,8661,558
1,2026080501,687,105111,95,63346,True,0.6989510021634036,0,153,9219,8835,384
1,2026080501,688,105264,87,63433,True,0.568441203488007,0,153,9219,8880,339
1,2026080501,689,105417,89,63522,True,0.6526653730591351,0,153,9219,8514,705
1,2026080501,690,105570,95,63617,True,0.5385252769636912,0,153,9219,8778,441
1,2026080501,691,105723,88,63705,True,0.4942177998680597,0,153,9219,8610,609
1,2026080501,692,105876,90,63795,True,0.5892244098528151,0,153,9219,8757,462
1,2026080501,693,106029,97,63892,True,0.6108096442383468,0,153,9219,8832,387
1,2026080501,694,106182,91,63983,True,0.7029497840317734,0,153,9219,8691,528
1,2026080501,695,106335,87,64070,True,0.6620461134447579,0,153,9219,8544,675
1,2026080501,696,106488,85,64155,True,0.510576339278485,0,153,9219,8958,261
1,2026080501,697,106641,93,64248,True,0.558332222607324,0,153,9219,8904,315
1,2026080501,698,106794,97,64345,True,0.7370831235390595,1,153,9219,8946,273
1,2026080501,699,106947,96,64441,True,0.5682406084187943,0,153,9219,8844,375
1,2026080501,700,107100,86,64527,True,0.6482811487916412,0,153,9219,8919,300
1,2026080501,701,107253,90,64617,True,0.4153036058468141,1,153,9219,8832,387
1,2026080501,702,107406,98,64715,True,0.6303201227318433,0,153,9219,8721,498
1,2026080501,703,107559,98,64813,True,0.6494511005633931,0,153,9219,8739,480
1,2026080501,704,107712,100,64913,True,0.5536392136897843,0,153,9219,8856,363
1,2026080501,705,107865,90,65003,True,0.7067188716459444,0,153,9219,8682,537
1,2026080501,706,108018,94,65097,True,0.7606419007316265,1,153,9219,8580,639
1,2026080501,707,108171,90,65187,True,0.4518844029785664,0,153,9219,8811,408
1,2026080501,708,108324,95,65282,True,0.462795961071543,0,153,9219,8643,576
1,2026080501,709,108477,88,65370,True,0.7199300178875723,1,153,9219,8805,414
1,2026080501,710,108630,85,65455,True,0.7346173785839368,1,153,9219,8811,408
1,2026080501,711,108783,98,65553,True,0.509215554717085,0,153,9219,8868,351
1,2026080501,712,108936,88,65641,True,0.5819636988139796,0,153,9219,8937,282
1,2026080501,713,109089,95,65736,True,0.4462231841717828,0,153,9219,8958,261
1,2026080501,714,109242,89,65825,True,0.5603340602751428,0,153,9219,8979,240
1,2026080501,715,109395,96,65921,True,0.484615340406793,0,153,9219,8772,447
1,2026080501,716,109548,105,66026,True,0.49829520819643325,0,153,9219,8892,327
1,2026080501,717,109701,94,66120,True,0.4980190300487412,0,153,9219,8919,300
1,2026080501,718,109854,89,66209,True,0.42409348846796496,1,153,9219,9024,195
1,2026080501,719,110007,96,66305,True,0.640859097203029,0,153,9219,8877,342
1,2026080501,720,110160,93,66398,True,0.6589640080120532,0,153,9219,8820,399
1,2026080501,721,110313,94,66492,True,0.668099001491197,0,153,9219,8832,387
1,2026080501,722,110466,107,66599,True,0.5078665565157211,0,153,9219,8895,324
1,2026080501,723,110619,99,66698,True,0.6760824382235571,0,153,9219,8655,564
1,2026080501,724,110772,89,66787,True,0.659126968262677,0,153,9219,8658,561
1,2026080501,725,110925,91,66878,True,0.35992505646027356,1,153,9219,8823,396
1,2026080501,726,111078,89,66967,True,0.408048767182758,1,153,9219,9009,210
1,2026080501,727,111231,93,67060,True,0.6462618339036874,0,153,9219,8754,465
1,2026080501,728,111384,94,67154,True,0.5247284194373799,0,153,9219,8859,360
1,2026080501,729,111537,93,67247,True,0.5559573158122731,0,153,9219,8994,225
1,2026080501,730,111690,93,67340,True,0.5050342578387426,0,153,9219,8889,330
1,2026080501,731,111843,88,67428,True,0.6229951934538797,0,153,9219,8823,396
1,2026080501,732,111996,97,67525,True,0.36565677003769675,1,153,9219,8916,303
1,2026080501,733,112149,87,67612,True,0.6052250478037139,0,153,9219,8787,432
1,2026080501,734,112302,91,67703,True,0.3983294043289357,1,153,9219,9018,201
1,2026080501,735,112455,88,67791,True,0.6246679580546707,0,153,9219,8751,468
1,2026080501,736,112608,101,67892,True,0.567578219061364,0,153,9219,8772,447
1,2026080501,737,112761,89,67981,True,0.5550096253605119,0,153,9219,8685,534
1,2026080501,738,112914,100,68081,True,0.6921579226508024,0,153,9219,8811,408
1,2026080501,739,113067,97,68178,True,0.6788497736887635,0,153,9219,8718,501
1,2026080501,740,113220,87,68265,True,0.5462389429789063,0,153,9219,8889,330
1,2026080501,741,113373,89,68354,True,0.5603884826523882,0,153,9219,8892,327
1,2026080501,742,113526,84,68438,True,0.5174143509782351,0,153,9219,8862,357
1,2026080501,743,113679,91,68529,True,0.5826721346043292,0,153,9219,8901,318
1,2026080501,744,113832,97,68626,True,0.580813319545776,0,153,9219,8808,411
1,2026080501,745,113985,86,68712,True,0.40327194988138515,1,153,9219,8715,504
1,2026080501,746,114138,95,68807,True,0.5768625354477921,0,153,9219,8799,420
1,2026080501,747,114291,96,68903,True,0.5532305796326594,0,153,9219,8814,405
1,2026080501,748,114444,100,69003,True,0.44141489431317377,0,153,9219,8841,378
1,2026080501,749,114597,87,69090,True,0.5744544507490442,0,153,9219,8859,360
1,2026080501,750,114750,87,69177,True,0.5776884541500226,0,153,9219,8826,393
1,2026080501,751,114903,98,69275,True,0.6081004462284243,0,153,9219,8793,426
1,2026080501,752,115056,95,69370,True,0.5405947931938494,0,153,9219,8883,336
1,2026080501,753,115209,95,69465,True,0.41449362930666095,1,153,9219,9021,198
1,2026080501,754,115362,92,69557,True,0.45137084640492425,0,153,9219,8976,243
1,2026080501,755,115515,91,69648,True,0.5999989464001284,0,153,9219,8946,273
1,2026080501,756,115668,89,69737,True,0.7282619715680655,1,153,9219,8946,273
1,2026080501,757,115821,93,69830,True,0.611010516542016,0,153,9219,8793,426
1,2026080501,758,115974,97,69927,True,0.588645848881025,0,153,9219,8829,390
1,2026080501,759,116127,93,70020,True,0.6224330496677234,0,153,9219,8775,444
1,2026080501,760,116280,95,70115,True,0.5555185648941732,0,153,9219,8757,462
1,2026080501,761,116433,96,70211,True,0.5839901998602353,0,153,9219,8826,393
1,2026080501,762,116586,77,70288,True,0.525738452874701,0,153,9219,8802,417
1,2026080501,763,116739,94,70382,True,0.543099656596736,0,153,9219,8883,336
1,2026080501,764,116892,91,70473,True,0.5113072088830775,0,153,9219,8811,408
1,2026080501,765,117045,93,70566,True,0.5504893157310524,0,153,9219,8850,369
1,2026080501,766,117198,83,70649,True,0.6289851878560414,0,153,9219,8535,684
1,2026080501,767,117351,109,70758,True,0.4957937025483347,0,153,9219,8868,351
1,2026080501,768,117504,98,70856,True,0.5254144546532105,0,153,9219,8886,333
1,2026080501,769,117657,107,70963,True,0.7484668831586521,1,153,9219,8790,429
1,2026080501,770,117810,96,71059,True,0.5652326607778728,0,153,9219,8166,1053
1,2026080501,771,117963,92,71151,True,0.45181748502665814,0,153,9219,8862,357
1,2026080501,772,118116,84,71235,True,0.6220480524961234,0,153,9219,8583,636
1,2026080501,773,118269,84,71319,True,0.6414871871380933,0,153,9219,8847,372
1,2026080501,774,118422,93,71412,True,0.5318447307595533,0,153,9219,8913,306
1,2026080501,775,118575,92,71504,True,0.608683960246876,0,153,9219,8778,441
1,2026080501,776,118728,89,71593,True,0.5685647556834809,0,153,9219,8682,537
1,2026080501,777,118881,84,71677,True,0.6384247267115472,0,153,9219,8898,321
1,2026080501,778,119034,87,71764,True,0.6362046612179217,0,153,9219,8811,408
1,2026080501,779,119187,89,71853,True,0.6226057796193041,0,153,9219,8952,267
1,2026080501,780,119340,87,71940,True,0.5431407194235425,0,153,9219,8802,417
1,2026080501,781,119493,90,72030,True,0.6927700068308869,0,153,9219,8706,513
1,2026080501,782,119646,89,72119,True,0.6459908266334712,0,153,9219,8703,516
1,2026080501,783,119799,100,72219,True,0.49422590914491754,0,153,9219,8874,345
1,2026080501,784,119952,87,72306,True,0.6196401470845043,0,153,9219,8856,363
1,2026080501,785,120105,98,72404,True,0.6556608842239492,0,153,9219,8742,477
1,2026080501,786,120258,98,72502,True,0.46155442486550613,0,153,9219,8871,348
1,2026080501,787,120411,92,72594,True,0.5907239039400457,0,153,9219,8613,606
1,2026080501,788,120564,93,72687,True,0.5205691286436043,0,153,9219,8964,255
1,2026080501,789,120717,96,72783,True,0.49000738899223906,0,153,9219,8916,303
1,2026080501,790,120870,92,72875,True,0.5775901335313735,0,153,9219,8703,516
1,2026080501,791,121023,91,72966,True,0.6060438465447552,0,153,9219,9012,207
1,2026080501,792,121176,81,73047,True,0.5518407528846824,0,153,9219,8946,273
1,2026080501,793,121329,100,73147,True,0.7218632089794912,1,153,9219,8739,480
1,2026080501,794,121482,101,73248,True,0.557715969230999,0,153,9219,8961,258
1,2026080501,795,121635,105,73353,True,0.42675816458312316,0,153,9219,8703,516
1,2026080501,796,121788,94,73447,True,0.472927932037875,0,153,9219,8889,330
1,2026080501,797,121941,95,73542,True,0.6623018581083708,0,153,9219,8988,231
1,2026080501,798,122094,90,73632,True,0.6141515137365167,0,153,9219,8796,423
1,2026080501,799,122247,85,73717,True,0.5377524415683542,0,153,9219,8691,528
1,2026080501,800,122400,88,73805,True,0.6390561913804421,0,153,9219,8787,432
1,2026080501,801,122553,95,73900,True,0.5530726986803088,0,153,9219,8682,537
1,2026080501,802,122706,78,73978,True,0.5855710009456443,0,153,9219,8733,486
1,2026080501,803,122859,95,74073,True,0.5537807733495534,0,153,9219,8811,408
1,2026080501,804,123012,93,74166,True,0.5294082316765019,0,153,9219,8955,264
1,2026080501,805,123165,87,74253,True,0.6034381475797197,0,153,9219,8622,597
1,2026080501,806,123318,98,74351,True,0.5463845971577342,0,153,9219,8976,243
1,2026080501,807,123471,96,74447,True,0.5857095402505479,0,153,9219,8979,240
1,2026080501,808,123624,94,74541,True,0.6198352017548783,0,153,9219,8793,426
1,2026080501,809,123777,106,74647,True,0.5184766288321534,0,153,9219,8970,249
1,2026080501,810,123930,85,74732,True,0.4854756832435951,0,153,9219,8892,327
1,2026080501,811,124083,96,74828,True,0.62590428238742,0,153,9219,8841,378
1,2026080501,812,124236,100,74928,True,0.5964898682126485,0,153,9219,8922,297
1,2026080501,813,124389,86,75014,True,0.6458138004075585,0,153,9219,9027,192
1,2026080501,814,124542,86,75100,True,0.554071490113701,0,153,9219,8874,345
1,2026080501,815,124695,94,75194,True,0.7050963645150438,0,153,9219,8928,291
1,2026080501,816,124848,81,75275,True,0.5918302356388118,0,153,9219,8964,255
1,2026080501,817,125001,97,75372,True,0.621419577074884,0,153,9219,8727,492
1,2026080501,818,125154,93,75465,True,0.6522588533869054,0,153,9219,8844,375
1,2026080501,819,125307,98,75563,True,0.623300678951892,0,153,9219,8907,312
1,2026080501,820,125460,97,75660,True,0.5294657260211556,0,153,9219,8829,390
1,2026080501,821,125613,81,75741,True,0.55171401237914,0,153,9219,8700,519
1,2026080501,822,125766,86,75827,True,0.5087182556031484,0,153,9219,8949,270
1,2026080501,823,125919,89,75916,True,0.6327052399303855,0,153,9219,8985,234
1,2026080501,824,126072,90,76006,True,0.36056204114984236,1,153,9219,8859,360
1,2026080501,825,126225,104,76110,True,0.5603304640400665,0,153,9219,8766,453
1,2026080501,826,126378,83,76193,True,0.5480223345276982,0,153,9219,8931,288
1,2026080501,827,126531,86,76279,True,0.4560629430724659,0,153,9219,8799,420
1,2026080501,828,126684,90,76369,True,0.47954885618110493,0,153,9219,8760,459
1,2026080501,829,126837,93,76462,True,0.3693807821078462,1,153,9219,8946,273
1,2026080501,830,126990,88,76550,True,0.5785098836790211,0,153,9219,8748,471
1,2026080501,831,127143,94,76644,True,0.4232142126060354,1,153,9219,8802,417
1,2026080501,832,127296,93,76737,True,0.560987786091782,0,153,9219,8865,354
1,2026080501,833,127449,99,76836,True,0.42193378790405656,1,153,9219,8829,390
1,2026080501,834,127602,97,76933,True,0.5633451229279166,0,153,9219,8880,339
1,2026080501,835,127755,83,77016,True,0.5717550269741531,0,153,9219,8931,288
1,2026080501,836,127908,103,77119,True,0.6404197189827665,0,153,9219,8847,372
1,2026080501,837,128061,93,77212,True,0.3765527946567131,1,153,9219,8859,360
1,2026080501,838,128214,95,77307,True,0.5111177647837833,0,153,9219,8934,285
1,2026080501,839,128367,87,77394,True,0.5921179557061613,0,153,9219,8865,354
1,2026080501,840,128520,86,77480,True,0.7457707452186609,1,153,9219,8748,471
1,2026080501,841,128673,95,77575,True,0.6623940376057758,0,153,9219,8661,558
1,2026080501,842,128826,100,77675,True,0.6732140940989069,0,153,9219,8820,399
1,2026080501,843,128979,100,77775,True,0.5588193110992136,0,153,9219,8805,414
1,2026080501,844,129132,95,77870,True,0.6680984424436014,0,153,9219,8511,708
1,2026080501,845,129285,88,77958,True,0.4916205539780332,0,153,9219,8937,282
1,2026080501,846,129438,88,78046,True,0.46409705198905843,0,153,9219,8787,432
1,2026080501,847,129591,92,78138,True,0.639617882500616,0,153,9219,8925,294
1,2026080501,848,129744,81,78219,True,0.6795434573767598,0,153,9219,8688,531
1,2026080501,849,129897,88,78307,True,0.6589077343989693,0,153,9219,8790,429
1,2026080501,850,130050,89,78396,True,0.5378426467826843,0,153,9219,8856,363
1,2026080501,851,130203,94,78490,True,0.539499851563375,0,153,9219,9036,183
1,2026080501,852,130356,88,78578,True,0.42478967613267193,1,153,9219,8898,321
1,2026080501,853,130509,99,78677,True,0.6174491200625254,0,153,9219,8979,240
1,2026080501,854,130662,95,78772,True,0.6983833719992644,0,153,9219,8703,516
1,2026080501,855,130815,93,78865,True,0.6182772944759013,0,153,9219,8958,261
1,2026080501,856,130968,92,78957,True,0.5824535909244853,0,153,9219,8694,525
1,2026080501,857,131121,95,79052,True,0.6471414971019033,0,153,9219,8679,540
1,2026080501,858,131274,100,79152,True,0.5215308259892258,0,153,9219,8640,579
1,2026080501,859,131427,95,79247,True,0.5987248243147957,0,153,9219,8763,456
1,2026080501,860,131580,91,79338,True,0.6398378184766249,0,153,9219,8580,639
1,2026080501,861,131733,87,79425,True,0.6409476197663556,0,153,9219,8664,555
1,2026080501,862,131886,86,79511,True,0.6617528311062509,0,153,9219,8685,534
1,2026080501,863,132039,91,79602,True,0.7611156240570237,1,153,9219,8817,402
1,2026080501,864,132192,85,79687,True,0.5132985011690411,0,153,9219,8805,414
1,2026080501,865,132345,93,79780,True,0.4092269866407603,1,153,9219,8718,501
1,2026080501,866,132498,93,79873,True,0.4444243401536887,0,153,9219,8790,429
1,2026080501,867,132651,93,79966,True,0.5117604153833952,0,153,9219,8865,354
1,2026080501,868,132804,88,80054,True,0.5244631263244545,0,153,9219,8841,378
1,2026080501,869,132957,87,80141,True,0.5519851452071624,0,153,9219,8853,366
1,2026080501,870,133110,100,80241,True,0.6113396916242263,0,153,9219,8763,456
1,2026080501,871,133263,86,80327,True,0.6457749909936107,0,153,9219,8607,612
1,2026080501,872,133416,100,80427,True,0.6910587895476358,0,153,9219,8763,456
1,2026080501,873,133569,88,80515,True,0.6115240414027233,0,153,9219,8934,285
1,2026080501,874,133722,95,80610,True,0.5864340222228297,0,153,9219,9027,192
1,2026080501,875,133875,94,80704,True,0.526200935239633,0,153,9219,8898,321
1,2026080501,876,134028,77,80781,True,0.5801742322669922,0,153,9219,8733,486
1,2026080501,877,134181,90,80871,True,0.5522538427300719,0,153,9219,8748,471
1,2026080501,878,134334,86,80957,True,0.543273500433058,0,153,9219,8832,387
1,2026080501,879,134487,95,81052,True,0.5863676359707385,0,153,9219,8844,375
1,2026080501,880,134640,98,81150,True,0.5593962083017117,0,153,9219,8721,498
1,2026080501,881,134793,89,81239,True,0.620304255107323,0,153,9219,8790,429
1,2026080501,882,134946,93,81332,True,0.56841551761825,0,153,9219,8823,396
1,2026080501,883,135099,89,81421,True,0.6066786029774296,0,153,9219,8913,306
1,2026080501,884,135252,89,81510,True,0.6589377851782966,0,153,9219,8778,441
1,2026080501,885,135405,77,81587,True,0.5476356617220894,0,153,9219,8931,288
1,2026080501,886,135558,98,81685,True,0.40606555452540677,1,153,9219,8961,258
1,2026080501,887,135711,88,81773,True,0.5781578694621287,0,153,9219,8631,588
1,2026080501,888,135864,99,81872,True,0.49223082154002007,0,153,9219,8754,465
1,2026080501,889,136017,85,81957,True,0.6353757047878075,0,153,9219,8760,459
1,2026080501,890,136170,89,82046,True,0.7425840690373112,1,153,9219,8793,426
1,2026080501,891,136323,89,82135,True,0.5170380213627419,0,153,9219,8883,336
1,2026080501,892,136476,85,82220,True,0.3973877772233781,1,153,9219,8814,405
1,2026080501,893,136629,101,82321,True,0.5313788170088379,0,153,9219,8715,504
1,2026080501,894,136782,86,82407,True,0.5015045909086453,0,153,9219,8901,318
1,2026080501,895,136935,87,82494,True,0.4605386357067144,0,153,9219,9030,189
1,2026080501,896,137088,97,82591,True,0.6269208928397296,0,153,9219,8514,705
1,2026080501,897,137241,88,82679,True,0.43614135592222525,0,153,9219,8910,309
1,2026080501,898,137394,93,82772,True,0.6813745590716123,0,153,9219,8904,315
1,2026080501,899,137547,96,82868,True,0.537143443827088,0,153,9219,8859,360
1,2026080501,900,137700,106,82974,True,0.5274387728644634,0,153,9219,8703,516
1,2026080501,901,137853,79,83053,True,0.627364070626632,0,153,9219,8559,660
1,2026080501,902,138006,88,83141,True,0.6702642234772346,0,153,9219,8880,339
1,2026080501,903,138159,101,83242,True,0.5826707107241129,0,153,9219,8583,636
1,2026080501,904,138312,92,83334,True,0.6326831111796885,0,153,9219,8694,525
1,2026080501,905,138465,97,83431,True,0.657254120257163,0,153,9219,8673,546
1,2026080501,906,138618,97,83528,True,0.7784618132127077,1,153,9219,8607,612
1,2026080501,907,138771,101,83629,True,0.7129455004257361,0,153,9219,8601,618
1,2026080501,908,138924,89,83718,True,0.7219196645955944,1,153,9219,8817,402
1,2026080501,909,139077,91,83809,True,0.48880864956329084,0,153,9219,8721,498
1,2026080501,910,139230,85,83894,True,0.4429794075151505,0,153,9219,8901,318
1,2026080501,911,139383,91,83985,True,0.5212428526077253,0,153,9219,8802,417
1,2026080501,912,139536,87,84072,True,0.6757523880117814,0,153,9219,8925,294
1,2026080501,913,139689,93,84165,True,0.510521178885018,0,153,9219,8904,315
1,2026080501,914,139842,94,84259,True,0.5560220940912987,0,153,9219,8970,249
1,2026080501,915,139995,86,84345,True,0.640954023131831,0,153,9219,8754,465
1,2026080501,916,140148,95,84440,True,0.5651884160337372,0,153,9219,8871,348
1,2026080501,917,140301,88,84528,True,0.6335203265671576,0,153,9219,8838,381
1,2026080501,918,140454,93,84621,True,0.7090366124222666,0,153,9219,8817,402
1,2026080501,919,140607,81,84702,True,0.6481289791662375,0,153,9219,8835,384
1,2026080501,920,140760,102,84804,True,0.5794289656903177,0,153,9219,8739,480
1,2026080501,921,140913,97,84901,True,0.6977501865137611,0,153,9219,8778,441
1,2026080501,922,141066,98,84999,True,0.555452181476739,0,153,9219,8805,414
1,2026080501,923,141219,97,85096,True,0.4340488477118491,0,153,9219,8847,372
1,2026080501,924,141372,99,85195,True,0.5859943422370962,0,153,9219,8889,330
1,2026080501,925,141525,91,85286,True,0.6291164230848904,0,153,9219,8862,357
1,2026080501,926,141678,98,85384,True,0.5794172980877911,0,153,9219,8919,300
1,2026080501,927,141831,97,85481,True,0.5911474461213038,0,153,9219,8919,300
1,2026080501,928,141984,97,85578,True,0.3725557481408223,1,153,9219,8958,261
1,2026080501,929,142137,95,85673,True,0.5572389609970204,0,153,9219,8982,237
1,2026080501,930,142290,99,85772,True,0.3508248617724822,1,153,9219,9000,219
1,2026080501,931,142443,93,85865,True,0.3820179988648622,1,153,9219,8892,327
1,2026080501,932,142596,103,85968,True,0.4988344721772622,0,153,9219,8928,291
1,2026080501,933,142749,102,86070,True,0.6667392585024662,0,153,9219,8850,369
1,2026080501,934,142902,88,86158,True,0.6996320171089851,0,153,9219,8745,474
1,2026080501,935,143055,86,86244,True,0.6276371421400606,0,153,9219,8559,660
1,2026080501,936,143208,85,86329,True,0.7175230406123775,1,153,9219,8622,597
1,2026080501,937,143361,84,86413,True,0.723395543913774,1,153,9219,8823,396
1,2026080501,938,143514,91,86504,True,0.6088100585077324,0,153,9219,8718,501
1,2026080501,939,143667,93,86597,True,0.6462121094158619,0,153,9219,8646,573
1,2026080501,940,143820,86,86683,True,0.6169448305459608,0,153,9219,8781,438
1,2026080501,941,143973,90,86773,True,0.7024108046261295,0,153,9219,8922,297
1,2026080501,942,144126,91,86864,True,0.44780395459134503,0,153,9219,8889,330
1,2026080501,943,144279,95,86959,True,0.5512050511131076,0,153,9219,8904,315
1,2026080501,944,144432,94,87053,True,0.5151461865307471,0,153,9219,8946,273
1,2026080501,945,144585,99,87152,True,0.5857066561929466,0,153,9219,8805,414
1,2026080501,946,144738,84,87236,True,0.41043530477846135,1,153,9219,8970,249
1,2026080501,947,144891,99,87335,True,0.34397618546483183,1,153,9219,8628,591
1,2026080501,948,145044,86,87421,True,0.5645125300552927,0,153,9219,8925,294
1,2026080501,949,145197,91,87512,True,0.691671048552506,0,153,9219,8742,477
1,2026080501,950,145350,89,87601,True,0.7225674540859512,1,153,9219,8682,537
1,2026080501,951,145503,88,87689,True,0.45379848110739046,0,153,9219,8838,381
1,2026080501,952,145656,103,87792,True,0.6614142365661101,0,153,9219,8793,426
1,2026080501,953,145809,97,87889,True,0.6344583758284573,0,153,9219,8793,426
1,2026080501,954,145962,94,87983,True,0.5517257924560586,0,153,9219,8895,324
1,2026080501,955,146115,106,88089,True,0.3968405693433333,1,153,9219,8943,276
1,2026080501,956,146268,89,88178,True,0.6497143377372722,0,153,9219,8670,549
1,2026080501,957,146421,92,88270,True,0.6695039801458839,0,153,9219,8715,504
1,2026080501,958,146574,103,88373,True,0.4922120239835038,0,153,9219,8898,321
1,2026080501,959,146727,90,88463,True,0.4756712863985037,0,153,9219,8727,492
1,2026080501,960,146880,89,88552,True,0.5673310930596418,0,153,9219,8841,378
1,2026080501,961,147033,89,88641,True,0.5876600051980443,0,153,9219,8709,510
1,2026080501,962,147186,87,88728,True,0.6295708253313198,0,153,9219,8925,294
1,2026080501,963,147339,93,88821,True,0.6287598669118402,0,153,9219,8946,273
1,2026080501,964,147492,92,88913,True,0.6513989731101584,0,153,9219,8967,252
1,2026080501,965,147645,95,89008,True,0.6367886632954882,0,153,9219,8859,360
1,2026080501,966,147798,96,89104,True,0.5256572495693524,0,153,9219,8904,315
1,2026080501,967,147951,94,89198,True,0.5859442978847921,0,153,9219,8841,378
1,2026080501,968,148104,100,89298,True,0.5683426982925384,0,153,9219,8736,483
1,2026080501,969,148257,92,89390,True,0.49982963342261344,0,153,9219,8901,318
1,2026080501,970,148410,92,89482,True,0.5388961635537438,0,153,9219,8904,315
1,2026080501,971,148563,84,89566,True,0.6968358908548347,0,153,9219,8847,372
1,2026080501,972,148716,95,89661,True,0.49935337328616525,0,153,9219,8913,306
1,2026080501,973,148869,92,89753,True,0.5392494173439908,0,153,9219,8943,276
1,2026080501,974,149022,88,89841,True,0.619215609964184,0,153,9219,8811,408
1,2026080501,975,149175,105,89946,True,0.4106202642260954,1,153,9219,8997,222
1,2026080501,976,149328,98,90044,True,0.4325304810906042,0,153,9219,8961,258
1,2026080501,977,149481,103,90147,True,0.5313459026046007,0,153,9219,8703,516
1,2026080501,978,149634,104,90251,True,0.43553454114683876,0,153,9219,8910,309
1,2026080501,979,149787,94,90345,True,0.4647991258780852,0,153,9219,9003,216
1,2026080501,980,149940,98,90443,True,0.4586401126415177,0,153,9219,8928,291
1,2026080501,981,150093,91,90534,True,0.5140391965388478,0,153,9219,8769,450
1,2026080501,982,150246,98,90632,True,0.6120057964128331,0,153,9219,8748,471
1,2026080501,983,150399,86,90718,True,0.5564868474735593,0,153,9219,8823,396
1,2026080501,984,150552,88,90806,True,0.5297298374624673,0,153,9219,8805,414
1,2026080501,985,150705,97,90903,True,0.5803804816545981,0,153,9219,8841,378
1,2026080501,986,150858,101,91004,True,0.5582794676622791,0,153,9219,8709,510
1,2026080501,987,151011,93,91097,True,0.5750104620156578,0,153,9219,8841,378
1,2026080501,988,151164,96,91193,True,0.6488925198249194,0,153,9219,8691,528
1,2026080501,989,151317,96,91289,True,0.6716846247557846,0,153,9219,8718,501
1,2026080501,990,151470,99,91388,True,0.6726852966653202,0,153,9219,8724,495
1,2026080501,991,151623,93,91481,True,0.5356438378383754,0,153,9219,8700,519
1,2026080501,992,151776,95,91576,True,0.6899893055240657,0,153,9219,8652,567
1,2026080501,993,151929,86,91662,True,0.6779306378463554,0,153,9219,8994,225
1,2026080501,994,152082,95,91757,True,0.6024423750589611,0,153,9219,8931,288
1,2026080501,995,152235,95,91852,True,0.5085283139099762,0,153,9219,8949,270
1,2026080501,996,152388,78,91930,True,0.44647614449618905,0,153,9219,8832,387
1,2026080501,997,152541,90,92020,True,0.5108415823170633,0,153,9219,8853,366
1,2026080501,998,152694,89,92109,True,0.6525244040651291,0,153,9219,8646,573
1,2026080501,999,152847,98,92207,True,0.6752742499452492,0,153,9219,8880,339
1,2026080501,1000,153000,98,92305,True,0.5630299987165617,0,153,9219,8757,462
2,2026080502,1,153,102,102,True,0.6950273529698067,0,153,9219,8847,372
2,2026080502,2,306,91,193,True,0.6724771930476163,0,153,9219,8901,318
2,2026080502,3,459,87,280,True,0.583965262729329,0,153,9219,8895,324
2,2026080502,4,612,99,379,True,0.6761574693295168,0,153,9219,8682,537
2,2026080502,5,765,94,473,True,0.6804369551839473,0,153,9219,8433,786
2,2026080502,6,918,91,564,True,0.5932402151516933,0,153,9219,8757,462
2,2026080502,7,1071,98,662,True,0.5631343665750524,0,153,9219,8814,405
2,2026080502,8,1224,105,767,True,0.6175470457028983,0,153,9219,8628,591
2,2026080502,9,1377,94,861,True,0.701068111170542,0,153,9219,8703,516
2,2026080502,10,1530,86,947,True,0.5464904201231385,0,153,9219,8724,495
2,2026080502,11,1683,81,1028,True,0.4735274157804148,0,153,9219,8835,384
2,2026080502,12,1836,90,1118,True,0.5566368391040649,0,153,9219,8691,528
2,2026080502,13,1989,102,1220,True,0.3886251197417959,1,153,9219,9036,183
2,2026080502,14,2142,92,1312,True,0.5868611368033267,0,153,9219,8919,300
2,2026080502,15,2295,92,1404,True,0.6201803670358486,0,153,9219,8823,396
2,2026080502,16,2448,85,1489,True,0.6730603231810934,0,153,9219,8871,348
2,2026080502,17,2601,100,1589,True,0.5721649113489167,0,153,9219,8808,411
2,2026080502,18,2754,91,1680,True,0.49278809679899754,0,153,9219,8817,402
2,2026080502,19,2907,92,1772,True,0.5298399907257906,0,153,9219,8820,399
2,2026080502,20,3060,93,1865,True,0.5669185445404052,0,153,9219,8814,405
2,2026080502,21,3213,99,1964,True,0.6237297787249564,0,153,9219,9012,207
2,2026080502,22,3366,100,2064,True,0.5094008610539101,0,153,9219,8898,321
2,2026080502,23,3519,86,2150,True,0.6270454885188426,0,153,9219,9000,219
2,2026080502,24,3672,105,2255,True,0.4520432941418869,0,153,9219,8976,243
2,2026080502,25,3825,88,2343,True,0.6345175441592024,0,153,9219,8937,282
2,2026080502,26,3978,105,2448,True,0.7013264958419735,0,153,9219,8853,366
2,2026080502,27,4131,88,2536,True,0.48203212179464916,0,153,9219,8901,318
2,2026080502,28,4284,96,2632,True,0.5396326297375978,0,153,9219,8838,381
2,2026080502,29,4437,96,2728,True,0.4685820648859682,0,153,9219,8526,693
2,2026080502,30,4590,90,2818,True,0.48968468968200235,0,153,9219,8973,246
2,2026080502,31,4743,87,2905,True,0.4659750526129963,0,153,9219,9012,207
2,2026080502,32,4896,103,3008,True,0.5846779268971828,0,153,9219,8316,903
2,2026080502,33,5049,95,3103,True,0.5411037653271115,0,153,9219,8610,609
2,2026080502,34,5202,89,3192,True,0.5392776544873914,0,153,9219,8733,486
2,2026080502,35,5355,100,3292,True,0.6019919980132894,0,153,9219,8928,291
2,2026080502,36,5508,97,3389,True,0.5837717083353146,0,153,9219,8883,336
2,2026080502,37,5661,92,3481,True,0.6937952234093568,0,153,9219,8823,396
2,2026080502,38,5814,101,3582,True,0.6342370788714191,0,153,9219,8892,327
2,2026080502,39,5967,90,3672,True,0.5990729923980526,0,153,9219,8772,447
2,2026080502,40,6120,88,3760,True,0.5987666183412236,0,153,9219,8814,405
2,2026080502,41,6273,92,3852,True,0.586085761144686,0,153,9219,8613,606
2,2026080502,42,6426,90,3942,True,0.5450217837250133,0,153,9219,8631,588
2,2026080502,43,6579,89,4031,True,0.6477389634505494,0,153,9219,8562,657
2,2026080502,44,6732,103,4134,True,0.6733833886688403,0,153,9219,8715,504
2,2026080502,45,6885,85,4219,True,0.6144088715207983,0,153,9219,8706,513
2,2026080502,46,7038,92,4311,True,0.3599634915136652,1,153,9219,8919,300
2,2026080502,47,7191,87,4398,True,0.42595360271190325,1,153,9219,8880,339
2,2026080502,48,7344,96,4494,True,0.6243539029502341,0,153,9219,9000,219
2,2026080502,49,7497,95,4589,True,0.5065497306336352,0,153,9219,8748,471
2,2026080502,50,7650,86,4675,True,0.5178459673509571,0,153,9219,8820,399
2,2026080502,51,7803,95,4770,True,0.5053321509180989,0,153,9219,9009,210
2,2026080502,52,7956,84,4854,True,0.6141170893448538,0,153,9219,8919,300
2,2026080502,53,8109,91,4945,True,0.6171218718919815,0,153,9219,8439,780
2,2026080502,54,8262,85,5030,True,0.585049548363044,0,153,9219,8871,348
2,2026080502,55,8415,101,5131,True,0.6890594041551746,0,153,9219,8928,291
2,2026080502,56,8568,88,5219,True,0.6857257266005451,0,153,9219,8799,420
2,2026080502,57,8721,98,5317,True,0.6954626675061828,0,153,9219,8679,540
2,2026080502,58,8874,84,5401,True,0.8330415821851102,1,153,9219,8688,531
2,2026080502,59,9027,102,5503,True,0.6026580031020711,0,153,9219,8802,417
2,2026080502,60,9180,88,5591,True,0.6624665866415573,0,153,9219,8841,378
2,2026080502,61,9333,92,5683,True,0.3452527683755552,1,153,9219,8973,246
2,2026080502,62,9486,98,5781,True,0.5413250575589645,0,153,9219,8847,372
2,2026080502,63,9639,97,5878,True,0.6297850951901005,0,153,9219,8847,372
2,2026080502,64,9792,100,5978,True,0.7074923352065883,0,153,9219,8763,456
2,2026080502,65,9945,90,6068,True,0.7354490294168425,1,153,9219,8685,534
2,2026080502,66,10098,84,6152,True,0.6423334365111388,0,153,9219,8766,453
2,2026080502,67,10251,82,6234,True,0.5376664218725911,0,153,9219,8940,279
2,2026080502,68,10404,98,6332,True,0.5563351930970558,0,153,9219,8790,429
2,2026080502,69,10557,88,6420,True,0.5394883320345841,0,153,9219,8943,276
2,2026080502,70,10710,86,6506,True,0.6412859402190014,0,153,9219,8871,348
2,2026080502,71,10863,97,6603,True,0.4473643759141537,0,153,9219,8886,333
2,2026080502,72,11016,92,6695,True,0.6253107952186504,0,153,9219,8886,333
2,2026080502,73,11169,93,6788,True,0.5917575571982778,0,153,9219,8733,486
2,2026080502,74,11322,80,6868,True,0.6825683342885572,0,153,9219,8616,603
2,2026080502,75,11475,90,6958,True,0.54785191264315,0,153,9219,8763,456
2,2026080502,76,11628,88,7046,True,0.5537189398482848,0,153,9219,8571,648
2,2026080502,77,11781,101,7147,True,0.486320832275591,0,153,9219,8904,315
2,2026080502,78,11934,85,7232,True,0.4715114500250322,0,153,9219,9012,207
2,2026080502,79,12087,99,7331,True,0.5367565627309299,0,153,9219,8634,585
2,2026080502,80,12240,86,7417,True,0.5455575930178831,0,153,9219,8697,522
2,2026080502,81,12393,98,7515,True,0.5391599818524936,0,153,9219,8850,369
2,2026080502,82,12546,99,7614,True,0.6724197629955839,0,153,9219,8187,1032
2,2026080502,83,12699,95,7709,True,0.6561528222000101,0,153,9219,8634,585
2,2026080502,84,12852,99,7808,True,0.6977863351727057,0,153,9219,8865,354
2,2026080502,85,13005,92,7900,True,0.6182408362819926,0,153,9219,8889,330
2,2026080502,86,13158,93,7993,True,0.5204684110788327,0,153,9219,8904,315
2,2026080502,87,13311,96,8089,True,0.4938431742587563,0,153,9219,8973,246
2,2026080502,88,13464,89,8178,True,0.5974541400699663,0,153,9219,8937,282
2,2026080502,89,13617,88,8266,True,0.6992535923549374,0,153,9219,8652,567
2,2026080502,90,13770,96,8362,True,0.591336975298949,0,153,9219,8850,369
2,2026080502,91,13923,80,8442,True,0.47166836254964484,0,153,9219,8769,450
2,2026080502,92,14076,92,8534,True,0.4997434594801954,0,153,9219,8838,381
2,2026080502,93,14229,95,8629,True,0.7285849574597044,1,153,9219,8871,348
2,2026080502,94,14382,93,8722,True,0.3963239795011533,1,153,9219,8940,279
2,2026080502,95,14535,95,8817,True,0.3894909612457461,1,153,9219,8691,528
2,2026080502,96,14688,92,8909,True,0.49710996945813607,0,153,9219,8709,510
2,2026080502,97,14841,86,8995,True,0.5904202813778597,0,153,9219,8841,378
2,2026080502,98,14994,86,9081,True,0.5775041431422815,0,153,9219,8859,360
2,2026080502,99,15147,96,9177,True,0.4409454990485291,0,153,9219,8970,249
2,2026080502,100,15300,102,9279,True,0.6831794400591511,0,153,9219,8856,363
2,2026080502,101,15453,94,9373,True,0.5865321430050624,0,153,9219,8766,453
2,2026080502,102,15606,87,9460,True,0.5432281707529009,0,153,9219,8754,465
2,2026080502,103,15759,91,9551,True,0.47054575482231803,0,153,9219,8904,315
2,2026080502,104,15912,103,9654,True,0.5542958672429018,0,153,9219,8943,276
2,2026080502,105,16065,92,9746,True,0.3905618859708264,1,153,9219,8877,342
2,2026080502,106,16218,88,9834,True,0.5395168575726335,0,153,9219,8859,360
2,2026080502,107,16371,84,9918,True,0.44633450206109815,0,153,9219,9018,201
2,2026080502,108,16524,89,10007,True,0.7288636577009442,1,153,9219,8823,396
2,2026080502,109,16677,99,10106,True,0.5991452616013382,0,153,9219,8898,321
2,2026080502,110,16830,86,10192,True,0.5140285718082807,0,153,9219,8865,354
2,2026080502,111,16983,98,10290,True,0.4982854211475045,0,153,9219,8784,435
2,2026080502,112,17136,82,10372,True,0.518377102745814,0,153,9219,8952,267
2,2026080502,113,17289,94,10466,True,0.5016016861399173,0,153,9219,8886,333
2,2026080502,114,17442,97,10563,True,0.6419656292446118,0,153,9219,8970,249
2,2026080502,115,17595,91,10654,True,0.5752146456635655,0,153,9219,8940,279
2,2026080502,116,17748,87,10741,True,0.5349782870668871,0,153,9219,8781,438
2,2026080502,117,17901,88,10829,True,0.7863901913119841,1,153,9219,8829,390
2,2026080502,118,18054,94,10923,True,0.5537853303530427,0,153,9219,9027,192
2,2026080502,119,18207,90,11013,True,0.7441677571914848,1,153,9219,8859,360
2,2026080502,120,18360,95,11108,True,0.4512398498513254,0,153,9219,8844,375
2,2026080502,121,18513,92,11200,True,0.5098551807811113,0,153,9219,9030,189
2,2026080502,122,18666,86,11286,True,0.5139067671618589,0,153,9219,8769,450
2,2026080502,123,18819,90,11376,True,0.5633498822485955,0,153,9219,8760,459
2,2026080502,124,18972,85,11461,True,0.688174234787692,0,153,9219,8868,351
2,2026080502,125,19125,94,11555,True,0.5833415616815609,0,153,9219,8859,360
2,2026080502,126,19278,101,11656,True,0.5598016808210922,0,153,9219,8865,354
2,2026080502,127,19431,112,11768,True,0.587998570471561,0,153,9219,8784,435
2,2026080502,128,19584,89,11857,True,0.6360975005477923,0,153,9219,8922,297
2,2026080502,129,19737,97,11954,True,0.6274700594998786,0,153,9219,8949,270
2,2026080502,130,19890,93,12047,True,0.5797076455123363,0,153,9219,8916,303
2,2026080502,131,20043,96,12143,True,0.6898858013043134,0,153,9219,8952,267
2,2026080502,132,20196,96,12239,True,0.6658066356486259,0,153,9219,8745,474
2,2026080502,133,20349,90,12329,True,0.4467100374772668,0,153,9219,8886,333
2,2026080502,134,20502,91,12420,True,0.48537957998767556,0,153,9219,8916,303
2,2026080502,135,20655,98,12518,True,0.5723944869111347,0,153,9219,8904,315
2,2026080502,136,20808,99,12617,True,0.6570247369464561,0,153,9219,8814,405
2,2026080502,137,20961,85,12702,True,0.5431671264467239,0,153,9219,8991,228
2,2026080502,138,21114,86,12788,True,0.7049866186625664,0,153,9219,8769,450
2,2026080502,139,21267,98,12886,True,0.40135772091190175,1,153,9219,8928,291
2,2026080502,140,21420,96,12982,True,0.6100284548876749,0,153,9219,8946,273
2,2026080502,141,21573,102,13084,True,0.5207562204764049,0,153,9219,8733,486
2,2026080502,142,21726,95,13179,True,0.6416347166317664,0,153,9219,8883,336
2,2026080502,143,21879,95,13274,True,0.6585294919938564,0,153,9219,8706,513
2,2026080502,144,22032,95,13369,True,0.5327401627513828,0,153,9219,8832,387
2,2026080502,145,22185,91,13460,True,0.5417118170640681,0,153,9219,8931,288
2,2026080502,146,22338,105,13565,True,0.42940999409542535,0,153,9219,8829,390
2,2026080502,147,22491,91,13656,True,0.5669227090405266,0,153,9219,8856,363
2,2026080502,148,22644,89,13745,True,0.4005752021618378,1,153,9219,8658,561
2,2026080502,149,22797,93,13838,True,0.7289407446539473,1,153,9219,8601,618
2,2026080502,150,22950,103,13941,True,0.6399634701590217,0,153,9219,8913,306
2,2026080502,151,23103,97,14038,True,0.6297130977796606,0,153,9219,8712,507
2,2026080502,152,23256,95,14133,True,0.6391008350565697,0,153,9219,8937,282
2,2026080502,153,23409,82,14215,True,0.6748373506947604,0,153,9219,8859,360
2,2026080502,154,23562,88,14303,True,0.5505619363924287,0,153,9219,8868,351
2,2026080502,155,23715,90,14393,True,0.5514966403040481,0,153,9219,8655,564
2,2026080502,156,23868,96,14489,True,0.5666609491463683,0,153,9219,8820,399
2,2026080502,157,24021,95,14584,True,0.5350104046395632,0,153,9219,8742,477
2,2026080502,158,24174,93,14677,True,0.47111507289762994,0,153,9219,8952,267
2,2026080502,159,24327,83,14760,True,0.5664358141467535,0,153,9219,9042,177
2,2026080502,160,24480,85,14845,True,0.5830261946154821,0,153,9219,8778,441
2,2026080502,161,24633,99,14944,True,0.5905780467747143,0,153,9219,8718,501
2,2026080502,162,24786,96,15040,True,0.49742247691029534,0,153,9219,8631,588
2,2026080502,163,24939,97,15137,True,0.4287498797258571,0,153,9219,8865,354
2,2026080502,164,25092,100,15237,True,0.4606542160220012,0,153,9219,8898,321
2,2026080502,165,25245,100,15337,True,0.6001527331376021,0,153,9219,8946,273
2,2026080502,166,25398,92,15429,True,0.6808712958266591,0,153,9219,8835,384
2,2026080502,167,25551,91,15520,True,0.5872579543147709,0,153,9219,8784,435
2,2026080502,168,25704,103,15623,True,0.42468192214921463,1,153,9219,8841,378
2,2026080502,169,25857,91,15714,True,0.5975647838234517,0,153,9219,8817,402
2,2026080502,170,26010,97,15811,True,0.6150243681234332,0,153,9219,8865,354
2,2026080502,171,26163,84,15895,True,0.5917765449477245,0,153,9219,8943,276
2,2026080502,172,26316,98,15993,True,0.7199633575839564,1,153,9219,8952,267
2,2026080502,173,26469,95,16088,True,0.6585917385863519,0,153,9219,8916,303
2,2026080502,174,26622,93,16181,True,0.5633075525397716,0,153,9219,8859,360
2,2026080502,175,26775,97,16278,True,0.5685175774032076,0,153,9219,8820,399
2,2026080502,176,26928,96,16374,True,0.5587424880416249,0,153,9219,8673,546
2,2026080502,177,27081,99,16473,True,0.6498805291192771,0,153,9219,8745,474
2,2026080502,178,27234,89,16562,True,0.5948277651234416,0,153,9219,8769,450
2,2026080502,179,27387,99,16661,True,0.4730612197346893,0,153,9219,8820,399
2,2026080502,180,27540,96,16757,True,0.43636615199105644,0,153,9219,8970,249
2,2026080502,181,27693,90,16847,True,0.48168368404303114,0,153,9219,8847,372
2,2026080502,182,27846,99,16946,True,0.5440364391826576,0,153,9219,8883,336
2,2026080502,183,27999,91,17037,True,0.6516531493903237,0,153,9219,8961,258
2,2026080502,184,28152,97,17134,True,0.6983400671871008,0,153,9219,8886,333
2,2026080502,185,28305,96,17230,True,0.6936403287686773,0,153,9219,8901,318
2,2026080502,186,28458,85,17315,True,0.6267572417235286,0,153,9219,8907,312
2,2026080502,187,28611,91,17406,True,0.5839680706370499,0,153,9219,8784,435
2,2026080502,188,28764,99,17505,True,0.5686203779116951,0,153,9219,8688,531
2,2026080502,189,28917,90,17595,True,0.6576239069936999,0,153,9219,8811,408
2,2026080502,190,29070,92,17687,True,0.5893294198199805,0,153,9219,8880,339
2,2026080502,191,29223,80,17767,True,0.6949169620469183,0,153,9219,8862,357
2,2026080502,192,29376,84,17851,True,0.30630365878422566,1,153,9219,8910,309
2,2026080502,193,29529,95,17946,True,0.6431996056314653,0,153,9219,8856,363
2,2026080502,194,29682,93,18039,True,0.4875939971095184,0,153,9219,8829,390
2,2026080502,195,29835,88,18127,True,0.6621813741608247,0,153,9219,8889,330
2,2026080502,196,29988,97,18224,True,0.6397916324930774,0,153,9219,8634,585
2,2026080502,197,30141,97,18321,True,0.628944112879343,0,153,9219,8955,264
2,2026080502,198,30294,97,18418,True,0.5987887489820553,0,153,9219,8775,444
2,2026080502,199,30447,87,18505,True,0.6814182000942387,0,153,9219,8742,477
2,2026080502,200,30600,90,18595,True,0.6787772988816677,0,153,9219,8784,435
2,2026080502,201,30753,98,18693,True,0.5136964349843467,0,153,9219,8745,474
2,2026080502,202,30906,96,18789,True,0.5712139705058147,0,153,9219,8802,417
2,2026080502,203,31059,98,18887,True,0.5698042303922272,0,153,9219,8628,591
2,2026080502,204,31212,100,18987,True,0.568995271488666,0,153,9219,8886,333
2,2026080502,205,31365,92,19079,True,0.6238365652707153,0,153,9219,8682,537
2,2026080502,206,31518,97,19176,True,0.606871816633842,0,153,9219,8922,297
2,2026080502,207,31671,97,19273,True,0.6311302683958768,0,153,9219,8643,576
2,2026080502,208,31824,97,19370,True,0.5732721201031585,0,153,9219,8814,405
2,2026080502,209,31977,99,19469,True,0.5050671676442742,0,153,9219,8886,333
2,2026080502,210,32130,91,19560,True,0.5993513467851445,0,153,9219,8907,312
2,2026080502,211,32283,92,19652,True,0.6374493112331862,0,153,9219,8838,381
2,2026080502,212,32436,88,19740,True,0.6038456927861817,0,153,9219,8805,414
2,2026080502,213,32589,99,19839,True,0.4281210930860598,0,153,9219,8982,237
2,2026080502,214,32742,94,19933,True,0.6117311783406364,0,153,9219,8793,426
2,2026080502,215,32895,88,20021,True,0.5706142037229428,0,153,9219,9000,219
2,2026080502,216,33048,81,20102,True,0.577604650694702,0,153,9219,8832,387
2,2026080502,217,33201,96,20198,True,0.6043693385063431,0,153,9219,8901,318
2,2026080502,218,33354,89,20287,True,0.5705943125625285,0,153,9219,8883,336
2,2026080502,219,33507,89,20376,True,0.38852277146442404,1,153,9219,8862,357
2,2026080502,220,33660,91,20467,True,0.6287173465181495,0,153,9219,8667,552
2,2026080502,221,33813,89,20556,True,0.5520943846454318,0,153,9219,8937,282
2,2026080502,222,33966,86,20642,True,0.616958005104843,0,153,9219,8961,258
2,2026080502,223,34119,98,20740,True,0.6210212595623369,0,153,9219,8964,255
2,2026080502,224,34272,87,20827,True,0.5775041431422815,0,153,9219,8745,474
2,2026080502,225,34425,92,20919,True,0.4415034074261301,0,153,9219,8943,276
2,2026080502,226,34578,104,21023,True,0.5177685088098475,0,153,9219,8706,513
2,2026080502,227,34731,92,21115,True,0.6299274319993358,0,153,9219,8985,234
2,2026080502,228,34884,103,21218,True,0.4245824934368032,1,153,9219,8814,405
2,2026080502,229,35037,97,21315,True,0.6021926942732405,0,153,9219,8883,336
2,2026080502,230,35190,92,21407,True,0.5145151132016771,0,153,9219,8673,546
2,2026080502,231,35343,86,21493,True,0.6389182649971861,0,153,9219,8769,450
2,2026080502,232,35496,82,21575,True,0.48532776028795516,0,153,9219,8934,285
2,2026080502,233,35649,96,21671,True,0.4905605115473071,0,153,9219,8796,423
2,2026080502,234,35802,87,21758,True,0.6885430534302831,0,153,9219,8763,456
2,2026080502,235,35955,92,21850,True,0.6555863681511471,0,153,9219,8520,699
2,2026080502,236,36108,96,21946,True,0.6689585714307092,0,153,9219,8577,642
2,2026080502,237,36261,80,22026,True,0.5428509217611179,0,153,9219,8529,690
2,2026080502,238,36414,83,22109,True,0.45909286420236606,0,153,9219,8976,243
2,2026080502,239,36567,83,22192,True,0.4623979650307118,0,153,9219,8514,705
2,2026080502,240,36720,101,22293,True,0.6454902233231598,0,153,9219,8883,336
2,2026080502,241,36873,91,22384,True,0.497526044039986,0,153,9219,8967,252
2,2026080502,242,37026,96,22480,True,0.5502860232494489,0,153,9219,8868,351
2,2026080502,243,37179,92,22572,True,0.6690613767808319,0,153,9219,8634,585
2,2026080502,244,37332,95,22667,True,0.4464632062921621,0,153,9219,8928,291
2,2026080502,245,37485,93,22760,True,0.5277510369624491,0,153,9219,8841,378
2,2026080502,246,37638,92,22852,True,0.7052291426892667,0,153,9219,8484,735
2,2026080502,247,37791,100,22952,True,0.37299335342486845,1,153,9219,8886,333
2,2026080502,248,37944,92,23044,True,0.5812931294910234,0,153,9219,8853,366
2,2026080502,249,38097,95,23139,True,0.6469865991542297,0,153,9219,8820,399
2,2026080502,250,38250,95,23234,True,0.7036199691896003,0,153,9219,8622,597
2,2026080502,251,38403,92,23326,True,0.6129694991535318,0,153,9219,8550,669
2,2026080502,252,38556,90,23416,True,0.5100104697467568,0,153,9219,9000,219
2,2026080502,253,38709,97,23513,True,0.5034025456041917,0,153,9219,8949,270
2,2026080502,254,38862,91,23604,True,0.5571917105828292,0,153,9219,8610,609
2,2026080502,255,39015,98,23702,True,0.6019148706403334,0,153,9219,8844,375
2,2026080502,256,39168,98,23800,True,0.4665615264209655,0,153,9219,8868,351
2,2026080502,257,39321,89,23889,True,0.6548479724995863,0,153,9219,8847,372
2,2026080502,258,39474,87,23976,True,0.6070709796425098,0,153,9219,8907,312
2,2026080502,259,39627,87,24063,True,0.5063382496194699,0,153,9219,8937,282
2,2026080502,260,39780,103,24166,True,0.6586763281106442,0,153,9219,8871,348
2,2026080502,261,39933,90,24256,True,0.760829301151424,1,153,9219,8817,402
2,2026080502,262,40086,96,24352,True,0.4669378035664257,0,153,9219,8928,291
2,2026080502,263,40239,93,24445,True,0.6258186039568614,0,153,9219,8754,465
2,2026080502,264,40392,99,24544,True,0.5263660518880722,0,153,9219,8943,276
2,2026080502,265,40545,102,24646,True,0.473207467595134,0,153,9219,8721,498
2,2026080502,266,40698,94,24740,True,0.3214849542055087,1,153,9219,8955,264
2,2026080502,267,40851,92,24832,True,0.5798936595333383,0,153,9219,8838,381
2,2026080502,268,41004,101,24933,True,0.5802583163203097,0,153,9219,8919,300
2,2026080502,269,41157,94,25027,True,0.6697474119966625,0,153,9219,9060,159
2,2026080502,270,41310,98,25125,True,0.5829044808162445,0,153,9219,8670,549
2,2026080502,271,41463,94,25219,True,0.6206184384758923,0,153,9219,8694,525
2,2026080502,272,41616,87,25306,True,0.5536750128340409,0,153,9219,8859,360
2,2026080502,273,41769,98,25404,True,0.49030434762528863,0,153,9219,8976,243
2,2026080502,274,41922,91,25495,True,0.37335009621911064,1,153,9219,8928,291
2,2026080502,275,42075,93,25588,True,0.48910805238115385,0,153,9219,8799,420
2,2026080502,276,42228,92,25680,True,0.4068456547810338,1,153,9219,8715,504
2,2026080502,277,42381,102,25782,True,0.5863225004179435,0,153,9219,8667,552
2,2026080502,278,42534,95,25877,True,0.4663955078535172,0,153,9219,8856,363
2,2026080502,279,42687,101,25978,True,0.5540920871065707,0,153,9219,8835,384
2,2026080502,280,42840,83,26061,True,0.598993813179873,0,153,9219,8721,498
2,2026080502,281,42993,100,26161,True,0.7012457974625795,0,153,9219,8820,399
2,2026080502,282,43146,99,26260,True,0.6949315434681204,0,153,9219,8682,537
2,2026080502,283,43299,94,26354,True,0.45286767373527775,0,153,9219,8784,435
2,2026080502,284,43452,96,26450,True,0.7522065621810566,1,153,9219,8580,639
2,2026080502,285,43605,94,26544,True,0.578229383649449,0,153,9219,8730,489
2,2026080502,286,43758,105,26649,True,0.5289787999291706,0,153,9219,8622,597
2,2026080502,287,43911,92,26741,True,0.48891556972706374,0,153,9219,8982,237
2,2026080502,288,44064,97,26838,True,0.67750829704134,0,153,9219,8721,498
2,2026080502,289,44217,99,26937,True,0.7113009269701829,0,153,9219,8766,453
2,2026080502,290,44370,104,27041,True,0.6008260655010725,0,153,9219,8928,291
2,2026080502,291,44523,94,27135,True,0.6863674603707599,0,153,9219,8829,390
2,2026080502,292,44676,83,27218,True,0.6987595607611143,0,153,9219,8895,324
2,2026080502,293,44829,92,27310,True,0.5612754721359317,0,153,9219,8865,354
2,2026080502,294,44982,90,27400,True,0.5756376307049693,0,153,9219,8865,354
2,2026080502,295,45135,95,27495,True,0.5765301612409981,0,153,9219,8937,282
2,2026080502,296,45288,103,27598,True,0.6040023480313533,0,153,9219,8838,381
2,2026080502,297,45441,102,27700,True,0.5738625159117899,0,153,9219,8931,288
2,2026080502,298,45594,84,27784,True,0.448259116176534,0,153,9219,8955,264
2,2026080502,299,45747,96,27880,True,0.4658865357202551,0,153,9219,8844,375
2,2026080502,300,45900,95,27975,True,0.5248839053265872,0,153,9219,8982,237
2,2026080502,301,46053,92,28067,True,0.5550056372860022,0,153,9219,8850,369
2,2026080502,302,46206,92,28159,True,0.6344032672459657,0,153,9219,8829,390
2,2026080502,303,46359,94,28253,True,0.606633796318413,0,153,9219,8877,342
2,2026080502,304,46512,84,28337,True,0.5716321697253185,0,153,9219,8916,303
2,2026080502,305,46665,97,28434,True,0.5041677022421163,0,153,9219,8862,357
2,2026080502,306,46818,103,28537,True,0.5335489356812547,0,153,9219,8841,378
2,2026080502,307,46971,80,28617,True,0.7343619413403517,1,153,9219,8904,315
2,2026080502,308,47124,98,28715,True,0.5798644165271387,0,153,9219,8892,327
2,2026080502,309,47277,90,28805,True,0.4136038198498647,1,153,9219,8712,507
2,2026080502,310,47430,90,28895,True,0.6069998701094764,0,153,9219,8628,591
2,2026080502,311,47583,97,28992,True,0.5762745457452217,0,153,9219,8949,270
2,2026080502,312,47736,91,29083,True,0.45280816481773906,0,153,9219,8904,315
2,2026080502,313,47889,82,29165,True,0.5580343432256224,0,153,9219,8907,312
2,2026080502,314,48042,96,29261,True,0.618896587377136,0,153,9219,8667,552
2,2026080502,315,48195,86,29347,True,0.6257442942091009,0,153,9219,8907,312
2,2026080502,316,48348,91,29438,True,0.5513816684559442,0,153,9219,8811,408
2,2026080502,317,48501,91,29529,True,0.5909230541923479,0,153,9219,8877,342
2,2026080502,318,48654,104,29633,True,0.5921495694892477,0,153,9219,8934,285
2,2026080502,319,48807,87,29720,True,0.6038936065228112,0,153,9219,8703,516
2,2026080502,320,48960,91,29811,True,0.498522949835353,0,153,9219,8946,273
2,2026080502,321,49113,101,29912,True,0.7069240479071217,0,153,9219,8550,669
2,2026080502,322,49266,88,30000,True,0.6253371240394497,0,153,9219,8913,306
2,2026080502,323,49419,89,30089,True,0.5364360586960272,0,153,9219,8808,411
2,2026080502,324,49572,91,30180,True,0.581375733282224,0,153,9219,8739,480
2,2026080502,325,49725,95,30275,True,0.41075725404858393,1,153,9219,8913,306
2,2026080502,326,49878,103,30378,True,0.5597790546140143,0,153,9219,8745,474
2,2026080502,327,50031,92,30470,True,0.6085445021592866,0,153,9219,8913,306
2,2026080502,328,50184,80,30550,True,0.6586320696642737,0,153,9219,8940,279
2,2026080502,329,50337,81,30631,True,0.5711475785833198,0,153,9219,8856,363
2,2026080502,330,50490,97,30728,True,0.5596431902615924,0,153,9219,8694,525
2,2026080502,331,50643,87,30815,True,0.5899273029308367,0,153,9219,8751,468
2,2026080502,332,50796,94,30909,True,0.5053186184595354,0,153,9219,8811,408
2,2026080502,333,50949,85,30994,True,0.41527708121628826,1,153,9219,8880,339
2,2026080502,334,51102,89,31083,True,0.39703734861988244,1,153,9219,8952,267
2,2026080502,335,51255,92,31175,True,0.5727805830427426,0,153,9219,9003,216
2,2026080502,336,51408,100,31275,True,0.5879728305184475,0,153,9219,8658,561
2,2026080502,337,51561,96,31371,True,0.6659568425386101,0,153,9219,8964,255
2,2026080502,338,51714,84,31455,True,0.5992964327877851,0,153,9219,8727,492
2,2026080502,339,51867,78,31533,True,0.5546649321639688,0,153,9219,8907,312
2,2026080502,340,52020,98,31631,True,0.4464288203315426,0,153,9219,8850,369
2,2026080502,341,52173,87,31718,True,0.6882852287325842,0,153,9219,8901,318
2,2026080502,342,52326,89,31807,True,0.5347148065642606,0,153,9219,8970,249
2,2026080502,343,52479,97,31904,True,0.5446140702712866,0,153,9219,8853,366
2,2026080502,344,52632,88,31992,True,0.6096991549120606,0,153,9219,8853,366
2,2026080502,345,52785,88,32080,True,0.5645969088971502,0,153,9219,8841,378
2,2026080502,346,52938,85,32165,True,0.6682076179855078,0,153,9219,8841,378
2,2026080502,347,53091,97,32262,True,0.6541806468452367,0,153,9219,8799,420
2,2026080502,348,53244,86,32348,True,0.5174808043380762,0,153,9219,8841,378
2,2026080502,349,53397,92,32440,True,0.5264879453850425,0,153,9219,8958,261
2,2026080502,350,53550,96,32536,True,0.580623892715228,0,153,9219,8916,303
2,2026080502,351,53703,92,32628,True,0.5739162902419946,0,153,9219,8904,315
2,2026080502,352,53856,93,32721,True,0.6957209558246986,0,153,9219,8880,339
2,2026080502,353,54009,92,32813,True,0.6647159280195518,0,153,9219,8826,393
2,2026080502,354,54162,96,32909,True,0.5227482603333288,0,153,9219,8946,273
2,2026080502,355,54315,83,32992,True,0.6142900171291432,0,153,9219,8769,450
2,2026080502,356,54468,99,33091,True,0.5351716859484676,0,153,9219,8871,348
2,2026080502,357,54621,96,33187,True,0.5933446113374684,0,153,9219,8805,414
2,2026080502,358,54774,98,33285,True,0.4875302261634171,0,153,9219,8742,477
2,2026080502,359,54927,94,33379,True,0.5882449952613723,0,153,9219,8790,429
2,2026080502,360,55080,86,33465,True,0.5201696903169034,0,153,9219,8772,447
2,2026080502,361,55233,91,33556,True,0.4399947252392809,0,153,9219,9012,207
2,2026080502,362,55386,94,33650,True,0.47037672620899623,0,153,9219,8817,402
2,2026080502,363,55539,98,33748,True,0.4337312188387418,0,153,9219,8829,390
2,2026080502,364,55692,86,33834,True,0.6703149801499602,0,153,9219,8943,276
2,2026080502,365,55845,95,33929,True,0.7817202471243984,1,153,9219,8370,849
2,2026080502,366,55998,87,34016,True,0.6875330543647422,0,153,9219,8622,597
2,2026080502,367,56151,93,34109,True,0.5460933097020864,0,153,9219,8706,513
2,2026080502,368,56304,95,34204,True,0.5503689525391003,0,153,9219,8952,267
2,2026080502,369,56457,89,34293,True,0.6943639092018088,0,153,9219,8859,360
2,2026080502,370,56610,86,34379,True,0.5055631554458536,0,153,9219,8730,489
2,2026080502,371,56763,88,34467,True,0.35139935867447913,1,153,9219,8823,396
2,2026080502,372,56916,96,34563,True,0.6284390985970189,0,153,9219,8937,282
2,2026080502,373,57069,99,34662,True,0.6230173231495835,0,153,9219,8574,645
2,2026080502,374,57222,90,34752,True,0.5742629264837766,0,153,9219,8811,408
2,2026080502,375,57375,95,34847,True,0.5014596195461131,0,153,9219,9003,216
2,2026080502,376,57528,85,34932,True,0.4187296086448611,1,153,9219,9027,192
2,2026080502,377,57681,97,35029,True,0.48441471586077167,0,153,9219,8988,231
2,2026080502,378,57834,95,35124,True,0.673849234181253,0,153,9219,8958,261
2,2026080502,379,57987,96,35220,True,0.5515958714031017,0,153,9219,8940,279
2,2026080502,380,58140,91,35311,True,0.3715972664207033,1,153,9219,9006,213
2,2026080502,381,58293,90,35401,True,0.5618729739199347,0,153,9219,8778,441
2,2026080502,382,58446,83,35484,True,0.5591495928502063,0,153,9219,8976,243
2,2026080502,383,58599,99,35583,True,0.4032288868947405,1,153,9219,8985,234
2,2026080502,384,58752,95,35678,True,0.6570203959746296,0,153,9219,8871,348
2,2026080502,385,58905,74,35752,True,0.6800427845419039,0,153,9219,8592,627
2,2026080502,386,59058,97,35849,True,0.656497349113369,0,153,9219,8814,405
2,2026080502,387,59211,91,35940,True,0.6727858486059337,0,153,9219,8658,561
2,2026080502,388,59364,91,36031,True,0.7016591146169106,0,153,9219,8877,342
2,2026080502,389,59517,102,36133,True,0.7560933440134501,1,153,9219,8814,405
2,2026080502,390,59670,85,36218,True,0.3897814940514426,1,153,9219,8874,345
2,2026080502,391,59823,96,36314,True,0.5399683034745484,0,153,9219,8841,378
2,2026080502,392,59976,85,36399,True,0.5070031110138078,0,153,9219,8727,492
2,2026080502,393,60129,90,36489,True,0.42918868296101553,0,153,9219,8949,270
2,2026080502,394,60282,89,36578,True,0.4102832124022172,1,153,9219,9015,204
2,2026080502,395,60435,91,36669,True,0.6237344905094144,0,153,9219,8880,339
2,2026080502,396,60588,100,36769,True,0.5278053370816517,0,153,9219,8745,474
2,2026080502,397,60741,102,36871,True,0.7168708944306403,1,153,9219,8931,288
2,2026080502,398,60894,98,36969,True,0.40362492844456566,1,153,9219,8790,429
2,2026080502,399,61047,97,37066,True,0.6387175742859773,0,153,9219,8796,423
2,2026080502,400,61200,94,37160,True,0.4901715637802987,0,153,9219,8847,372
2,2026080502,401,61353,101,37261,True,0.5533899969972165,0,153,9219,8862,357
2,2026080502,402,61506,90,37351,True,0.6472520581580387,0,153,9219,8814,405
2,2026080502,403,61659,89,37440,True,0.651581064274979,0,153,9219,8889,330
2,2026080502,404,61812,95,37535,True,0.6490087618134541,0,153,9219,8886,333
2,2026080502,405,61965,91,37626,True,0.6129433178615111,0,153,9219,8667,552
2,2026080502,406,62118,82,37708,True,0.5408863561786222,0,153,9219,8757,462
2,2026080502,407,62271,99,37807,True,0.5077085389745294,0,153,9219,8874,345
2,2026080502,408,62424,103,37910,True,0.46348201093732433,0,153,9219,8979,240
2,2026080502,409,62577,94,38004,True,0.38804967392456297,1,153,9219,8868,351
2,2026080502,410,62730,86,38090,True,0.6036869278484218,0,153,9219,8682,537
2,2026080502,411,62883,98,38188,True,0.6220037730223081,0,153,9219,8883,336
2,2026080502,412,63036,102,38290,True,0.5783374675235753,0,153,9219,8757,462
2,2026080502,413,63189,89,38379,True,0.6839616194199949,0,153,9219,8721,498
2,2026080502,414,63342,93,38472,True,0.7063195614985862,0,153,9219,8799,420
2,2026080502,415,63495,99,38571,True,0.5472544491306949,0,153,9219,8760,459
2,2026080502,416,63648,88,38659,True,0.68905975154407,0,153,9219,8778,441
2,2026080502,417,63801,96,38755,True,0.6906088193725212,0,153,9219,8682,537
2,2026080502,418,63954,85,38840,True,0.6581494321707714,0,153,9219,8631,588
2,2026080502,419,64107,92,38932,True,0.5267194069248283,0,153,9219,8886,333
2,2026080502,420,64260,89,39021,True,0.7405892161055394,1,153,9219,8676,543
2,2026080502,421,64413,90,39111,True,0.5694235782676338,0,153,9219,8880,339
2,2026080502,422,64566,95,39206,True,0.6072227769738966,0,153,9219,8904,315
2,2026080502,423,64719,100,39306,True,0.569868419791801,0,153,9219,8808,411
2,2026080502,424,64872,87,39393,True,0.40318462466785854,1,153,9219,8868,351
2,2026080502,425,65025,91,39484,True,0.6357604958191664,0,153,9219,8847,372
2,2026080502,426,65178,97,39581,True,0.5747081974281492,0,153,9219,8775,444
2,2026080502,427,65331,89,39670,True,0.2838078604368127,1,153,9219,8718,501
2,2026080502,428,65484,97,39767,True,0.5255138838785621,0,153,9219,8838,381
2,2026080502,429,65637,103,39870,True,0.5221611502804893,0,153,9219,8898,321
2,2026080502,430,65790,90,39960,True,0.46263353991201506,0,153,9219,8889,330
2,2026080502,431,65943,99,40059,True,0.5466022709681188,0,153,9219,8739,480
2,2026080502,432,66096,93,40152,True,0.6299044299913604,0,153,9219,8796,423
2,2026080502,433,66249,73,40225,True,0.6491082343843847,0,153,9219,8667,552
2,2026080502,434,66402,83,40308,True,0.5509173773540458,0,153,9219,8844,375
2,2026080502,435,66555,86,40394,True,0.5068152643033715,0,153,9219,8841,378
2,2026080502,436,66708,90,40484,True,0.5899589634812721,0,153,9219,8547,672
2,2026080502,437,66861,90,40574,True,0.5943375612760677,0,153,9219,8790,429
2,2026080502,438,67014,95,40669,True,0.7495634193956976,1,153,9219,8775,444
2,2026080502,439,67167,91,40760,True,0.7936763542112181,1,153,9219,8682,537
2,2026080502,440,67320,85,40845,True,0.6676405875056978,0,153,9219,8814,405
2,2026080502,441,67473,91,40936,True,0.6415525330097104,0,153,9219,8829,390
2,2026080502,442,67626,93,41029,True,0.7182006455741783,1,153,9219,8655,564
2,2026080502,443,67779,90,41119,True,0.6713837953409358,0,153,9219,8817,402
2,2026080502,444,67932,90,41209,True,0.7406619161178157,1,153,9219,8538,681
2,2026080502,445,68085,82,41291,True,0.6798616076658237,0,153,9219,8727,492
2,2026080502,446,68238,87,41378,True,0.5159870029776031,0,153,9219,8892,327
2,2026080502,447,68391,91,41469,True,0.5829238836143883,0,153,9219,8688,531
2,2026080502,448,68544,100,41569,True,0.5232586421288032,0,153,9219,8931,288
2,2026080502,449,68697,94,41663,True,0.5567065125623857,0,153,9219,8589,630
2,2026080502,450,68850,104,41767,True,0.5651481495052242,0,153,9219,8682,537
2,2026080502,451,69003,95,41862,True,0.44985537292056543,0,153,9219,9009,210
2,2026080502,452,69156,95,41957,True,0.6069732937643155,0,153,9219,8874,345
2,2026080502,453,69309,95,42052,True,0.6718653451290869,0,153,9219,8631,588
2,2026080502,454,69462,89,42141,True,0.5913496057116143,0,153,9219,8859,360
2,2026080502,455,69615,102,42243,True,0.5105987935839995,0,153,9219,8745,474
2,2026080502,456,69768,94,42337,True,0.6079118901235514,0,153,9219,8844,375
2,2026080502,457,69921,84,42421,True,0.5140618545946671,0,153,9219,8943,276
2,2026080502,458,70074,88,42509,True,0.4483925317056514,0,153,9219,8904,315
2,2026080502,459,70227,91,42600,True,0.5390891144604743,0,153,9219,8697,522
2,2026080502,460,70380,109,42709,True,0.2899378910976286,1,153,9219,8730,489
2,2026080502,461,70533,93,42802,True,0.6435399394518947,0,153,9219,8739,480
2,2026080502,462,70686,96,42898,True,0.5508966448508411,0,153,9219,8964,255
2,2026080502,463,70839,82,42980,True,0.5136075248442028,0,153,9219,8817,402
2,2026080502,464,70992,91,43071,True,0.49078771770965063,0,153,9219,8826,393
2,2026080502,465,71145,93,43164,True,0.5917258133509505,0,153,9219,9003,216
2,2026080502,466,71298,96,43260,True,0.3675692317281144,1,153,9219,8781,438
2,2026080502,467,71451,94,43354,True,0.47464413196297817,0,153,9219,8847,372
2,2026080502,468,71604,83,43437,True,0.5654780953127123,0,153,9219,8898,321
2,2026080502,469,71757,100,43537,True,0.48573367780273136,0,153,9219,8958,261
2,2026080502,470,71910,107,43644,True,0.489290042100775,0,153,9219,8895,324
2,2026080502,471,72063,99,43743,True,0.5459034426542069,0,153,9219,8847,372
2,2026080502,472,72216,81,43824,True,0.4959592007090009,0,153,9219,8859,360
2,2026080502,473,72369,93,43917,True,0.5102889910742406,0,153,9219,8931,288
2,2026080502,474,72522,102,44019,True,0.6716612661987514,0,153,9219,8661,558
2,2026080502,475,72675,89,44108,True,0.5883682159526233,0,153,9219,8910,309
2,2026080502,476,72828,95,44203,True,0.6006220710973198,0,153,9219,8829,390
2,2026080502,477,72981,93,44296,True,0.5161421792125179,0,153,9219,8811,408
2,2026080502,478,73134,87,44383,True,0.5030307608456045,0,153,9219,8601,618
2,2026080502,479,73287,93,44476,True,0.5669849336275167,0,153,9219,8964,255
2,2026080502,480,73440,92,44568,True,0.6053411795082806,0,153,9219,8817,402
2,2026080502,481,73593,92,44660,True,0.5835753303253245,0,153,9219,8844,375
2,2026080502,482,73746,93,44753,True,0.4711110567083031,0,153,9219,8886,333
2,2026080502,483,73899,91,44844,True,0.524540177267594,0,153,9219,8688,531
2,2026080502,484,74052,88,44932,True,0.5518510989196412,0,153,9219,8781,438
2,2026080502,485,74205,93,45025,True,0.6614109302724571,0,153,9219,8886,333
2,2026080502,486,74358,88,45113,True,0.4936028626736568,0,153,9219,8577,642
2,2026080502,487,74511,90,45203,True,0.5506974775895068,0,153,9219,8793,426
2,2026080502,488,74664,101,45304,True,0.5193838580042235,0,153,9219,8916,303
2,2026080502,489,74817,90,45394,True,0.4748313297426324,0,153,9219,9015,204
2,2026080502,490,74970,97,45491,True,0.5708666372854383,0,153,9219,8877,342
2,2026080502,491,75123,94,45585,True,0.5904264534581186,0,153,9219,8823,396
2,2026080502,492,75276,93,45678,True,0.6329719755256022,0,153,9219,8742,477
2,2026080502,493,75429,85,45763,True,0.5587340221907063,0,153,9219,9006,213
2,2026080502,494,75582,94,45857,True,0.5159205165362344,0,153,9219,8901,318
2,2026080502,495,75735,98,45955,True,0.3626769419491415,1,153,9219,9078,141
2,2026080502,496,75888,98,46053,True,0.41265264083573033,1,153,9219,8802,417
2,2026080502,497,76041,81,46134,True,0.6529472938815878,0,153,9219,8835,384
2,2026080502,498,76194,91,46225,True,0.44694087802949367,0,153,9219,8976,243
2,2026080502,499,76347,102,46327,True,0.4791881138782897,0,153,9219,8880,339
2,2026080502,500,76500,91,46418,True,0.46374419247867715,0,153,9219,8784,435
2,2026080502,501,76653,86,46504,True,0.622185239078074,0,153,9219,8760,459
2,2026080502,502,76806,97,46601,True,0.7042625278723754,0,153,9219,8835,384
2,2026080502,503,76959,96,46697,True,0.568341275121705,0,153,9219,8790,429
2,2026080502,504,77112,90,46787,True,0.6263455330369117,0,153,9219,8934,285
2,2026080502,505,77265,96,46883,True,0.5991369624344764,0,153,9219,8868,351
2,2026080502,506,77418,96,46979,True,0.5911885878620842,0,153,9219,8862,357
2,2026080502,507,77571,93,47072,True,0.6010239437060523,0,153,9219,8967,252
2,2026080502,508,77724,95,47167,True,0.5094255951018866,0,153,9219,8979,240
2,2026080502,509,77877,94,47261,True,0.49074930420873525,0,153,9219,8880,339
2,2026080502,510,78030,95,47356,True,0.5124578547852681,0,153,9219,8838,381
2,2026080502,511,78183,92,47448,True,0.5014710414540378,0,153,9219,8940,279
2,2026080502,512,78336,87,47535,True,0.5259128800331836,0,153,9219,8949,270
2,2026080502,513,78489,90,47625,True,0.5718557590899327,0,153,9219,8751,468
2,2026080502,514,78642,95,47720,True,0.5172928005500405,0,153,9219,8796,423
2,2026080502,515,78795,94,47814,True,0.4938243487825187,0,153,9219,8817,402
2,2026080502,516,78948,87,47901,True,0.37015551622061976,1,153,9219,8979,240
2,2026080502,517,79101,85,47986,True,0.47554139011374896,0,153,9219,8943,276
2,2026080502,518,79254,86,48072,True,0.5195498447753664,0,153,9219,8841,378
2,2026080502,519,79407,92,48164,True,0.5093588293813425,0,153,9219,8703,516
2,2026080502,520,79560,92,48256,True,0.556364310507775,0,153,9219,8859,360
2,2026080502,521,79713,89,48345,True,0.6663930991699032,0,153,9219,8892,327
2,2026080502,522,79866,94,48439,True,0.5964650316947316,0,153,9219,8895,324
2,2026080502,523,80019,97,48536,True,0.6467125689885205,0,153,9219,8502,717
2,2026080502,524,80172,101,48637,True,0.5543370407919247,0,153,9219,8643,576
2,2026080502,525,80325,87,48724,True,0.48187412395063334,0,153,9219,8742,477
2,2026080502,526,80478,86,48810,True,0.6242875152806782,0,153,9219,8796,423
2,2026080502,527,80631,93,48903,True,0.6118106315113577,0,153,9219,8826,393
2,2026080502,528,80784,96,48999,True,0.6112233308920253,0,153,9219,8976,243
2,2026080502,529,80937,91,49090,True,0.45270438885230896,0,153,9219,8955,264
2,2026080502,530,81090,98,49188,True,0.49153316705848105,0,153,9219,8937,282
2,2026080502,531,81243,99,49287,True,0.601337325395852,0,153,9219,8682,537
2,2026080502,532,81396,91,49378,True,0.6118848821279573,0,153,9219,8907,312
2,2026080502,533,81549,85,49463,True,0.6441266756784874,0,153,9219,9012,207
2,2026080502,534,81702,98,49561,True,0.5342793092191268,0,153,9219,8949,270
2,2026080502,535,81855,96,49657,True,0.4846210750745782,0,153,9219,8883,336
2,2026080502,536,82008,83,49740,True,0.6191662021117557,0,153,9219,8781,438
2,2026080502,537,82161,76,49816,True,0.6246812946892368,0,153,9219,8931,288
2,2026080502,538,82314,84,49900,True,0.594994570461638,0,153,9219,8589,630
2,2026080502,539,82467,99,49999,True,0.49878121146835014,0,153,9219,8919,300
2,2026080502,540,82620,103,50102,True,0.4568687743340504,0,153,9219,8679,540
2,2026080502,541,82773,93,50195,True,0.627744989535298,0,153,9219,8739,480
2,2026080502,542,82926,91,50286,True,0.3717709495131471,1,153,9219,9006,213
2,2026080502,543,83079,96,50382,True,0.4570198638144814,0,153,9219,8892,327
2,2026080502,544,83232,101,50483,True,0.5267096171320851,0,153,9219,8982,237
2,2026080502,545,83385,83,50566,True,0.459068210231918,0,153,9219,8769,450
2,2026080502,546,83538,93,50659,True,0.5362300737949731,0,153,9219,8745,474
2,2026080502,547,83691,89,50748,True,0.47778860807741785,0,153,9219,8829,390
2,2026080502,548,83844,92,50840,True,0.678776520643723,0,153,9219,8802,417
2,2026080502,549,83997,89,50929,True,0.6113266331352282,0,153,9219,8976,243
2,2026080502,550,84150,94,51023,True,0.5229029843262227,0,153,9219,8778,441
2,2026080502,551,84303,100,51123,True,0.625831965157669,0,153,9219,8736,483
2,2026080502,552,84456,102,51225,True,0.6269919269326408,0,153,9219,8787,432
2,2026080502,553,84609,86,51311,True,0.6376671817055108,0,153,9219,8811,408
2,2026080502,554,84762,83,51394,True,0.6797730926630355,0,153,9219,8781,438
2,2026080502,555,84915,89,51483,True,0.5301950847056696,0,153,9219,8832,387
2,2026080502,556,85068,82,51565,True,0.6546010572051236,0,153,9219,8841,378
2,2026080502,557,85221,90,51655,True,0.6341710552725376,0,153,9219,8697,522
2,2026080502,558,85374,87,51742,True,0.5623534807911644,0,153,9219,8739,480
2,2026080502,559,85527,102,51844,True,0.514006621191347,0,153,9219,8826,393
2,2026080502,560,85680,89,51933,True,0.6062079399382828,0,153,9219,8556,663
2,2026080502,561,85833,104,52037,True,0.7093440872319581,0,153,9219,8868,351
2,2026080502,562,85986,89,52126,True,0.6196086713681914,0,153,9219,8637,582
2,2026080502,563,86139,89,52215,True,0.6111439021094347,0,153,9219,8628,591
2,2026080502,564,86292,88,52303,True,0.5178680672790741,0,153,9219,8901,318
2,2026080502,565,86445,93,52396,True,0.643813207368483,0,153,9219,8889,330
2,2026080502,566,86598,93,52489,True,0.5794660820044699,0,153,9219,8718,501
2,2026080502,567,86751,87,52576,True,0.6197599207726044,0,153,9219,8475,744
2,2026080502,568,86904,85,52661,True,0.6434926434619959,0,153,9219,8715,504
2,2026080502,569,87057,87,52748,True,0.6303153348551028,0,153,9219,8760,459
2,2026080502,570,87210,94,52842,True,0.6303922250871397,0,153,9219,8604,615
2,2026080502,571,87363,89,52931,True,0.5250172876657005,0,153,9219,8937,282
2,2026080502,572,87516,99,53030,True,0.3514732789079232,1,153,9219,8952,267
2,2026080502,573,87669,95,53125,True,0.5612109208499072,0,153,9219,8823,396
2,2026080502,574,87822,100,53225,True,0.5575508240423084,0,153,9219,8988,231
2,2026080502,575,87975,86,53311,True,0.6830622292689927,0,153,9219,8817,402
2,2026080502,576,88128,92,53403,True,0.6261154805481179,0,153,9219,8580,639
2,2026080502,577,88281,101,53504,True,0.6007769789672466,0,153,9219,8847,372
2,2026080502,578,88434,92,53596,True,0.7520534266047053,1,153,9219,8862,357
2,2026080502,579,88587,97,53693,True,0.548420703077149,0,153,9219,8799,420
2,2026080502,580,88740,81,53774,True,0.5594134455507132,0,153,9219,8931,288
2,2026080502,581,88893,97,53871,True,0.48119126517381755,0,153,9219,8967,252
2,2026080502,582,89046,90,53961,True,0.5058806682373156,0,153,9219,8763,456
2,2026080502,583,89199,94,54055,True,0.7081130127066187,0,153,9219,8769,450
2,2026080502,584,89352,99,54154,True,0.5471229140335149,0,153,9219,8889,330
2,2026080502,585,89505,95,54249,True,0.6214062639120054,0,153,9219,8949,270
2,2026080502,586,89658,91,54340,True,0.5579475009606643,0,153,9219,8835,384
2,2026080502,587,89811,98,54438,True,0.5474327231581091,0,153,9219,8697,522
2,2026080502,588,89964,86,54524,True,0.4514320590486475,0,153,9219,9033,186
2,2026080502,589,90117,99,54623,True,0.5175139845870326,0,153,9219,8829,390
2,2026080502,590,90270,102,54725,True,0.5712886196076417,0,153,9219,8787,432
2,2026080502,591,90423,95,54820,True,0.5517168759331278,0,153,9219,8928,291
2,2026080502,592,90576,94,54914,True,0.56215429226241,0,153,9219,8709,510
2,2026080502,593,90729,94,55008,True,0.5123797855524295,0,153,9219,8796,423
2,2026080502,594,90882,104,55112,True,0.5276391437474701,0,153,9219,8988,231
2,2026080502,595,91035,91,55203,True,0.5784949513394289,0,153,9219,8733,486
2,2026080502,596,91188,103,55306,True,0.6375242132310704,0,153,9219,8901,318
2,2026080502,597,91341,90,55396,True,0.6514704205214937,0,153,9219,8793,426
2,2026080502,598,91494,103,55499,True,0.5901857980799062,0,153,9219,8925,294
2,2026080502,599,91647,93,55592,True,0.468100903844205,0,153,9219,8919,300
2,2026080502,600,91800,108,55700,True,0.5314662054913286,0,153,9219,8778,441
2,2026080502,601,91953,84,55784,True,0.6853638159154847,0,153,9219,8775,444
2,2026080502,602,92106,106,55890,True,0.5655968412218221,0,153,9219,8964,255
2,2026080502,603,92259,87,55977,True,0.6002144233469958,0,153,9219,8829,390
2,2026080502,604,92412,89,56066,True,0.6512769445633588,0,153,9219,8712,507
2,2026080502,605,92565,101,56167,True,0.4762424487148969,0,153,9219,8745,474
2,2026080502,606,92718,101,56268,True,0.5707736050185501,0,153,9219,8892,327
2,2026080502,607,92871,97,56365,True,0.5977434852473659,0,153,9219,9015,204
2,2026080502,608,93024,81,56446,True,0.5076547700373052,0,153,9219,8820,399
2,2026080502,609,93177,93,56539,True,0.6526244042611966,0,153,9219,8691,528
2,2026080502,610,93330,94,56633,True,0.5283469192149014,0,153,9219,8751,468
2,2026080502,611,93483,79,56712,True,0.6814479077666185,0,153,9219,8796,423
2,2026080502,612,93636,103,56815,True,0.6829364832750066,0,153,9219,8589,630
2,2026080502,613,93789,85,56900,True,0.6346354133940878,0,153,9219,8601,618
2,2026080502,614,93942,96,56996,True,0.6255313358279693,0,153,9219,8883,336
2,2026080502,615,94095,82,57078,True,0.7733611961776173,1,153,9219,8763,456
2,2026080502,616,94248,80,57158,True,0.3474216382931834,1,153,9219,8973,246
2,2026080502,617,94401,91,57249,True,0.6112925610519396,0,153,9219,8718,501
2,2026080502,618,94554,100,57349,True,0.5336482005917808,0,153,9219,8511,708
2,2026080502,619,94707,98,57447,True,0.6266460822815102,0,153,9219,8721,498
2,2026080502,620,94860,94,57541,True,0.6746438236792636,0,153,9219,8763,456
2,2026080502,621,95013,98,57639,True,0.64348425441007,0,153,9219,8685,534
2,2026080502,622,95166,81,57720,True,0.7817924538595723,1,153,9219,8727,492
2,2026080502,623,95319,95,57815,True,0.6097264864247466,0,153,9219,8859,360
2,2026080502,624,95472,83,57898,True,0.6344570309766151,0,153,9219,8850,369
2,2026080502,625,95625,100,57998,True,0.4923022087241771,0,153,9219,8931,288
2,2026080502,626,95778,90,58088,True,0.5919219523957009,0,153,9219,8724,495
2,2026080502,627,95931,92,58180,True,0.6810780581419933,0,153,9219,8928,291
2,2026080502,628,96084,92,58272,True,0.6059423892600592,0,153,9219,8859,360
2,2026080502,629,96237,93,58365,True,0.5463041327756585,0,153,9219,8862,357
2,2026080502,630,96390,88,58453,True,0.694400419430058,0,153,9219,8934,285
2,2026080502,631,96543,94,58547,True,0.68703157516803,0,153,9219,8712,507
2,2026080502,632,96696,83,58630,True,0.6053615493090564,0,153,9219,8676,543
2,2026080502,633,96849,101,58731,True,0.5975332844496427,0,153,9219,8829,390
2,2026080502,634,97002,95,58826,True,0.31088239582135907,1,153,9219,8973,246
2,2026080502,635,97155,92,58918,True,0.4570758257465325,0,153,9219,8703,516
2,2026080502,636,97308,83,59001,True,0.4875744827198953,0,153,9219,8817,402
2,2026080502,637,97461,102,59103,True,0.5271976763985914,0,153,9219,8739,480
2,2026080502,638,97614,86,59189,True,0.5100227486062922,0,153,9219,8916,303
2,2026080502,639,97767,98,59287,True,0.5186758079060824,0,153,9219,9018,201
2,2026080502,640,97920,93,59380,True,0.6537496818432911,0,153,9219,8844,375
2,2026080502,641,98073,94,59474,True,0.5602048745316447,0,153,9219,8802,417
2,2026080502,642,98226,97,59571,True,0.6527014378506115,0,153,9219,8820,399
2,2026080502,643,98379,98,59669,True,0.5984567893695805,0,153,9219,8841,378
2,2026080502,644,98532,97,59766,True,0.5358614064668296,0,153,9219,8871,348
2,2026080502,645,98685,84,59850,True,0.6932569773135012,0,153,9219,8847,372
2,2026080502,646,98838,97,59947,True,0.5537925960408872,0,153,9219,8772,447
2,2026080502,647,98991,90,60037,True,0.5780791407177337,0,153,9219,8460,759
2,2026080502,648,99144,88,60125,True,0.7632123831781419,1,153,9219,8685,534
2,2026080502,649,99297,96,60221,True,0.6851946365838156,0,153,9219,8880,339
2,2026080502,650,99450,97,60318,True,0.5834397558115256,0,153,9219,8550,669
2,2026080502,651,99603,98,60416,True,0.5048101280398941,0,153,9219,8742,477
2,2026080502,652,99756,89,60505,True,0.6101717595634676,0,153,9219,8805,414
2,2026080502,653,99909,96,60601,True,0.6650194855954297,0,153,9219,8856,363
2,2026080502,654,100062,90,60691,True,0.48162353908684147,0,153,9219,8715,504
2,2026080502,655,100215,98,60789,True,0.33383284443969796,1,153,9219,8787,432
2,2026080502,656,100368,94,60883,True,0.5423862279180972,0,153,9219,8850,369
2,2026080502,657,100521,86,60969,True,0.6347054047315402,0,153,9219,8844,375
2,2026080502,658,100674,89,61058,True,0.45853199319262244,0,153,9219,8811,408
2,2026080502,659,100827,88,61146,True,0.6021242040134688,0,153,9219,8871,348
2,2026080502,660,100980,89,61235,True,0.5253362377674792,0,153,9219,8640,579
2,2026080502,661,101133,91,61326,True,0.5429404908514919,0,153,9219,8727,492
2,2026080502,662,101286,103,61429,True,0.5654982053150961,0,153,9219,8937,282
2,2026080502,663,101439,95,61524,True,0.37819859759298685,1,153,9219,8937,282
2,2026080502,664,101592,96,61620,True,0.5697854419996718,0,153,9219,8865,354
2,2026080502,665,101745,92,61712,True,0.5638848252625238,0,153,9219,8934,285
2,2026080502,666,101898,92,61804,True,0.5541275804235986,0,153,9219,8994,225
2,2026080502,667,102051,97,61901,True,0.6610983404069449,0,153,9219,8751,468
2,2026080502,668,102204,90,61991,True,0.4924223081063894,0,153,9219,8901,318
2,2026080502,669,102357,91,62082,True,0.6400383197871585,0,153,9219,8601,618
2,2026080502,670,102510,98,62180,True,0.4010343455445868,1,153,9219,8898,321
2,2026080502,671,102663,95,62275,True,0.35758689455786113,1,153,9219,8961,258
2,2026080502,672,102816,92,62367,True,0.3764098697004113,1,153,9219,8967,252
2,2026080502,673,102969,94,62461,True,0.5995097320028334,0,153,9219,8847,372
2,2026080502,674,103122,97,62558,True,0.562438226139809,0,153,9219,8889,330
2,2026080502,675,103275,87,62645,True,0.4839749843474357,0,153,9219,8850,369
2,2026080502,676,103428,98,62743,True,0.48042059929685565,0,153,9219,8676,543
2,2026080502,677,103581,90,62833,True,0.4298304852508041,0,153,9219,8937,282
2,2026080502,678,103734,100,62933,True,0.5051329921618253,0,153,9219,8928,291
2,2026080502,679,103887,79,63012,True,0.5374401475462927,0,153,9219,8454,765
2,2026080502,680,104040,104,63116,True,0.5547147974196518,0,153,9219,8907,312
2,2026080502,681,104193,87,63203,True,0.46469463033822644,0,153,9219,8760,459
2,2026080502,682,104346,91,63294,True,0.5562364090268436,0,153,9219,8592,627
2,2026080502,683,104499,98,63392,True,0.4949266778977856,0,153,9219,8928,291
2,2026080502,684,104652,91,63483,True,0.5129111349890312,0,153,9219,8718,501
2,2026080502,685,104805,84,63567,True,0.6045703774225701,0,153,9219,8847,372
2,2026080502,686,104958,88,63655,True,0.6057027050736404,0,153,9219,8778,441
2,2026080502,687,105111,83,63738,True,0.6488869374273465,0,153,9219,8901,318
2,2026080502,688,105264,90,63828,True,0.4665128532943524,0,153,9219,8835,384
2,2026080502,689,105417,96,63924,True,0.4530225683759572,0,153,9219,8901,318
2,2026080502,690,105570,90,64014,True,0.5138957936340577,0,153,9219,8622,597
2,2026080502,691,105723,96,64110,True,0.591944081146398,0,153,9219,8751,468
2,2026080502,692,105876,100,64210,True,0.6470225416313843,0,153,9219,8838,381
2,2026080502,693,106029,91,64301,True,0.6802938754070798,0,153,9219,8925,294
2,2026080502,694,106182,84,64385,True,0.4733826046142003,0,153,9219,8739,480
2,2026080502,695,106335,95,64480,True,0.44083295159177627,0,153,9219,8916,303
2,2026080502,696,106488,89,64569,True,0.4478206358331898,0,153,9219,8769,450
2,2026080502,697,106641,96,64665,True,0.5418782881385972,0,153,9219,8697,522
2,2026080502,698,106794,89,64754,True,0.7400328263669176,1,153,9219,8550,669
2,2026080502,699,106947,98,64852,True,0.662476393921586,0,153,9219,8715,504
2,2026080502,700,107100,95,64947,True,0.7025357067048438,0,153,9219,8739,480
2,2026080502,701,107253,74,65021,True,0.6106013688672295,0,153,9219,8886,333
2,2026080502,702,107406,89,65110,True,0.5297967246637318,0,153,9219,8823,396
2,2026080502,703,107559,86,65196,True,0.6724329336562087,0,153,9219,8847,372
2,2026080502,704,107712,104,65300,True,0.6995412599720455,0,153,9219,8697,522
2,2026080502,705,107865,101,65401,True,0.5383384729127284,0,153,9219,8916,303
2,2026080502,706,108018,99,65500,True,0.5101769824693493,0,153,9219,8907,312
2,2026080502,707,108171,93,65593,True,0.556929469742379,0,153,9219,8979,240
2,2026080502,708,108324,92,65685,True,0.5448796493042537,0,153,9219,8679,540
2,2026080502,709,108477,91,65776,True,0.6485604241393788,0,153,9219,8814,405
2,2026080502,710,108630,91,65867,True,0.4630441083360141,0,153,9219,9018,201
2,2026080502,711,108783,86,65953,True,0.46900255604134694,0,153,9219,8760,459
2,2026080502,712,108936,98,66051,True,0.5533648571562433,0,153,9219,8706,513
2,2026080502,713,109089,88,66139,True,0.5667477328572569,0,153,9219,8931,288
2,2026080502,714,109242,91,66230,True,0.589639641455289,0,153,9219,8685,534
2,2026080502,715,109395,94,66324,True,0.6578613962456922,0,153,9219,8838,381
2,2026080502,716,109548,91,66415,True,0.453343409274912,0,153,9219,8859,360
2,2026080502,717,109701,85,66500,True,0.5587272931089915,0,153,9219,8772,447
2,2026080502,718,109854,101,66601,True,0.5404745103906476,0,153,9219,8766,453
2,2026080502,719,110007,71,66672,True,0.5414165532132021,0,153,9219,8832,387
2,2026080502,720,110160,101,66773,True,0.5798865462228425,0,153,9219,8868,351
2,2026080502,721,110313,91,66864,True,0.6714813567409446,0,153,9219,8778,441
2,2026080502,722,110466,90,66954,True,0.5062265797999254,0,153,9219,8706,513
2,2026080502,723,110619,95,67049,True,0.4940001646441748,0,153,9219,8985,234
2,2026080502,724,110772,98,67147,True,0.584189362868903,0,153,9219,8646,573
2,2026080502,725,110925,103,67250,True,0.40836264957802176,1,153,9219,8775,444
2,2026080502,726,111078,92,67342,True,0.5736064480368663,0,153,9219,8892,327
2,2026080502,727,111231,104,67446,True,0.5621726641207777,0,153,9219,8901,318
2,2026080502,728,111384,89,67535,True,0.6776546935629503,0,153,9219,8586,633
2,2026080502,729,111537,102,67637,True,0.5626253835738646,0,153,9219,8802,417
2,2026080502,730,111690,94,67731,True,0.5725616169448788,0,153,9219,8757,462
2,2026080502,731,111843,88,67819,True,0.5156766582728813,0,153,9219,8877,342
2,2026080502,732,111996,94,67913,True,0.42624524487336457,1,153,9219,8760,459
2,2026080502,733,112149,88,68001,True,0.5029617772164315,0,153,9219,8907,312
2,2026080502,734,112302,83,68084,True,0.5910304035221671,0,153,9219,8976,243
2,2026080502,735,112455,80,68164,True,0.622964117007196,0,153,9219,8775,444
2,2026080502,736,112608,85,68249,True,0.6319733987358473,0,153,9219,8817,402
2,2026080502,737,112761,92,68341,True,0.6533046969849813,0,153,9219,8847,372
2,2026080502,738,112914,90,68431,True,0.5735033102661086,0,153,9219,8865,354
2,2026080502,739,113067,92,68523,True,0.6075044064612072,0,153,9219,8847,372
2,2026080502,740,113220,91,68614,True,0.6145588891427031,0,153,9219,8883,336
2,2026080502,741,113373,88,68702,True,0.6064589016233026,0,153,9219,8886,333
2,2026080502,742,113526,80,68782,True,0.6089168329310443,0,153,9219,8886,333
2,2026080502,743,113679,87,68869,True,0.6877319981529515,0,153,9219,8763,456
2,2026080502,744,113832,82,68951,True,0.7064100553463875,0,153,9219,8625,594
2,2026080502,745,113985,90,69041,True,0.5815473952836684,0,153,9219,8700,519
2,2026080502,746,114138,86,69127,True,0.6322195176686088,0,153,9219,8922,297
2,2026080502,747,114291,87,69214,True,0.6124302762224305,0,153,9219,8736,483
2,2026080502,748,114444,100,69314,True,0.6262925181137485,0,153,9219,8880,339
2,2026080502,749,114597,75,69389,True,0.7293726407021319,1,153,9219,8649,570
2,2026080502,750,114750,97,69486,True,0.6380655162281795,0,153,9219,8595,624
2,2026080502,751,114903,99,69585,True,0.4936492198456128,0,153,9219,8727,492
2,2026080502,752,115056,90,69675,True,0.560003907632023,0,153,9219,8940,279
2,2026080502,753,115209,85,69760,True,0.6739355826728423,0,153,9219,8832,387
2,2026080502,754,115362,95,69855,True,0.5030750183469985,0,153,9219,8940,279
2,2026080502,755,115515,94,69949,True,0.6479768316925051,0,153,9219,8709,510
2,2026080502,756,115668,95,70044,True,0.5222608186101009,0,153,9219,8838,381
2,2026080502,757,115821,98,70142,True,0.5857422656278405,0,153,9219,8877,342
2,2026080502,758,115974,90,70232,True,0.5956528189318293,0,153,9219,8862,357
2,2026080502,759,116127,103,70335,True,0.7019232705555815,0,153,9219,8805,414
2,2026080502,760,116280,88,70423,True,0.38444528288415347,1,153,9219,8814,405
2,2026080502,761,116433,96,70519,True,0.5107867295632418,0,153,9219,8868,351
2,2026080502,762,116586,89,70608,True,0.6719604288219224,0,153,9219,8406,813
2,2026080502,763,116739,93,70701,True,0.4832179484267518,0,153,9219,8847,372
2,2026080502,764,116892,88,70789,True,0.4840738442946575,0,153,9219,8970,249
2,2026080502,765,117045,98,70887,True,0.6143424824336868,0,153,9219,8637,582
2,2026080502,766,117198,87,70974,True,0.7049777397069886,0,153,9219,8868,351
2,2026080502,767,117351,87,71061,True,0.6454125752018471,0,153,9219,8922,297
2,2026080502,768,117504,96,71157,True,0.5564290687767955,0,153,9219,8736,483
2,2026080502,769,117657,88,71245,True,0.6411826186122076,0,153,9219,8856,363
2,2026080502,770,117810,97,71342,True,0.7122290482190857,0,153,9219,8898,321
2,2026080502,771,117963,91,71433,True,0.5195613644543835,0,153,9219,8871,348
2,2026080502,772,118116,99,71532,True,0.5673653407621384,0,153,9219,8910,309
2,2026080502,773,118269,97,71629,True,0.5062816569340317,0,153,9219,8886,333
2,2026080502,774,118422,93,71722,True,0.4537474206572842,0,153,9219,8907,312
2,2026080502,775,118575,97,71819,True,0.6457775502456872,0,153,9219,8856,363
2,2026080502,776,118728,95,71914,True,0.6027815228642973,0,153,9219,8859,360
2,2026080502,777,118881,85,71999,True,0.40217100835547864,1,153,9219,8772,447
2,2026080502,778,119034,90,72089,True,0.5565483259911086,0,153,9219,8805,414
2,2026080502,779,119187,111,72200,True,0.27937297760741736,1,153,9219,8925,294
2,2026080502,780,119340,85,72285,True,0.6756407622398207,0,153,9219,8916,303
2,2026080502,781,119493,100,72385,True,0.6427783038696655,0,153,9219,8874,345
2,2026080502,782,119646,84,72469,True,0.5378941874355639,0,153,9219,8850,369
2,2026080502,783,119799,87,72556,True,0.5565073410481124,0,153,9219,8880,339
2,2026080502,784,119952,95,72651,True,0.47123379202058463,0,153,9219,8778,441
2,2026080502,785,120105,84,72735,True,0.46886506945531914,0,153,9219,8763,456
2,2026080502,786,120258,94,72829,True,0.655084517049361,0,153,9219,8709,510
2,2026080502,787,120411,91,72920,True,0.5208228459198064,0,153,9219,8925,294
2,2026080502,788,120564,96,73016,True,0.49332464971298906,0,153,9219,8907,312
2,2026080502,789,120717,92,73108,True,0.4476022928932872,0,153,9219,8985,234
2,2026080502,790,120870,83,73191,True,0.3930348372052901,1,153,9219,8952,267
2,2026080502,791,121023,102,73293,True,0.5794810743387424,0,153,9219,8901,318
2,2026080502,792,121176,90,73383,True,0.5075007684864109,0,153,9219,8763,456
2,2026080502,793,121329,98,73481,True,0.4488602835186589,0,153,9219,8769,450
2,2026080502,794,121482,89,73570,True,0.44442752918127043,0,153,9219,8838,381
2,2026080502,795,121635,92,73662,True,0.592067366322872,0,153,9219,8946,273
2,2026080502,796,121788,88,73750,True,0.6538869451877576,0,153,9219,8925,294
2,2026080502,797,121941,93,73843,True,0.6300689053376182,0,153,9219,8643,576
2,2026080502,798,122094,90,73933,True,0.5184102614814889,0,153,9219,8850,369
2,2026080502,799,122247,94,74027,True,0.5121366121775455,0,153,9219,8910,309
2,2026080502,800,122400,95,74122,True,0.6995279809266927,0,153,9219,8835,384
2,2026080502,801,122553,94,74216,True,0.5908498733159124,0,153,9219,8868,351
2,2026080502,802,122706,102,74318,True,0.5795200967768034,0,153,9219,8664,555
2,2026080502,803,122859,102,74420,True,0.5221611502804893,0,153,9219,8904,315
2,2026080502,804,123012,96,74516,True,0.5432956306013106,0,153,9219,8952,267
2,2026080502,805,123165,93,74609,True,0.6130147006914578,0,153,9219,8523,696
2,2026080502,806,123318,96,74705,True,0.471855699434552,0,153,9219,8910,309
2,2026080502,807,123471,86,74791,True,0.4217927756668114,1,153,9219,9015,204
2,2026080502,808,123624,97,74888,True,0.6337686956094777,0,153,9219,8919,300
2,2026080502,809,123777,88,74976,True,0.6172631185511266,0,153,9219,8850,369
2,2026080502,810,123930,97,75073,True,0.5111401960329818,0,153,9219,8982,237
2,2026080502,811,124083,92,75165,True,0.5765990393163429,0,153,9219,8520,699
2,2026080502,812,124236,97,75262,True,0.5364506504580769,0,153,9219,8712,507
2,2026080502,813,124389,93,75355,True,0.4011364286800487,1,153,9219,8940,279
2,2026080502,814,124542,91,75446,True,0.5459617227088898,0,153,9219,8733,486
2,2026080502,815,124695,108,75554,True,0.5850773882622179,0,153,9219,8766,453
2,2026080502,816,124848,96,75650,True,0.5335596723567787,0,153,9219,8742,477
2,2026080502,817,125001,97,75747,True,0.7656162987939392,1,153,9219,8853,366
2,2026080502,818,125154,88,75835,True,0.6709137885321187,0,153,9219,8655,564
2,2026080502,819,125307,82,75917,True,0.5688659577623412,0,153,9219,8775,444
2,2026080502,820,125460,79,75996,True,0.6388064278470772,0,153,9219,8532,687
2,2026080502,821,125613,91,76087,True,0.6658303722159524,0,153,9219,8844,375
2,2026080502,822,125766,90,76177,True,0.6492191456597579,0,153,9219,8847,372
2,2026080502,823,125919,88,76265,True,0.6437253577775222,0,153,9219,8802,417
2,2026080502,824,126072,87,76352,True,0.611689836554079,0,153,9219,8763,456
2,2026080502,825,126225,90,76442,True,0.574737576710948,0,153,9219,9021,198
2,2026080502,826,126378,93,76535,True,0.5880870911445714,0,153,9219,8628,591
2,2026080502,827,126531,90,76625,True,0.6306693948662558,0,153,9219,8871,348
2,2026080502,828,126684,86,76711,True,0.6526899537096648,0,153,9219,8589,630
2,2026080502,829,126837,95,76806,True,0.5677594729771503,0,153,9219,8970,249
2,2026080502,830,126990,90,76896,True,0.55354794887148,0,153,9219,8922,297
2,2026080502,831,127143,89,76985,True,0.600710589880135,0,153,9219,8835,384
2,2026080502,832,127296,93,77078,True,0.7316780269584039,1,153,9219,8757,462
2,2026080502,833,127449,93,77171,True,0.6888311733043306,0,153,9219,8703,516
2,2026080502,834,127602,103,77274,True,0.5846319473326091,0,153,9219,8925,294
2,2026080502,835,127755,97,77371,True,0.5086619172859929,0,153,9219,8931,288
2,2026080502,836,127908,82,77453,True,0.5119265186258232,0,153,9219,8730,489
2,2026080502,837,128061,85,77538,True,0.6975880257810712,0,153,9219,8676,543
2,2026080502,838,128214,98,77636,True,0.3879280031380584,1,153,9219,8613,606
2,2026080502,839,128367,94,77730,True,0.4345037234715329,0,153,9219,8949,270
2,2026080502,840,128520,93,77823,True,0.5862444753879543,0,153,9219,8877,342
2,2026080502,841,128673,95,77918,True,0.6245400213045871,0,153,9219,8784,435
2,2026080502,842,128826,97,78015,True,0.6464886051631807,0,153,9219,8715,504
2,2026080502,843,128979,98,78113,True,0.6104879742305356,0,153,9219,8964,255
2,2026080502,844,129132,85,78198,True,0.4243158303643671,1,153,9219,8751,468
2,2026080502,845,129285,92,78290,True,0.4786976694719735,0,153,9219,8868,351
2,2026080502,846,129438,96,78386,True,0.5095910180921128,0,153,9219,8928,291
2,2026080502,847,129591,90,78476,True,0.5956029834992551,0,153,9219,8757,462
2,2026080502,848,129744,84,78560,True,0.4335948132917857,0,153,9219,8820,399
2,2026080502,849,129897,95,78655,True,0.6021469224245428,0,153,9219,8751,468
2,2026080502,850,130050,90,78745,True,0.6940609559839491,0,153,9219,8724,495
2,2026080502,851,130203,95,78840,True,0.6822649751013116,0,153,9219,8742,477
2,2026080502,852,130356,96,78936,True,0.7106800025961142,0,153,9219,8856,363
2,2026080502,853,130509,80,79016,True,0.5348633243888551,0,153,9219,8733,486
2,2026080502,854,130662,84,79100,True,0.49908777156286244,0,153,9219,8853,366
2,2026080502,855,130815,78,79178,True,0.6394375573618163,0,153,9219,8712,507
2,2026080502,856,130968,99,79277,True,0.5666107972128307,0,153,9219,8565,654
2,2026080502,857,131121,87,79364,True,0.5312482757260303,0,153,9219,8811,408
2,2026080502,858,131274,97,79461,True,0.6236504712169244,0,153,9219,8640,579
2,2026080502,859,131427,86,79547,True,0.6115711888281701,0,153,9219,8637,582
2,2026080502,860,131580,93,79640,True,0.6371123109862825,0,153,9219,8703,516
2,2026080502,861,131733,87,79727,True,0.5033728070736216,0,153,9219,8730,489
2,2026080502,862,131886,96,79823,True,0.5640937933412175,0,153,9219,8847,372
2,2026080502,863,132039,92,79915,True,0.5550657313490902,0,153,9219,8718,501
2,2026080502,864,132192,87,80002,True,0.6527481436292856,0,153,9219,8991,228
2,2026080502,865,132345,101,80103,True,0.5982457482625664,0,153,9219,8634,585
2,2026080502,866,132498,89,80192,True,0.7202908351893553,1,153,9219,8469,750
2,2026080502,867,132651,101,80293,True,0.515102329162399,0,153,9219,8913,306
2,2026080502,868,132804,92,80385,True,0.6267793714192325,0,153,9219,8706,513
2,2026080502,869,132957,98,80483,True,0.5429984644874032,0,153,9219,8865,354
2,2026080502,870,133110,76,80559,True,0.6177985457080728,0,153,9219,8730,489
2,2026080502,871,133263,90,80649,True,0.6868530166012081,0,153,9219,8685,534
2,2026080502,872,133416,89,80738,True,0.622645579798578,0,153,9219,8814,405
2,2026080502,873,133569,87,80825,True,0.39633764665408683,1,153,9219,8958,261
2,2026080502,874,133722,89,80914,True,0.6365878835225198,0,153,9219,8637,582
2,2026080502,875,133875,90,81004,True,0.6845896484606381,0,153,9219,8493,726
2,2026080502,876,134028,91,81095,True,0.5824438982401586,0,153,9219,8793,426
2,2026080502,877,134181,85,81180,True,0.5992057705722754,0,153,9219,8748,471
2,2026080502,878,134334,96,81276,True,0.6060145986691726,0,153,9219,8793,426
2,2026080502,879,134487,91,81367,True,0.4847481299232766,0,153,9219,8664,555
2,2026080502,880,134640,95,81462,True,0.6152179767342199,0,153,9219,8736,483
2,2026080502,881,134793,96,81558,True,0.5918334373929127,0,153,9219,8760,459
2,2026080502,882,134946,99,81657,True,0.5475680087568425,0,153,9219,8814,405
2,2026080502,883,135099,87,81744,True,0.4298617964434005,0,153,9219,8895,324
2,2026080502,884,135252,90,81834,True,0.5179123276155794,0,153,9219,8868,351
2,2026080502,885,135405,104,81938,True,0.5017731665726486,0,153,9219,8781,438
2,2026080502,886,135558,89,82027,True,0.6215125038417239,0,153,9219,8835,384
2,2026080502,887,135711,94,82121,True,0.6009447188993315,0,153,9219,8796,423
2,2026080502,888,135864,83,82204,True,0.5311467225836318,0,153,9219,8553,666
2,2026080502,889,136017,90,82294,True,0.5877521678017373,0,153,9219,8841,378
2,2026080502,890,136170,107,82401,True,0.6603381797442178,0,153,9219,8691,528
2,2026080502,891,136323,97,82498,True,0.5628182540249247,0,153,9219,8751,468
2,2026080502,892,136476,84,82582,True,0.5176688744980722,0,153,9219,8712,507
2,2026080502,893,136629,82,82664,True,0.586421501613867,0,153,9219,8724,495
2,2026080502,894,136782,91,82755,True,0.6492188828629037,0,153,9219,8949,270
2,2026080502,895,136935,91,82846,True,0.6463670073635355,0,153,9219,8808,411
2,2026080502,896,137088,93,82939,True,0.5147921189597822,0,153,9219,8847,372
2,2026080502,897,137241,97,83036,True,0.527482634931181,0,153,9219,8781,438
2,2026080502,898,137394,93,83129,True,0.6411362939459659,0,153,9219,8691,528
2,2026080502,899,137547,93,83222,True,0.46119782276830656,0,153,9219,8916,303
2,2026080502,900,137700,95,83317,True,0.5631136642920537,0,153,9219,8910,309
2,2026080502,901,137853,100,83417,True,0.48301605740264475,0,153,9219,9012,207
2,2026080502,902,138006,79,83496,True,0.659265764712437,0,153,9219,8922,297
2,2026080502,903,138159,81,83577,True,0.5837121858870911,0,153,9219,8901,318
2,2026080502,904,138312,89,83666,True,0.6131596513093077,0,153,9219,8751,468
2,2026080502,905,138465,87,83753,True,0.569829702336177,0,153,9219,8817,402
2,2026080502,906,138618,87,83840,True,0.49675771818911363,0,153,9219,8892,327
2,2026080502,907,138771,93,83933,True,0.41260326488708704,1,153,9219,8853,366
2,2026080502,908,138924,102,84035,True,0.5643593950645203,0,153,9219,8904,315
2,2026080502,909,139077,104,84139,True,0.634162101446483,0,153,9219,8679,540
2,2026080502,910,139230,74,84213,True,0.5027948021338133,0,153,9219,8955,264
2,2026080502,911,139383,96,84309,True,0.39178710124575145,1,153,9219,8787,432
2,2026080502,912,139536,77,84386,True,0.461138599076156,0,153,9219,8910,309
2,2026080502,913,139689,99,84485,True,0.5203028514127291,0,153,9219,8808,411
2,2026080502,914,139842,104,84589,True,0.6388894701690119,0,153,9219,8778,441
2,2026080502,915,139995,96,84685,True,0.41018775008344316,1,153,9219,8955,264
2,2026080502,916,140148,77,84762,True,0.7179809151611725,1,153,9219,8862,357
2,2026080502,917,140301,88,84850,True,0.5740664362527385,0,153,9219,8538,681
2,2026080502,918,140454,95,84945,True,0.6337895487145415,0,153,9219,8571,648
2,2026080502,919,140607,93,85038,True,0.4885133574750989,0,153,9219,8862,357
2,2026080502,920,140760,99,85137,True,0.5661962553033476,0,153,9219,8880,339
2,2026080502,921,140913,94,85231,True,0.6896574096934198,0,153,9219,8826,393
2,2026080502,922,141066,91,85322,True,0.6755186473079056,0,153,9219,8694,525
2,2026080502,923,141219,82,85404,True,0.6586099404410883,0,153,9219,8577,642
2,2026080502,924,141372,91,85495,True,0.6848702114995352,0,153,9219,8718,501
2,2026080502,925,141525,90,85585,True,0.5340901606712828,0,153,9219,8934,285
2,2026080502,926,141678,91,85676,True,0.5517004821662141,0,153,9219,8565,654
2,2026080502,927,141831,90,85766,True,0.5557019948976648,0,153,9219,8943,276
2,2026080502,928,141984,89,85855,True,0.4347343084970061,0,153,9219,8844,375
2,2026080502,929,142137,97,85952,True,0.74682939056896,1,153,9219,8541,678
2,2026080502,930,142290,91,86043,True,0.4777408952498388,0,153,9219,8916,303
2,2026080502,931,142443,97,86140,True,0.5787800614376516,0,153,9219,8853,366
2,2026080502,932,142596,94,86234,True,0.37451683479407627,1,153,9219,8922,297
2,2026080502,933,142749,95,86329,True,0.5317856262495316,0,153,9219,8865,354
2,2026080502,934,142902,89,86418,True,0.5900600697657049,0,153,9219,8829,390
2,2026080502,935,143055,91,86509,True,0.6095663710670707,0,153,9219,8931,288
2,2026080502,936,143208,78,86587,True,0.6368177216367948,0,153,9219,8853,366
2,2026080502,937,143361,85,86672,True,0.6745208519113236,0,153,9219,8751,468
2,2026080502,938,143514,85,86757,True,0.5801892699688539,0,153,9219,8886,333
2,2026080502,939,143667,83,86840,True,0.6013452507294981,0,153,9219,8658,561
2,2026080502,940,143820,100,86940,True,0.6122210286544263,0,153,9219,8733,486
2,2026080502,941,143973,81,87021,True,0.6573523697658386,0,153,9219,8742,477
2,2026080502,942,144126,84,87105,True,0.6230792333771636,0,153,9219,8718,501
2,2026080502,943,144279,82,87187,True,0.5707270964075183,0,153,9219,8508,711
2,2026080502,944,144432,94,87281,True,0.6718366556167169,0,153,9219,8901,318
2,2026080502,945,144585,95,87376,True,0.6322540356273885,0,153,9219,8262,957
2,2026080502,946,144738,97,87473,True,0.7139831862149659,0,153,9219,8853,366
2,2026080502,947,144891,94,87567,True,0.7386070822559709,1,153,9219,8610,609
2,2026080502,948,145044,94,87661,True,0.6930579485178756,0,153,9219,8739,480
2,2026080502,949,145197,86,87747,True,0.5603274963885092,0,153,9219,8799,420
2,2026080502,950,145350,92,87839,True,0.4575165081654759,0,153,9219,8736,483
2,2026080502,951,145503,89,87928,True,0.5243858005936226,0,153,9219,8751,468
2,2026080502,952,145656,99,88027,True,0.5783817269149829,0,153,9219,8895,324
2,2026080502,953,145809,104,88131,True,0.6450058838902566,0,153,9219,8886,333
2,2026080502,954,145962,95,88226,True,0.5831451616376028,0,153,9219,8760,459
2,2026080502,955,146115,103,88329,True,0.5182332196632171,0,153,9219,8790,429
2,2026080502,956,146268,96,88425,True,0.572659448917732,0,153,9219,8877,342
2,2026080502,957,146421,88,88513,True,0.6914423422657882,0,153,9219,8769,450
2,2026080502,958,146574,90,88603,True,0.5118819913250103,0,153,9219,8793,426
2,2026080502,959,146727,97,88700,True,0.5265764679483691,0,153,9219,8736,483
2,2026080502,960,146880,87,88787,True,0.5053542796687959,0,153,9219,8700,519
2,2026080502,961,147033,84,88871,True,0.6668277735052545,0,153,9219,8679,540
2,2026080502,962,147186,93,88964,True,0.6672688331523714,0,153,9219,8649,570
2,2026080502,963,147339,97,89061,True,0.5256360753368267,0,153,9219,8688,531
2,2026080502,964,147492,95,89156,True,0.5419657906315547,0,153,9219,8811,408
2,2026080502,965,147645,78,89234,True,0.40621658720927345,1,153,9219,8883,336
2,2026080502,966,147798,97,89331,True,0.5819861433327203,0,153,9219,8931,288
2,2026080502,967,147951,93,89424,True,0.5396856619649023,0,153,9219,8895,324
2,2026080502,968,148104,99,89523,True,0.4680445010530735,0,153,9219,8796,423
2,2026080502,969,148257,86,89609,True,0.4167158716223501,1,153,9219,8520,699
2,2026080502,970,148410,102,89711,True,0.4178000820294761,1,153,9219,8919,300
2,2026080502,971,148563,92,89803,True,0.4743260249448346,0,153,9219,8481,738
2,2026080502,972,148716,85,89888,True,0.5342779309577846,0,153,9219,8568,651
2,2026080502,973,148869,85,89973,True,0.6303199440011386,0,153,9219,8880,339
2,2026080502,974,149022,89,90062,True,0.4120109481667274,1,153,9219,8655,564
2,2026080502,975,149175,94,90156,True,0.49241507702193255,0,153,9219,8985,234
2,2026080502,976,149328,87,90243,True,0.6181122998091576,0,153,9219,8778,441
2,2026080502,977,149481,90,90333,True,0.6485024504741672,0,153,9219,8778,441
2,2026080502,978,149634,95,90428,True,0.4682694632952887,0,153,9219,8922,297
2,2026080502,979,149787,83,90511,True,0.4856583019159862,0,153,9219,8799,420
2,2026080502,980,149940,102,90613,True,0.5777816807002786,0,153,9219,8922,297
2,2026080502,981,150093,80,90693,True,0.5038548065497462,0,153,9219,8790,429
2,2026080502,982,150246,81,90774,True,0.5816693423513176,0,153,9219,8682,537
2,2026080502,983,150399,75,90849,True,0.561212759831733,0,153,9219,8799,420
2,2026080502,984,150552,96,90945,True,0.6415230164279787,0,153,9219,8703,516
2,2026080502,985,150705,83,91028,True,0.6046496757154146,0,153,9219,8718,501
2,2026080502,986,150858,92,91120,True,0.368198253807712,1,153,9219,9051,168
2,2026080502,987,151011,93,91213,True,0.5313459026046007,0,153,9219,8985,234
2,2026080502,988,151164,94,91307,True,0.5646713880194628,0,153,9219,8895,324
2,2026080502,989,151317,100,91407,True,0.3850864574539569,1,153,9219,8976,243
2,2026080502,990,151470,92,91499,True,0.7406651000122044,1,153,9219,8394,825
2,2026080502,991,151623,80,91579,True,0.5785145050892058,0,153,9219,8763,456
2,2026080502,992,151776,85,91664,True,0.5711819067983731,0,153,9219,8778,441
2,2026080502,993,151929,96,91760,True,0.34182120855423315,1,153,9219,8979,240
2,2026080502,994,152082,93,91853,True,0.49395693780491784,0,153,9219,8895,324
2,2026080502,995,152235,94,91947,True,0.5067813401667013,0,153,9219,8964,255
2,2026080502,996,152388,101,92048,True,0.7435544053895762,1,153,9219,8499,720
2,2026080502,997,152541,95,92143,True,0.6081774408017752,0,153,9219,8808,411
2,2026080502,998,152694,100,92243,True,0.616989090882466,0,153,9219,8703,516
2,2026080502,999,152847,90,92333,True,0.6408791943602437,0,153,9219,8892,327
2,2026080502,1000,153000,85,92418,True,0.6861309100108475,0,153,9219,8898,321
3,2026080503,1,153,93,93,True,0.536635238716996,0,153,9219,8967,252
3,2026080503,2,306,95,188,True,0.6091641336389935,0,153,9219,8976,243
3,2026080503,3,459,90,278,True,0.6469478398224319,0,153,9219,8703,516
3,2026080503,4,612,90,368,True,0.7918564595974025,1,153,9219,8784,435
3,2026080503,5,765,87,455,True,0.650117952756607,0,153,9219,8805,414
3,2026080503,6,918,92,547,True,0.6166971917281181,0,153,9219,8799,420
3,2026080503,7,1071,95,642,True,0.6514179429058637,0,153,9219,8874,345
3,2026080503,8,1224,89,731,True,0.4944427774608079,0,153,9219,8979,240
3,2026080503,9,1377,88,819,True,0.4988115152302811,0,153,9219,8916,303
3,2026080503,10,1530,99,918,True,0.49298946240211416,0,153,9219,8832,387
3,2026080503,11,1683,94,1012,True,0.5656732026584974,0,153,9219,8631,588
3,2026080503,12,1836,88,1100,True,0.6514786396367631,0,153,9219,8889,330
3,2026080503,13,1989,83,1183,True,0.5971101924544584,0,153,9219,8832,387
3,2026080503,14,2142,103,1286,True,0.620322023876138,0,153,9219,8589,630
3,2026080503,15,2295,92,1378,True,0.5359033978785644,0,153,9219,8697,522
3,2026080503,16,2448,90,1468,True,0.6095208021443276,0,153,9219,8685,534
3,2026080503,17,2601,94,1562,True,0.5916152849458659,0,153,9219,8823,396
3,2026080503,18,2754,90,1652,True,0.514836234228468,0,153,9219,8970,249
3,2026080503,19,2907,89,1741,True,0.43574653374186784,0,153,9219,8670,549
3,2026080503,20,3060,86,1827,True,0.6508400162181048,0,153,9219,8742,477
3,2026080503,21,3213,93,1920,True,0.7197191793409558,1,153,9219,8589,630
3,2026080503,22,3366,82,2002,True,0.48068458480593,0,153,9219,8892,327
3,2026080503,23,3519,92,2094,True,0.6859021158098063,0,153,9219,8544,675
3,2026080503,24,3672,82,2176,True,0.6538545339198535,0,153,9219,8844,375
3,2026080503,25,3825,81,2257,True,0.6712691170933932,0,153,9219,8880,339
3,2026080503,26,3978,93,2350,True,0.6055497956533927,0,153,9219,8784,435
3,2026080503,27,4131,86,2436,True,0.46344008742935305,0,153,9219,8865,354
3,2026080503,28,4284,92,2528,True,0.5294977125381474,0,153,9219,8784,435
3,2026080503,29,4437,89,2617,True,0.6664800455118817,0,153,9219,8808,411
3,2026080503,30,4590,83,2700,True,0.655519981899056,0,153,9219,8865,354
3,2026080503,31,4743,99,2799,True,0.5589483747949339,0,153,9219,8859,360
3,2026080503,32,4896,83,2882,True,0.5504409211971224,0,153,9219,8958,261
3,2026080503,33,5049,89,2971,True,0.43279800812187735,0,153,9219,8913,306
3,2026080503,34,5202,101,3072,True,0.6305019572938151,0,153,9219,8400,819
3,2026080503,35,5355,96,3168,True,0.5849542465390167,0,153,9219,8814,405
3,2026080503,36,5508,91,3259,True,0.5581160455914963,0,153,9219,8841,378
3,2026080503,37,5661,99,3358,True,0.46634239809655337,0,153,9219,8898,321
3,2026080503,38,5814,88,3446,True,0.6995633882502845,0,153,9219,8805,414
3,2026080503,39,5967,88,3534,True,0.3835518859385707,1,153,9219,8964,255
3,2026080503,40,6120,99,3633,True,0.5092147891636161,0,153,9219,8685,534
3,2026080503,41,6273,95,3728,True,0.5159205165362344,0,153,9219,8706,513
3,2026080503,42,6426,97,3825,True,0.5082811111888067,0,153,9219,8724,495
3,2026080503,43,6579,89,3914,True,0.632911678517983,0,153,9219,8670,549
3,2026080503,44,6732,88,4002,True,0.6050701399337872,0,153,9219,8931,288
3,2026080503,45,6885,97,4099,True,0.6445082319914528,0,153,9219,8871,348
3,2026080503,46,7038,93,4192,True,0.6887271419246613,0,153,9219,8877,342
3,2026080503,47,7191,94,4286,True,0.696524201202591,0,153,9219,8820,399
3,2026080503,48,7344,93,4379,True,0.6152013981290098,0,153,9219,8802,417
3,2026080503,49,7497,109,4488,True,0.5199150708654962,0,153,9219,8847,372
3,2026080503,50,7650,88,4576,True,0.5760384502071152,0,153,9219,9006,213
3,2026080503,51,7803,105,4681,True,0.5198599279902263,0,153,9219,8922,297
3,2026080503,52,7956,88,4769,True,0.6482092055439943,0,153,9219,8880,339
3,2026080503,53,8109,87,4856,True,0.5811452508062319,0,153,9219,8859,360
3,2026080503,54,8262,96,4952,True,0.5677231065018441,0,153,9219,8877,342
3,2026080503,55,8415,101,5053,True,0.6055495338336563,0,153,9219,8826,393
3,2026080503,56,8568,92,5145,True,0.6321039957989912,0,153,9219,8832,387
3,2026080503,57,8721,90,5235,True,0.6151875538383107,0,153,9219,8889,330
3,2026080503,58,8874,86,5321,True,0.5439816658171411,0,153,9219,8805,414
3,2026080503,59,9027,94,5415,True,0.6429455256548534,0,153,9219,8511,708
3,2026080503,60,9180,86,5501,True,0.5709560874040898,0,153,9219,8859,360
3,2026080503,61,9333,83,5584,True,0.6147678260381289,0,153,9219,8940,279
3,2026080503,62,9486,88,5672,True,0.5471149394983938,0,153,9219,8982,237
3,2026080503,63,9639,99,5771,True,0.6021140336490012,0,153,9219,8829,390
3,2026080503,64,9792,92,5863,True,0.6029472999025299,0,153,9219,8856,363
3,2026080503,65,9945,90,5953,True,0.49392633646496714,0,153,9219,8805,414
3,2026080503,66,10098,90,6043,True,0.7186140662131829,1,153,9219,8730,489
3,2026080503,67,10251,93,6136,True,0.6801036402566903,0,153,9219,8793,426
3,2026080503,68,10404,88,6224,True,0.6133647118211536,0,153,9219,8781,438
3,2026080503,69,10557,94,6318,True,0.5766161814326932,0,153,9219,8961,258
3,2026080503,70,10710,97,6415,True,0.6667819694508142,0,153,9219,8874,345
3,2026080503,71,10863,93,6508,True,0.6118186320985064,0,153,9219,8796,423
3,2026080503,72,11016,101,6609,True,0.5471930205470797,0,153,9219,8616,603
3,2026080503,73,11169,87,6696,True,0.604177609873352,0,153,9219,8688,531
3,2026080503,74,11322,92,6788,True,0.5175581466056945,0,153,9219,8877,342
3,2026080503,75,11475,97,6885,True,0.54742103474391,0,153,9219,8949,270
3,2026080503,76,11628,98,6983,True,0.5506649766294262,0,153,9219,8850,369
3,2026080503,77,11781,88,7071,True,0.6891999404599838,0,153,9219,8793,426
3,2026080503,78,11934,83,7154,True,0.5974005091105309,0,153,9219,8871,348
3,2026080503,79,12087,88,7242,True,0.616408366113073,0,153,9219,8958,261
3,2026080503,80,12240,88,7330,True,0.6435445884856763,0,153,9219,8706,513
3,2026080503,81,12393,82,7412,True,0.4998541103214584,0,153,9219,8874,345
3,2026080503,82,12546,90,7502,True,0.4988967712263283,0,153,9219,8982,237
3,2026080503,83,12699,101,7603,True,0.6108760389965886,0,153,9219,8745,474
3,2026080503,84,12852,96,7699,True,0.5743271998338285,0,153,9219,8913,306
3,2026080503,85,13005,100,7799,True,0.5821562060528749,0,153,9219,8973,246
3,2026080503,86,13158,100,7899,True,0.4501526580355023,0,153,9219,8763,456
3,2026080503,87,13311,96,7995,True,0.48182365954818185,0,153,9219,8919,300
3,2026080503,88,13464,95,8090,True,0.3872332283026433,1,153,9219,8979,240
3,2026080503,89,13617,94,8184,True,0.47626872440067886,0,153,9219,8844,375
3,2026080503,90,13770,95,8279,True,0.5813816501640339,0,153,9219,8706,513
3,2026080503,91,13923,81,8360,True,0.40199812956793113,1,153,9219,8979,240
3,2026080503,92,14076,93,8453,True,0.5838300012278628,0,153,9219,8373,846
3,2026080503,93,14229,100,8553,True,0.5255247922046558,0,153,9219,8874,345
3,2026080503,94,14382,96,8649,True,0.5744621235214069,0,153,9219,8919,300
3,2026080503,95,14535,100,8749,True,0.7029561350152596,0,153,9219,8847,372
3,2026080503,96,14688,85,8834,True,0.6367409336198789,0,153,9219,8532,687
3,2026080503,97,14841,80,8914,True,0.5357484933162674,0,153,9219,8880,339
3,2026080503,98,14994,98,9012,True,0.561442368568442,0,153,9219,8814,405
3,2026080503,99,15147,79,9091,True,0.534988993137709,0,153,9219,8979,240
3,2026080503,100,15300,84,9175,True,0.5446909640095144,0,153,9219,8676,543
3,2026080503,101,15453,88,9263,True,0.5968003502493301,0,153,9219,8859,360
3,2026080503,102,15606,96,9359,True,0.7217015476597954,1,153,9219,8892,327
3,2026080503,103,15759,90,9449,True,0.5388704811745355,0,153,9219,8787,432
3,2026080503,104,15912,103,9552,True,0.6192067020051779,0,153,9219,8862,357
3,2026080503,105,16065,97,9649,True,0.5714452046186168,0,153,9219,8757,462
3,2026080503,106,16218,98,9747,True,0.5627158044264596,0,153,9219,8631,588
3,2026080503,107,16371,79,9826,True,0.6935673148821554,0,153,9219,8835,384
3,2026080503,108,16524,100,9926,True,0.5877898204887234,0,153,9219,8955,264
3,2026080503,109,16677,99,10025,True,0.6347410849945151,0,153,9219,8931,288
3,2026080503,110,16830,90,10115,True,0.43669113041750934,0,153,9219,8955,264
3,2026080503,111,16983,88,10203,True,0.6357932253154416,0,153,9219,8805,414
3,2026080503,112,17136,91,10294,True,0.56257290366983,0,153,9219,8898,321
3,2026080503,113,17289,104,10398,True,0.679417561088192,0,153,9219,8922,297
3,2026080503,114,17442,88,10486,True,0.6060697298156693,0,153,9219,8820,399
3,2026080503,115,17595,92,10578,True,0.48401196298396165,0,153,9219,8976,243
3,2026080503,116,17748,100,10678,True,0.6863303825582062,0,153,9219,8832,387
3,2026080503,117,17901,97,10775,True,0.5741573457364246,0,153,9219,8868,351
3,2026080503,118,18054,96,10871,True,0.4839293910483797,0,153,9219,8589,630
3,2026080503,119,18207,100,10971,True,0.36131357593215596,1,153,9219,8862,357
3,2026080503,120,18360,96,11067,True,0.654753624816147,0,153,9219,8844,375
3,2026080503,121,18513,101,11168,True,0.5476916232782316,0,153,9219,8850,369
3,2026080503,122,18666,100,11268,True,0.4711412215342817,0,153,9219,8892,327
3,2026080503,123,18819,86,11354,True,0.4754122528051185,0,153,9219,8574,645
3,2026080503,124,18972,102,11456,True,0.6696953222066738,0,153,9219,8823,396
3,2026080503,125,19125,92,11548,True,0.5923139532808178,0,153,9219,8583,636
3,2026080503,126,19278,95,11643,True,0.34123963814654246,1,153,9219,8856,363
3,2026080503,127,19431,97,11740,True,0.5394892416618635,0,153,9219,8961,258
3,2026080503,128,19584,97,11837,True,0.6820360891837868,0,153,9219,8865,354
3,2026080503,129,19737,104,11941,True,0.6495039172660179,0,153,9219,8805,414
3,2026080503,130,19890,92,12033,True,0.6566086951758012,0,153,9219,8745,474
3,2026080503,131,20043,92,12125,True,0.4661742156216641,0,153,9219,9015,204
3,2026080503,132,20196,89,12214,True,0.613174590004915,0,153,9219,8799,420
3,2026080503,133,20349,83,12297,True,0.6778232530473159,0,153,9219,8649,570
3,2026080503,134,20502,104,12401,True,0.6110984982622355,0,153,9219,8865,354
3,2026080503,135,20655,98,12499,True,0.6443533340437793,0,153,9219,8829,390
3,2026080503,136,20808,100,12599,True,0.7451355295169971,1,153,9219,8790,429
3,2026080503,137,20961,86,12685,True,0.7247077681278257,1,153,9219,8733,486
3,2026080503,138,21114,90,12775,True,0.6590263134132985,0,153,9219,8859,360
3,2026080503,139,21267,94,12869,True,0.4938905487178064,0,153,9219,8949,270
3,2026080503,140,21420,96,12965,True,0.421960820212628,1,153,9219,8943,276
3,2026080503,141,21573,91,13056,True,0.5235226687364793,0,153,9219,8985,234
3,2026080503,142,21726,95,13151,True,0.6231457611578051,0,153,9219,8880,339
3,2026080503,143,21879,88,13239,True,0.582845003581772,0,153,9219,8841,378
3,2026080503,144,22032,82,13321,True,0.7056335995184341,0,153,9219,8535,684
3,2026080503,145,22185,97,13418,True,0.6631924679722471,0,153,9219,8868,351
3,2026080503,146,22338,91,13509,True,0.6745805621183629,0,153,9219,8892,327
3,2026080503,147,22491,95,13604,True,0.6258941835910797,0,153,9219,8781,438
3,2026080503,148,22644,96,13700,True,0.5558040009967085,0,153,9219,8916,303
3,2026080503,149,22797,92,13792,True,0.6713329896282162,0,153,9219,8916,303
3,2026080503,150,22950,97,13889,True,0.6147456977598897,0,153,9219,8871,348
3,2026080503,151,23103,92,13981,True,0.6924676519146071,0,153,9219,8838,381
3,2026080503,152,23256,96,14077,True,0.5248721227031513,0,153,9219,8790,429
3,2026080503,153,23409,93,14170,True,0.6054150128863566,0,153,9219,8934,285
3,2026080503,154,23562,94,14264,True,0.7632928295788358,1,153,9219,8655,564
3,2026080503,155,23715,103,14367,True,0.678880308878829,0,153,9219,8853,366
3,2026080503,156,23868,92,14459,True,0.6559830866499934,0,153,9219,8658,561
3,2026080503,157,24021,98,14557,True,0.5582317840725386,0,153,9219,8829,390
3,2026080503,158,24174,96,14653,True,0.6196759722561332,0,153,9219,8823,396
3,2026080503,159,24327,94,14747,True,0.5551913865436974,0,153,9219,8910,309
3,2026080503,160,24480,91,14838,True,0.602615304839813,0,153,9219,8643,576
3,2026080503,161,24633,93,14931,True,0.5667957934452522,0,153,9219,8496,723
3,2026080503,162,24786,87,15018,True,0.638346472100168,0,153,9219,8790,429
3,2026080503,163,24939,94,15112,True,0.7589454087631892,1,153,9219,8661,558
3,2026080503,164,25092,99,15211,True,0.5173810750078309,0,153,9219,8931,288
3,2026080503,165,25245,107,15318,True,0.4455688075978325,0,153,9219,8904,315
3,2026080503,166,25398,98,15416,True,0.5707659118231571,0,153,9219,8934,285
3,2026080503,167,25551,92,15508,True,0.6387481961336993,0,153,9219,8808,411
3,2026080503,168,25704,95,15603,True,0.725694661748122,1,153,9219,8571,648
3,2026080503,169,25857,96,15699,True,0.6594045742199549,0,153,9219,8751,468
3,2026080503,170,26010,88,15787,True,0.6070305151687964,0,153,9219,8664,555
3,2026080503,171,26163,98,15885,True,0.5438815313127309,0,153,9219,8442,777
3,2026080503,172,26316,86,15971,True,0.4743444140507177,0,153,9219,8676,543
3,2026080503,173,26469,96,16067,True,0.5139288973301115,0,153,9219,9027,192
3,2026080503,174,26622,96,16163,True,0.5846279779050026,0,153,9219,8772,447
3,2026080503,175,26775,91,16254,True,0.7082738152453694,0,153,9219,8709,510
3,2026080503,176,26928,103,16357,True,0.7087466237195029,0,153,9219,8775,444
3,2026080503,177,27081,90,16447,True,0.6240971559092285,0,153,9219,8826,393
3,2026080503,178,27234,91,16538,True,0.5696847565033825,0,153,9219,8763,456
3,2026080503,179,27387,101,16639,True,0.45837962158967427,0,153,9219,8928,291
3,2026080503,180,27540,91,16730,True,0.6465131908543587,0,153,9219,8763,456
3,2026080503,181,27693,100,16830,True,0.6065879118037444,0,153,9219,8895,324
3,2026080503,182,27846,107,16937,True,0.5091604247886905,0,153,9219,8835,384
3,2026080503,183,27999,91,17028,True,0.5364329439530597,0,153,9219,8523,696
3,2026080503,184,28152,96,17124,True,0.6051069777174292,0,153,9219,8856,363
3,2026080503,185,28305,85,17209,True,0.5744378388628852,0,153,9219,8979,240
3,2026080503,186,28458,94,17303,True,0.532529610332084,0,153,9219,8907,312
3,2026080503,187,28611,93,17396,True,0.4966682851710163,0,153,9219,8667,552
3,2026080503,188,28764,96,17492,True,0.48669034254680166,0,153,9219,8988,231
3,2026080503,189,28917,93,17585,True,0.5661681843961976,0,153,9219,8637,582
3,2026080503,190,29070,90,17675,True,0.616359900436299,0,153,9219,8952,267
3,2026080503,191,29223,96,17771,True,0.5906068375926419,0,153,9219,8709,510
3,2026080503,192,29376,100,17871,True,0.6354356379134298,0,153,9219,8820,399
3,2026080503,193,29529,90,17961,True,0.4084384211173843,1,153,9219,8877,342
3,2026080503,194,29682,91,18052,True,0.5735207154004832,0,153,9219,8862,357
3,2026080503,195,29835,94,18146,True,0.5610385387093111,0,153,9219,8889,330
3,2026080503,196,29988,96,18242,True,0.5547306913415165,0,153,9219,8895,324
3,2026080503,197,30141,93,18335,True,0.6302393831927237,0,153,9219,8802,417
3,2026080503,198,30294,92,18427,True,0.5946347224850986,0,153,9219,8772,447
3,2026080503,199,30447,96,18523,True,0.604415472860273,0,153,9219,8733,486
3,2026080503,200,30600,85,18608,True,0.4637790075385138,0,153,9219,8910,309
3,2026080503,201,30753,90,18698,True,0.5703021629646717,0,153,9219,8907,312
3,2026080503,202,30906,106,18804,True,0.5212868493040004,0,153,9219,8697,522
3,2026080503,203,31059,86,18890,True,0.4543350812175252,0,153,9219,8793,426
3,2026080503,204,31212,91,18981,True,0.653058842066203,0,153,9219,8784,435
3,2026080503,205,31365,85,19066,True,0.6527120810430787,0,153,9219,8736,483
3,2026080503,206,31518,84,19150,True,0.5699989995057293,0,153,9219,8724,495
3,2026080503,207,31671,84,19234,True,0.6787040598460099,0,153,9219,8520,699
3,2026080503,208,31824,82,19316,True,0.6595675346004669,0,153,9219,8892,327
3,2026080503,209,31977,95,19411,True,0.6902990300911621,0,153,9219,8838,381
3,2026080503,210,32130,94,19505,True,0.4771418767103388,0,153,9219,8883,336
3,2026080503,211,32283,86,19591,True,0.5801848310779775,0,153,9219,8751,468
3,2026080503,212,32436,87,19678,True,0.5484819226461609,0,153,9219,8916,303
3,2026080503,213,32589,97,19775,True,0.6330543964571759,0,153,9219,8826,393
3,2026080503,214,32742,90,19865,True,0.7116107559418261,0,153,9219,8775,444
3,2026080503,215,32895,92,19957,True,0.6780675343372756,0,153,9219,8745,474
3,2026080503,216,33048,87,20044,True,0.624933491724407,0,153,9219,8994,225
3,2026080503,217,33201,86,20130,True,0.626469555679379,0,153,9219,8634,585
3,2026080503,218,33354,94,20224,True,0.6642148699335128,0,153,9219,8502,717
3,2026080503,219,33507,94,20318,True,0.6269831854015822,0,153,9219,8901,318
3,2026080503,220,33660,99,20417,True,0.5972557374406849,0,153,9219,8793,426
3,2026080503,221,33813,94,20511,True,0.5372524673666306,0,153,9219,8853,366
3,2026080503,222,33966,93,20604,True,0.5805601702665127,0,153,9219,8775,444
3,2026080503,223,34119,91,20695,True,0.5697998152310039,0,153,9219,8829,390
3,2026080503,224,34272,80,20775,True,0.48759789264660697,0,153,9219,8928,291
3,2026080503,225,34425,89,20864,True,0.6156923938716198,0,153,9219,8898,321
3,2026080503,226,34578,91,20955,True,0.5556577317255036,0,153,9219,8997,222
3,2026080503,227,34731,93,21048,True,0.5871480319046054,0,153,9219,8922,297
3,2026080503,228,34884,97,21145,True,0.6611571008989199,0,153,9219,8880,339
3,2026080503,229,35037,100,21245,True,0.6242875152806782,0,153,9219,8793,426
3,2026080503,230,35190,87,21332,True,0.5470756272362852,0,153,9219,8643,576
3,2026080503,231,35343,93,21425,True,0.6380689030238804,0,153,9219,8583,636
3,2026080503,232,35496,83,21508,True,0.6507350255277405,0,153,9219,8757,462
3,2026080503,233,35649,94,21602,True,0.6414018389543307,0,153,9219,8706,513
3,2026080503,234,35802,78,21680,True,0.6028756839907464,0,153,9219,8880,339
3,2026080503,235,35955,92,21772,True,0.6315448679944781,0,153,9219,8892,327
3,2026080503,236,36108,96,21868,True,0.6622932164112952,0,153,9219,8646,573
3,2026080503,237,36261,96,21964,True,0.5748828143589635,0,153,9219,8946,273
3,2026080503,238,36414,83,22047,True,0.6272889411650979,0,153,9219,8781,438
3,2026080503,239,36567,85,22132,True,0.6330863346948206,0,153,9219,8382,837
3,2026080503,240,36720,97,22229,True,0.48272536009394656,0,153,9219,8901,318
3,2026080503,241,36873,85,22314,True,0.5643716577778592,0,153,9219,8922,297
3,2026080503,242,37026,92,22406,True,0.7469302667194441,1,153,9219,8886,333
3,2026080503,243,37179,92,22498,True,0.5080756836639536,0,153,9219,8946,273
3,2026080503,244,37332,104,22602,True,0.5001318945042894,0,153,9219,8886,333
3,2026080503,245,37485,99,22701,True,0.5990764473128668,0,153,9219,8562,657
3,2026080503,246,37638,87,22788,True,0.6789131240511277,0,153,9219,8850,369
3,2026080503,247,37791,83,22871,True,0.7050432245669406,0,153,9219,8763,456
3,2026080503,248,37944,96,22967,True,0.6072075565148172,0,153,9219,8742,477
3,2026080503,249,38097,84,23051,True,0.7196251372866975,1,153,9219,8703,516
3,2026080503,250,38250,93,23144,True,0.49607079614501304,0,153,9219,8811,408
3,2026080503,251,38403,91,23235,True,0.5929683904433304,0,153,9219,8781,438
3,2026080503,252,38556,100,23335,True,0.6502203582748186,0,153,9219,8667,552
3,2026080503,253,38709,89,23424,True,0.4698576991834602,0,153,9219,8940,279
3,2026080503,254,38862,97,23521,True,0.5577414854588927,0,153,9219,8925,294
3,2026080503,255,39015,92,23613,True,0.566146053755366,0,153,9219,8640,579
3,2026080503,256,39168,95,23708,True,0.5281364653482802,0,153,9219,8802,417
3,2026080503,257,39321,94,23802,True,0.5921495567325592,0,153,9219,8787,432
3,2026080503,258,39474,87,23889,True,0.6215125409294865,0,153,9219,8535,684
3,2026080503,259,39627,80,23969,True,0.6748682297354709,0,153,9219,8793,426
3,2026080503,260,39780,94,24063,True,0.5313345557271747,0,153,9219,8862,357
3,2026080503,261,39933,92,24155,True,0.5534091174927485,0,153,9219,8865,354
3,2026080503,262,40086,98,24253,True,0.6305692891205887,0,153,9219,8718,501
3,2026080503,263,40239,92,24345,True,0.5749196410342748,0,153,9219,8718,501
3,2026080503,264,40392,88,24433,True,0.3987073173117488,1,153,9219,8988,231
3,2026080503,265,40545,95,24528,True,0.4560487690642779,0,153,9219,8829,390
3,2026080503,266,40698,82,24610,True,0.5851966305492582,0,153,9219,8727,492
3,2026080503,267,40851,97,24707,True,0.5984312312226419,0,153,9219,8811,408
3,2026080503,268,41004,94,24801,True,0.543814048380289,0,153,9219,8772,447
3,2026080503,269,41157,94,24895,True,0.6057653554745768,0,153,9219,8853,366
3,2026080503,270,41310,96,24991,True,0.5500087412471447,0,153,9219,8790,429
3,2026080503,271,41463,94,25085,True,0.6124785644792505,0,153,9219,8910,309
3,2026080503,272,41616,98,25183,True,0.5834992670148923,0,153,9219,8874,345
3,2026080503,273,41769,84,25267,True,0.6228270954801101,0,153,9219,8613,606
3,2026080503,274,41922,89,25356,True,0.6448062236204548,0,153,9219,8811,408
3,2026080503,275,42075,89,25445,True,0.5551178778670932,0,153,9219,8730,489
3,2026080503,276,42228,93,25538,True,0.6413407111923446,0,153,9219,8796,423
3,2026080503,277,42381,90,25628,True,0.6267042347453571,0,153,9219,8775,444
3,2026080503,278,42534,85,25713,True,0.5359613816093776,0,153,9219,8904,315
3,2026080503,279,42687,94,25807,True,0.5791836077291763,0,153,9219,8847,372
3,2026080503,280,42840,94,25901,True,0.58048138828532,0,153,9219,8778,441
3,2026080503,281,42993,91,25992,True,0.5860953760018375,0,153,9219,8979,240
3,2026080503,282,43146,97,26089,True,0.6382731843337918,0,153,9219,8520,699
3,2026080503,283,43299,95,26184,True,0.6730525651359156,0,153,9219,8844,375
3,2026080503,284,43452,83,26267,True,0.4994794964125205,0,153,9219,8898,321
3,2026080503,285,43605,89,26356,True,0.5240202540532967,0,153,9219,8931,288
3,2026080503,286,43758,96,26452,True,0.5268093944378798,0,153,9219,8937,282
3,2026080503,287,43911,92,26544,True,0.6890298551868995,0,153,9219,8952,267
3,2026080503,288,44064,81,26625,True,0.49741890569957126,0,153,9219,8685,534
3,2026080503,289,44217,85,26710,True,0.5586795590385832,0,153,9219,8898,321
3,2026080503,290,44370,94,26804,True,0.4649281581715137,0,153,9219,8817,402
3,2026080503,291,44523,92,26896,True,0.6549504740501926,0,153,9219,8916,303
3,2026080503,292,44676,96,26992,True,0.5178459673509571,0,153,9219,8931,288
3,2026080503,293,44829,99,27091,True,0.6807675878391082,0,153,9219,8547,672
3,2026080503,294,44982,100,27191,True,0.5677273363521801,0,153,9219,8994,225
3,2026080503,295,45135,91,27282,True,0.7010388220829117,0,153,9219,8727,492
3,2026080503,296,45288,99,27381,True,0.5972388561744435,0,153,9219,8763,456
3,2026080503,297,45441,104,27485,True,0.5353630672895978,0,153,9219,8781,438
3,2026080503,298,45594,97,27582,True,0.5535197683340114,0,153,9219,8859,360
3,2026080503,299,45747,97,27679,True,0.521386357231611,0,153,9219,8835,384
3,2026080503,300,45900,83,27762,True,0.366112499607623,1,153,9219,8937,282
3,2026080503,301,46053,90,27852,True,0.49924836579634957,0,153,9219,8754,465
3,2026080503,302,46206,88,27940,True,0.4769799432089877,0,153,9219,8913,306
3,2026080503,303,46359,94,28034,True,0.3575678823485056,1,153,9219,8874,345
3,2026080503,304,46512,84,28118,True,0.5121592591980167,0,153,9219,8754,465
3,2026080503,305,46665,86,28204,True,0.611336822333603,0,153,9219,8916,303
3,2026080503,306,46818,95,28299,True,0.6223976916698766,0,153,9219,8814,405
3,2026080503,307,46971,101,28400,True,0.5735941981634405,0,153,9219,8955,264
3,2026080503,308,47124,89,28489,True,0.5751901842604715,0,153,9219,8820,399
3,2026080503,309,47277,92,28581,True,0.5738230095999964,0,153,9219,8955,264
3,2026080503,310,47430,82,28663,True,0.5928008169823751,0,153,9219,8937,282
3,2026080503,311,47583,92,28755,True,0.7911628062138205,1,153,9219,8622,597
3,2026080503,312,47736,99,28854,True,0.6031319779155253,0,153,9219,8883,336
3,2026080503,313,47889,94,28948,True,0.6355527574764522,0,153,9219,8682,537
3,2026080503,314,48042,86,29034,True,0.7100083437937784,0,153,9219,8481,738
3,2026080503,315,48195,92,29126,True,0.5462811679543251,0,153,9219,9078,141
3,2026080503,316,48348,92,29218,True,0.5414819525605717,0,153,9219,8979,240
3,2026080503,317,48501,89,29307,True,0.7207334102032965,1,153,9219,8721,498
3,2026080503,318,48654,91,29398,True,0.6521621323915116,0,153,9219,8862,357
3,2026080503,319,48807,102,29500,True,0.6147614520234477,0,153,9219,8847,372
3,2026080503,320,48960,93,29593,True,0.5061277558199211,0,153,9219,8811,408
3,2026080503,321,49113,86,29679,True,0.5253150214209649,0,153,9219,9003,216
3,2026080503,322,49266,99,29778,True,0.641670541669545,0,153,9219,8730,489
3,2026080503,323,49419,89,29867,True,0.47439694462643167,0,153,9219,8928,291
3,2026080503,324,49572,95,29962,True,0.5096693860547229,0,153,9219,8805,414
3,2026080503,325,49725,89,30051,True,0.6046865494070133,0,153,9219,8697,522
3,2026080503,326,49878,82,30133,True,0.7152149394347526,0,153,9219,8679,540
3,2026080503,327,50031,99,30232,True,0.6578090501820216,0,153,9219,8484,735
3,2026080503,328,50184,86,30318,True,0.6010739601592918,0,153,9219,8601,618
3,2026080503,329,50337,90,30408,True,0.5170381617499263,0,153,9219,8781,438
3,2026080503,330,50490,99,30507,True,0.7015120338523317,0,153,9219,8724,495
3,2026080503,331,50643,89,30596,True,0.3763215343542297,1,153,9219,8877,342
3,2026080503,332,50796,84,30680,True,0.5635427976370122,0,153,9219,8712,507
3,2026080503,333,50949,81,30761,True,0.44902111384523796,0,153,9219,8895,324
3,2026080503,334,51102,97,30858,True,0.6289868518513538,0,153,9219,8721,498
3,2026080503,335,51255,90,30948,True,0.6158610913417497,0,153,9219,8775,444
3,2026080503,336,51408,90,31038,True,0.6402173086189111,0,153,9219,8856,363
3,2026080503,337,51561,97,31135,True,0.4164856356156984,1,153,9219,8898,321
3,2026080503,338,51714,89,31224,True,0.4775416982122086,0,153,9219,8862,357
3,2026080503,339,51867,102,31326,True,0.7321869664920652,1,153,9219,8844,375
3,2026080503,340,52020,101,31427,True,0.5789128396118746,0,153,9219,8892,327
3,2026080503,341,52173,91,31518,True,0.5157211304246697,0,153,9219,8919,300
3,2026080503,342,52326,99,31617,True,0.538095892204101,0,153,9219,8844,375
3,2026080503,343,52479,78,31695,True,0.6464443448266756,0,153,9219,8682,537
3,2026080503,344,52632,78,31773,True,0.6316835226021918,0,153,9219,8817,402
3,2026080503,345,52785,96,31869,True,0.582741276968635,0,153,9219,8730,489
3,2026080503,346,52938,100,31969,True,0.6487707129364522,0,153,9219,8730,489
3,2026080503,347,53091,97,32066,True,0.7287858533200501,1,153,9219,8556,663
3,2026080503,348,53244,100,32166,True,0.43722957277220614,0,153,9219,8817,402
3,2026080503,349,53397,86,32252,True,0.438544179762558,0,153,9219,8931,288
3,2026080503,350,53550,94,32346,True,0.6403142882207056,0,153,9219,8808,411
3,2026080503,351,53703,92,32438,True,0.5751385105861127,0,153,9219,9036,183
3,2026080503,352,53856,92,32530,True,0.5003081604719136,0,153,9219,8883,336
3,2026080503,353,54009,100,32630,True,0.5097803902820937,0,153,9219,8769,450
3,2026080503,354,54162,93,32723,True,0.5135186032600269,0,153,9219,8901,318
3,2026080503,355,54315,96,32819,True,0.5961928012802338,0,153,9219,8751,468
3,2026080503,356,54468,95,32914,True,0.6652060983010808,0,153,9219,8853,366
3,2026080503,357,54621,84,32998,True,0.5797271469102979,0,153,9219,8850,369
3,2026080503,358,54774,95,33093,True,0.62442029061979,0,153,9219,8502,717
3,2026080503,359,54927,90,33183,True,0.7053822033072653,0,153,9219,8649,570
3,2026080503,360,55080,88,33271,True,0.6427043463919863,0,153,9219,8664,555
3,2026080503,361,55233,101,33372,True,0.49984422074522755,0,153,9219,8835,384
3,2026080503,362,55386,95,33467,True,0.5435002217981856,0,153,9219,8802,417
3,2026080503,363,55539,89,33556,True,0.6183304788346208,0,153,9219,8889,330
3,2026080503,364,55692,80,33636,True,0.669527481090296,0,153,9219,8721,498
3,2026080503,365,55845,99,33735,True,0.6256465769766364,0,153,9219,8763,456
3,2026080503,366,55998,90,33825,True,0.669173421079143,0,153,9219,8910,309
3,2026080503,367,56151,88,33913,True,0.4347914156588167,0,153,9219,8943,276
3,2026080503,368,56304,97,34010,True,0.6355648606136481,0,153,9219,8994,225
3,2026080503,369,56457,98,34108,True,0.702587834631706,0,153,9219,8796,423
3,2026080503,370,56610,102,34210,True,0.6629277412334108,0,153,9219,8799,420
3,2026080503,371,56763,89,34299,True,0.6758274633118573,0,153,9219,8889,330
3,2026080503,372,56916,103,34402,True,0.513773611833842,0,153,9219,8895,324
3,2026080503,373,57069,100,34502,True,0.7190294963996228,1,153,9219,8670,549
3,2026080503,374,57222,86,34588,True,0.5453094759122972,0,153,9219,8700,519
3,2026080503,375,57375,97,34685,True,0.6160063875490819,0,153,9219,8865,354
3,2026080503,376,57528,96,34781,True,0.6220480295787862,0,153,9219,8781,438
3,2026080503,377,57681,84,34865,True,0.6735460537113817,0,153,9219,8949,270
3,2026080503,378,57834,83,34948,True,0.6111348215583697,0,153,9219,8805,414
3,2026080503,379,57987,95,35043,True,0.5449880160979218,0,153,9219,8820,399
3,2026080503,380,58140,81,35124,True,0.5566622522258805,0,153,9219,8811,408
3,2026080503,381,58293,97,35221,True,0.7116163649161071,0,153,9219,8700,519
3,2026080503,382,58446,92,35313,True,0.4875185066069643,0,153,9219,8937,282
3,2026080503,383,58599,96,35409,True,0.36165997204173395,1,153,9219,8748,471
3,2026080503,384,58752,107,35516,True,0.5258362438058198,0,153,9219,8706,513
3,2026080503,385,58905,95,35611,True,0.569920433332237,0,153,9219,8946,273
3,2026080503,386,59058,97,35708,True,0.6665495621703335,0,153,9219,8691,528
3,2026080503,387,59211,91,35799,True,0.48332436359027653,0,153,9219,8706,513
3,2026080503,388,59364,93,35892,True,0.5592360362704815,0,153,9219,8895,324
3,2026080503,389,59517,98,35990,True,0.6030378320217328,0,153,9219,8898,321
3,2026080503,390,59670,98,36088,True,0.5974413841769289,0,153,9219,8868,351
3,2026080503,391,59823,91,36179,True,0.4713303938715091,0,153,9219,8988,231
3,2026080503,392,59976,89,36268,True,0.4805906015998119,0,153,9219,8706,513
3,2026080503,393,60129,87,36355,True,0.4441493156471212,0,153,9219,8808,411
3,2026080503,394,60282,86,36441,True,0.5647477274363554,0,153,9219,8733,486
3,2026080503,395,60435,91,36532,True,0.5919345536481171,0,153,9219,8763,456
3,2026080503,396,60588,102,36634,True,0.37658707936259445,1,153,9219,8898,321
3,2026080503,397,60741,86,36720,True,0.48597849482707867,0,153,9219,8814,405
3,2026080503,398,60894,89,36809,True,0.44249481749184766,0,153,9219,9030,189
3,2026080503,399,61047,100,36909,True,0.5200810033010704,0,153,9219,8832,387
3,2026080503,400,61200,88,36997,True,0.5827744478801795,0,153,9219,8952,267
3,2026080503,401,61353,81,37078,True,0.7178839906151736,1,153,9219,8913,306
3,2026080503,402,61506,85,37163,True,0.6415799433420383,0,153,9219,8760,459
3,2026080503,403,61659,102,37265,True,0.7450218028773076,1,153,9219,8739,480
3,2026080503,404,61812,96,37361,True,0.6036241831594477,0,153,9219,8982,237
3,2026080503,405,61965,91,37452,True,0.5801397150259919,0,153,9219,8892,327
3,2026080503,406,62118,88,37540,True,0.6193440622549248,0,153,9219,8859,360
3,2026080503,407,62271,81,37621,True,0.5833389413933793,0,153,9219,8871,348
3,2026080503,408,62424,92,37713,True,0.5640979887587538,0,153,9219,8676,543
3,2026080503,409,62577,88,37801,True,0.4722239003240057,0,153,9219,8919,300
3,2026080503,410,62730,90,37891,True,0.6011323935596767,0,153,9219,8829,390
3,2026080503,411,62883,97,37988,True,0.5955006975091921,0,153,9219,8655,564
3,2026080503,412,63036,90,38078,True,0.3478358206655535,1,153,9219,8988,231
3,2026080503,413,63189,91,38169,True,0.4939242614960383,0,153,9219,9045,174
3,2026080503,414,63342,93,38262,True,0.42299106957433263,1,153,9219,8925,294
3,2026080503,415,63495,92,38354,True,0.5250925394988775,0,153,9219,8928,291
3,2026080503,416,63648,102,38456,True,0.6332215604337434,0,153,9219,8832,387
3,2026080503,417,63801,99,38555,True,0.5352461121599194,0,153,9219,8973,246
3,2026080503,418,63954,89,38644,True,0.7304595302331397,1,153,9219,8865,354
3,2026080503,419,64107,90,38734,True,0.5790013583946898,0,153,9219,8793,426
3,2026080503,420,64260,86,38820,True,0.5254026211849132,0,153,9219,8955,264
3,2026080503,421,64413,105,38925,True,0.3989813750680208,1,153,9219,8685,534
3,2026080503,422,64566,104,39029,True,0.5338232508991457,0,153,9219,8790,429
3,2026080503,423,64719,87,39116,True,0.5162189238429055,0,153,9219,8478,741
3,2026080503,424,64872,91,39207,True,0.42723223333417043,0,153,9219,8943,276
3,2026080503,425,65025,87,39294,True,0.4089486180168122,1,153,9219,8943,276
3,2026080503,426,65178,90,39384,True,0.5426412245933447,0,153,9219,9024,195
3,2026080503,427,65331,89,39473,True,0.5836763197035371,0,153,9219,8883,336
3,2026080503,428,65484,89,39562,True,0.6462201819672991,0,153,9219,8718,501
3,2026080503,429,65637,96,39658,True,0.6452935760775403,0,153,9219,8781,438
3,2026080503,430,65790,91,39749,True,0.5805132513240325,0,153,9219,8817,402
3,2026080503,431,65943,92,39841,True,0.581954311327187,0,153,9219,8844,375
3,2026080503,432,66096,87,39928,True,0.6289567813727778,0,153,9219,8787,432
3,2026080503,433,66249,100,40028,True,0.5018886962848296,0,153,9219,8814,405
3,2026080503,434,66402,104,40132,True,0.5123805325321557,0,153,9219,8952,267
3,2026080503,435,66555,82,40214,True,0.6197195626756135,0,153,9219,8814,405
3,2026080503,436,66708,94,40308,True,0.5943092455832638,0,153,9219,8847,372
3,2026080503,437,66861,96,40404,True,0.4286865193274196,0,153,9219,8976,243
3,2026080503,438,67014,91,40495,True,0.3798008565439107,1,153,9219,8967,252
3,2026080503,439,67167,93,40588,True,0.5086631405186213,0,153,9219,8907,312
3,2026080503,440,67320,96,40684,True,0.4768201394957023,0,153,9219,8973,246
3,2026080503,441,67473,97,40781,True,0.4716624102098238,0,153,9219,8880,339
3,2026080503,442,67626,94,40875,True,0.30858257685462676,1,153,9219,8946,273
3,2026080503,443,67779,87,40962,True,0.4639048110391332,0,153,9219,8865,354
3,2026080503,444,67932,89,41051,True,0.4501083995891317,0,153,9219,8862,357
3,2026080503,445,68085,90,41141,True,0.4893884094487282,0,153,9219,8787,432
3,2026080503,446,68238,95,41236,True,0.5794491867621434,0,153,9219,8598,621
3,2026080503,447,68391,86,41322,True,0.5432187098537727,0,153,9219,8727,492
3,2026080503,448,68544,91,41413,True,0.6209104286510702,0,153,9219,8910,309
3,2026080503,449,68697,88,41501,True,0.5120920933651457,0,153,9219,8973,246
3,2026080503,450,68850,89,41590,True,0.6676435572933153,0,153,9219,8739,480
3,2026080503,451,69003,104,41694,True,0.5905147396404657,0,153,9219,8934,285
3,2026080503,452,69156,100,41794,True,0.6513711515980646,0,153,9219,8841,378
3,2026080503,453,69309,107,41901,True,0.46869060815909674,0,153,9219,8937,282
3,2026080503,454,69462,92,41993,True,0.5349654176940976,0,153,9219,8859,360
3,2026080503,455,69615,100,42093,True,0.5925700389083606,0,153,9219,8799,420
3,2026080503,456,69768,100,42193,True,0.5511061742068699,0,153,9219,8868,351
3,2026080503,457,69921,101,42294,True,0.4441777736834572,0,153,9219,8991,228
3,2026080503,458,70074,88,42382,True,0.457172173666855,0,153,9219,8955,264
3,2026080503,459,70227,96,42478,True,0.4554636715999758,0,153,9219,8820,399
3,2026080503,460,70380,90,42568,True,0.6352928726336254,0,153,9219,8976,243
3,2026080503,461,70533,88,42656,True,0.6224994330851575,0,153,9219,8811,408
3,2026080503,462,70686,89,42745,True,0.588899868776644,0,153,9219,8793,426
3,2026080503,463,70839,84,42829,True,0.5858836937585772,0,153,9219,8691,528
3,2026080503,464,70992,81,42910,True,0.6040079145400039,0,153,9219,8841,378
3,2026080503,465,71145,96,43006,True,0.5675645250368638,0,153,9219,8748,471
3,2026080503,466,71298,102,43108,True,0.6138154541067482,0,153,9219,8871,348
3,2026080503,467,71451,93,43201,True,0.49171020840450186,0,153,9219,8871,348
3,2026080503,468,71604,87,43288,True,0.5691908212389505,0,153,9219,8871,348
3,2026080503,469,71757,91,43379,True,0.518532004465197,0,153,9219,8850,369
3,2026080503,470,71910,86,43465,True,0.5443042280661583,0,153,9219,8952,267
3,2026080503,471,72063,97,43562,True,0.5105307791418238,0,153,9219,8691,528
3,2026080503,472,72216,94,43656,True,0.5788698161441846,0,153,9219,8967,252
3,2026080503,473,72369,97,43753,True,0.5190632551875355,0,153,9219,8970,249
3,2026080503,474,72522,92,43845,True,0.5633855220790767,0,153,9219,8712,507
3,2026080503,475,72675,95,43940,True,0.6619680283782913,0,153,9219,8847,372
3,2026080503,476,72828,86,44026,True,0.6735615481371033,0,153,9219,8859,360
3,2026080503,477,72981,88,44114,True,0.6408285207971518,0,153,9219,8739,480
3,2026080503,478,73134,97,44211,True,0.47275047838786954,0,153,9219,8724,495
3,2026080503,479,73287,89,44300,True,0.7025507058125604,0,153,9219,8829,390
3,2026080503,480,73440,93,44393,True,0.5226699320070767,0,153,9219,8964,255
3,2026080503,481,73593,94,44487,True,0.676075691590022,0,153,9219,8178,1041
3,2026080503,482,73746,89,44576,True,0.6532849780786527,0,153,9219,8718,501
3,2026080503,483,73899,88,44664,True,0.41810137943245695,1,153,9219,8877,342
3,2026080503,484,74052,91,44755,True,0.5864436298921061,0,153,9219,8742,477
3,2026080503,485,74205,81,44836,True,0.681270264982842,0,153,9219,8694,525
3,2026080503,486,74358,96,44932,True,0.7327466460011374,1,153,9219,8877,342
3,2026080503,487,74511,86,45018,True,0.5423976431074296,0,153,9219,8736,483
3,2026080503,488,74664,103,45121,True,0.5357713733954269,0,153,9219,8886,333
3,2026080503,489,74817,92,45213,True,0.6669620837616271,0,153,9219,8952,267
3,2026080503,490,74970,84,45297,True,0.6917963106246009,0,153,9219,8877,342
3,2026080503,491,75123,95,45392,True,0.5458732039260745,0,153,9219,8721,498
3,2026080503,492,75276,85,45477,True,0.7333910556020158,1,153,9219,8670,549
3,2026080503,493,75429,83,45560,True,0.61040855522503,0,153,9219,8712,507
3,2026080503,494,75582,87,45647,True,0.48903121370543806,0,153,9219,8958,261
3,2026080503,495,75735,90,45737,True,0.5759081329892481,0,153,9219,8760,459
3,2026080503,496,75888,91,45828,True,0.41642357924431944,1,153,9219,8670,549
3,2026080503,497,76041,95,45923,True,0.3747277689789338,1,153,9219,8982,237
3,2026080503,498,76194,89,46012,True,0.5743738530929311,0,153,9219,8826,393
3,2026080503,499,76347,84,46096,True,0.5998661738959461,0,153,9219,8706,513
3,2026080503,500,76500,93,46189,True,0.6904834080004133,0,153,9219,8745,474
3,2026080503,501,76653,93,46282,True,0.6743968677886959,0,153,9219,8451,768
3,2026080503,502,76806,98,46380,True,0.6542178444289476,0,153,9219,8682,537
3,2026080503,503,76959,100,46480,True,0.5002028416661541,0,153,9219,8625,594
3,2026080503,504,77112,89,46569,True,0.62902790241188,0,153,9219,8877,342
3,2026080503,505,77265,97,46666,True,0.5912959655411983,0,153,9219,8832,387
3,2026080503,506,77418,100,46766,True,0.6778623646123049,0,153,9219,8910,309
3,2026080503,507,77571,87,46853,True,0.5449752364720696,0,153,9219,9006,213
3,2026080503,508,77724,77,46930,True,0.597132324040539,0,153,9219,8922,297
3,2026080503,509,77877,91,47021,True,0.667194559792697,0,153,9219,8580,639
3,2026080503,510,78030,92,47113,True,0.5333357621183134,0,153,9219,8940,279
3,2026080503,511,78183,96,47209,True,0.4951192395480448,0,153,9219,8967,252
3,2026080503,512,78336,92,47301,True,0.30222248515008654,1,153,9219,8991,228
3,2026080503,513,78489,97,47398,True,0.560322096400297,0,153,9219,8811,408
3,2026080503,514,78642,88,47486,True,0.6021747370292984,0,153,9219,8874,345
3,2026080503,515,78795,90,47576,True,0.7805089041009216,1,153,9219,8730,489
3,2026080503,516,78948,92,47668,True,0.4574527079494783,0,153,9219,8859,360
3,2026080503,517,79101,86,47754,True,0.6076814440268377,0,153,9219,8508,711
3,2026080503,518,79254,84,47838,True,0.6149531154032268,0,153,9219,8691,528
3,2026080503,519,79407,100,47938,True,0.47742108918973725,0,153,9219,8727,492
3,2026080503,520,79560,95,48033,True,0.5539608439977745,0,153,9219,8952,267
3,2026080503,521,79713,99,48132,True,0.674926896260379,0,153,9219,8868,351
3,2026080503,522,79866,90,48222,True,0.5340573037108427,0,153,9219,8874,345
3,2026080503,523,80019,85,48307,True,0.37778203190023574,1,153,9219,8919,300
3,2026080503,524,80172,90,48397,True,0.44575846056200263,0,153,9219,8796,423
3,2026080503,525,80325,86,48483,True,0.6763489578699322,0,153,9219,8628,591
3,2026080503,526,80478,90,48573,True,0.6069350356273682,0,153,9219,8892,327
3,2026080503,527,80631,94,48667,True,0.6653213783461427,0,153,9219,8868,351
3,2026080503,528,80784,94,48761,True,0.6546464864411493,0,153,9219,8481,738
3,2026080503,529,80937,95,48856,True,0.6765530780834708,0,153,9219,8865,354
3,2026080503,530,81090,92,48948,True,0.5895507309543904,0,153,9219,8763,456
3,2026080503,531,81243,90,49038,True,0.4670606304279358,0,153,9219,8931,288
3,2026080503,532,81396,94,49132,True,0.5151012781853366,0,153,9219,9027,192
3,2026080503,533,81549,99,49231,True,0.4161355160884214,1,153,9219,8964,255
3,2026080503,534,81702,84,49315,True,0.719170850982672,1,153,9219,8472,747
3,2026080503,535,81855,87,49402,True,0.5582012239092645,0,153,9219,8649,570
3,2026080503,536,82008,98,49500,True,0.5423692674587585,0,153,9219,8943,276
3,2026080503,537,82161,82,49582,True,0.6101729990606655,0,153,9219,8859,360
3,2026080503,538,82314,92,49674,True,0.5632849564099327,0,153,9219,8826,393
3,2026080503,539,82467,86,49760,True,0.6015922164503168,0,153,9219,8997,222
3,2026080503,540,82620,88,49848,True,0.4777068328369888,0,153,9219,8961,258
3,2026080503,541,82773,91,49939,True,0.5420321754662719,0,153,9219,8808,411
3,2026080503,542,82926,86,50025,True,0.5941696425254762,0,153,9219,8868,351
3,2026080503,543,83079,95,50120,True,0.7112193473020334,0,153,9219,8925,294
3,2026080503,544,83232,93,50213,True,0.5928039176863135,0,153,9219,8871,348
3,2026080503,545,83385,88,50301,True,0.6688207797683943,0,153,9219,8796,423
3,2026080503,546,83538,98,50399,True,0.542264009213169,0,153,9219,8949,270
3,2026080503,547,83691,96,50495,True,0.4092613803134014,1,153,9219,8958,261
3,2026080503,548,83844,90,50585,True,0.47210878571886655,0,153,9219,8829,390
3,2026080503,549,83997,97,50682,True,0.5511179418078793,0,153,9219,8889,330
3,2026080503,550,84150,89,50771,True,0.6130106518100006,0,153,9219,8814,405
3,2026080503,551,84303,97,50868,True,0.5402320162273287,0,153,9219,8994,225
3,2026080503,552,84456,92,50960,True,0.4168128185814089,1,153,9219,8946,273
3,2026080503,553,84609,108,51068,True,0.6289299241111402,0,153,9219,8943,276
3,2026080503,554,84762,93,51161,True,0.620919389813709,0,153,9219,8754,465
3,2026080503,555,84915,82,51243,True,0.5836679283856969,0,153,9219,8694,525
3,2026080503,556,85068,88,51331,True,0.5304422240658379,0,153,9219,8868,351
3,2026080503,557,85221,90,51421,True,0.4863470439278642,0,153,9219,8883,336
3,2026080503,558,85374,90,51511,True,0.5085399956705713,0,153,9219,8760,459
3,2026080503,559,85527,97,51608,True,0.5848118262431867,0,153,9219,8778,441
3,2026080503,560,85680,89,51697,True,0.5939105603022643,0,153,9219,8769,450
3,2026080503,561,85833,96,51793,True,0.5225821712165364,0,153,9219,8739,480
3,2026080503,562,85986,91,51884,True,0.505009877609829,0,153,9219,8889,330
3,2026080503,563,86139,97,51981,True,0.5155664187211787,0,153,9219,9036,183
3,2026080503,564,86292,93,52074,True,0.5847369127955928,0,153,9219,8775,444
3,2026080503,565,86445,95,52169,True,0.6272930143732253,0,153,9219,8661,558
3,2026080503,566,86598,90,52259,True,0.5932464738025406,0,153,9219,8616,603
3,2026080503,567,86751,94,52353,True,0.7290251286167332,1,153,9219,8625,594
3,2026080503,568,86904,92,52445,True,0.5412567026372889,0,153,9219,8907,312
3,2026080503,569,87057,102,52547,True,0.4152416101864378,1,153,9219,8886,333
3,2026080503,570,87210,89,52636,True,0.48804188290001427,0,153,9219,8943,276
3,2026080503,571,87363,88,52724,True,0.5241980710260451,0,153,9219,8901,318
3,2026080503,572,87516,91,52815,True,0.6053118068258627,0,153,9219,8850,369
3,2026080503,573,87669,86,52901,True,0.402551419219946,1,153,9219,8778,441
3,2026080503,574,87822,90,52991,True,0.577398219878566,0,153,9219,8916,303
3,2026080503,575,87975,88,53079,True,0.6701886896925837,0,153,9219,8589,630
3,2026080503,576,88128,94,53173,True,0.43938776237344984,0,153,9219,8838,381
3,2026080503,577,88281,92,53265,True,0.5609380543945068,0,153,9219,8766,453
3,2026080503,578,88434,100,53365,True,0.5336790805610347,0,153,9219,8850,369
3,2026080503,579,88587,94,53459,True,0.5087733732729343,0,153,9219,8835,384
3,2026080503,580,88740,100,53559,True,0.5260994792487707,0,153,9219,8760,459
3,2026080503,581,88893,76,53635,True,0.3567092864417908,1,153,9219,9084,135
3,2026080503,582,89046,90,53725,True,0.536622204403744,0,153,9219,9000,219
3,2026080503,583,89199,97,53822,True,0.5757015781347548,0,153,9219,8919,300
3,2026080503,584,89352,102,53924,True,0.5712551086578442,0,153,9219,8853,366
3,2026080503,585,89505,97,54021,True,0.4703062484478824,0,153,9219,8844,375
3,2026080503,586,89658,89,54110,True,0.660865196514844,0,153,9219,8781,438
3,2026080503,587,89811,89,54199,True,0.561992988653969,0,153,9219,8733,486
3,2026080503,588,89964,92,54291,True,0.5865120834427034,0,153,9219,8814,405
3,2026080503,589,90117,95,54386,True,0.556558571767307,0,153,9219,8694,525
3,2026080503,590,90270,91,54477,True,0.5422323557095621,0,153,9219,8949,270
3,2026080503,591,90423,88,54565,True,0.628310332320446,0,153,9219,8865,354
3,2026080503,592,90576,94,54659,True,0.5463169995702043,0,153,9219,8814,405
3,2026080503,593,90729,88,54747,True,0.5479767976325783,0,153,9219,8901,318
3,2026080503,594,90882,96,54843,True,0.5074994004141284,0,153,9219,8955,264
3,2026080503,595,91035,87,54930,True,0.4933235895483905,0,153,9219,8838,381
3,2026080503,596,91188,88,55018,True,0.3695926926408882,1,153,9219,8940,279
3,2026080503,597,91341,96,55114,True,0.5900975535377116,0,153,9219,8751,468
3,2026080503,598,91494,95,55209,True,0.48790252691994784,0,153,9219,8724,495
3,2026080503,599,91647,89,55298,True,0.4957350276491031,0,153,9219,8883,336
3,2026080503,600,91800,98,55396,True,0.6865956633931081,0,153,9219,8460,759
3,2026080503,601,91953,89,55485,True,0.6272743838124679,0,153,9219,8682,537
3,2026080503,602,92106,96,55581,True,0.5295542580378803,0,153,9219,8919,300
3,2026080503,603,92259,92,55673,True,0.4794606721387516,0,153,9219,8871,348
3,2026080503,604,92412,85,55758,True,0.5389474961732635,0,153,9219,8784,435
3,2026080503,605,92565,88,55846,True,0.5785366347849096,0,153,9219,8823,396
3,2026080503,606,92718,96,55942,True,0.4694351533210392,0,153,9219,8814,405
3,2026080503,607,92871,100,56042,True,0.643974144981099,0,153,9219,8817,402
3,2026080503,608,93024,82,56124,True,0.627212655722977,0,153,9219,8712,507
3,2026080503,609,93177,86,56210,True,0.6116677035498979,0,153,9219,8832,387
3,2026080503,610,93330,99,56309,True,0.6127631985281594,0,153,9219,8760,459
3,2026080503,611,93483,93,56402,True,0.5688837596042341,0,153,9219,8766,453
3,2026080503,612,93636,101,56503,True,0.5990612287752322,0,153,9219,8709,510
3,2026080503,613,93789,88,56591,True,0.5045128026556389,0,153,9219,8793,426
3,2026080503,614,93942,100,56691,True,0.5982644576430082,0,153,9219,8775,444
3,2026080503,615,94095,82,56773,True,0.6307444429267448,0,153,9219,8853,366
3,2026080503,616,94248,92,56865,True,0.6540863407058578,0,153,9219,8712,507
3,2026080503,617,94401,100,56965,True,0.5292326179452729,0,153,9219,8925,294
3,2026080503,618,94554,90,57055,True,0.400302546620087,1,153,9219,8901,318
3,2026080503,619,94707,91,57146,True,0.4875731744418554,0,153,9219,8757,462
3,2026080503,620,94860,88,57234,True,0.6576162609077846,0,153,9219,8760,459
3,2026080503,621,95013,97,57331,True,0.7741628810992199,1,153,9219,8754,465
3,2026080503,622,95166,93,57424,True,0.4772860484668701,0,153,9219,8892,327
3,2026080503,623,95319,89,57513,True,0.625252791760053,0,153,9219,8664,555
3,2026080503,624,95472,90,57603,True,0.4588984373811414,0,153,9219,8898,321
3,2026080503,625,95625,100,57703,True,0.37451816669170773,1,153,9219,8934,285
3,2026080503,626,95778,104,57807,True,0.5808035917215512,0,153,9219,8874,345
3,2026080503,627,95931,90,57897,True,0.5099352849227732,0,153,9219,8613,606
3,2026080503,628,96084,109,58006,True,0.5128116686537056,0,153,9219,8706,513
3,2026080503,629,96237,98,58104,True,0.34971558120743323,1,153,9219,9018,201
3,2026080503,630,96390,93,58197,True,0.676069897534295,0,153,9219,8925,294
3,2026080503,631,96543,109,58306,True,0.45380267773973876,0,153,9219,8979,240
3,2026080503,632,96696,97,58403,True,0.5737933781844093,0,153,9219,8838,381
3,2026080503,633,96849,92,58495,True,0.4815303310083062,0,153,9219,8955,264
3,2026080503,634,97002,92,58587,True,0.5326636344232281,0,153,9219,8820,399
3,2026080503,635,97155,96,58683,True,0.517845887952223,0,153,9219,8856,363
3,2026080503,636,97308,92,58775,True,0.5663413718171281,0,153,9219,8874,345
3,2026080503,637,97461,100,58875,True,0.5155551876118616,0,153,9219,8922,297
3,2026080503,638,97614,86,58961,True,0.6740827753407038,0,153,9219,8439,780
3,2026080503,639,97767,86,59047,True,0.8093687531620861,1,153,9219,8682,537
3,2026080503,640,97920,100,59147,True,0.4924499218793237,0,153,9219,8898,321
3,2026080503,641,98073,86,59233,True,0.4376742463298506,0,153,9219,8880,339
3,2026080503,642,98226,90,59323,True,0.6640094708983031,0,153,9219,8634,585
3,2026080503,643,98379,90,59413,True,0.6770666022159694,0,153,9219,8772,447
3,2026080503,644,98532,91,59504,True,0.6800158100658685,0,153,9219,8637,582
3,2026080503,645,98685,109,59613,True,0.7142359288407205,0,153,9219,8787,432
3,2026080503,646,98838,93,59706,True,0.6211319033158222,0,153,9219,8796,423
3,2026080503,647,98991,99,59805,True,0.521884613783136,0,153,9219,8862,357
3,2026080503,648,99144,94,59899,True,0.41049709008743324,1,153,9219,8820,399
3,2026080503,649,99297,93,59992,True,0.5616996547255061,0,153,9219,8838,381
3,2026080503,650,99450,99,60091,True,0.5558758263842002,0,153,9219,8844,375
3,2026080503,651,99603,108,60199,True,0.5664075028419889,0,153,9219,8799,420
3,2026080503,652,99756,96,60295,True,0.5368328252523473,0,153,9219,8625,594
3,2026080503,653,99909,94,60389,True,0.5720648493296896,0,153,9219,8823,396
3,2026080503,654,100062,89,60478,True,0.6332953356962315,0,153,9219,8883,336
3,2026080503,655,100215,78,60556,True,0.4082083874189621,1,153,9219,8886,333
3,2026080503,656,100368,98,60654,True,0.588359223533474,0,153,9219,8889,330
3,2026080503,657,100521,97,60751,True,0.4333050700610387,0,153,9219,8922,297
3,2026080503,658,100674,99,60850,True,0.46245724555466605,0,153,9219,8934,285
3,2026080503,659,100827,105,60955,True,0.5875212912406597,0,153,9219,8760,459
3,2026080503,660,100980,89,61044,True,0.5625248533704881,0,153,9219,8718,501
3,2026080503,661,101133,87,61131,True,0.446555492358617,0,153,9219,8910,309
3,2026080503,662,101286,98,61229,True,0.47692373401427846,0,153,9219,8664,555
3,2026080503,663,101439,83,61312,True,0.49315813263390273,0,153,9219,8931,288
3,2026080503,664,101592,97,61409,True,0.4281812575840209,0,153,9219,8880,339
3,2026080503,665,101745,88,61497,True,0.5628106287327683,0,153,9219,8766,453
3,2026080503,666,101898,91,61588,True,0.559466130009987,0,153,9219,8835,384
3,2026080503,667,102051,101,61689,True,0.5989682353754255,0,153,9219,8874,345
3,2026080503,668,102204,102,61791,True,0.4121170539246315,1,153,9219,8703,516
3,2026080503,669,102357,90,61881,True,0.5167505243798503,0,153,9219,8883,336
3,2026080503,670,102510,88,61969,True,0.4749650647857999,0,153,9219,8811,408
3,2026080503,671,102663,90,62059,True,0.5973783798873455,0,153,9219,8832,387
3,2026080503,672,102816,97,62156,True,0.7584877854379942,1,153,9219,8709,510
3,2026080503,673,102969,80,62236,True,0.5608633402477292,0,153,9219,8967,252
3,2026080503,674,103122,102,62338,True,0.4350427820012371,0,153,9219,8976,243
3,2026080503,675,103275,98,62436,True,0.5532557049111755,0,153,9219,8640,579
3,2026080503,676,103428,95,62531,True,0.5217962495287319,0,153,9219,8877,342
3,2026080503,677,103581,90,62621,True,0.603207283450097,0,153,9219,8862,357
3,2026080503,678,103734,101,62722,True,0.4187649285303118,1,153,9219,8904,315
3,2026080503,679,103887,92,62814,True,0.5091600387534407,0,153,9219,8724,495
3,2026080503,680,104040,94,62908,True,0.4748949792889023,0,153,9219,8964,255
3,2026080503,681,104193,88,62996,True,0.6003926955259304,0,153,9219,8871,348
3,2026080503,682,104346,87,63083,True,0.6102133293348233,0,153,9219,8913,306
3,2026080503,683,104499,91,63174,True,0.6872379372711168,0,153,9219,8733,486
3,2026080503,684,104652,89,63263,True,0.5084832272151829,0,153,9219,8904,315
3,2026080503,685,104805,96,63359,True,0.5551099879055683,0,153,9219,8940,279
3,2026080503,686,104958,88,63447,True,0.6084651207031841,0,153,9219,8592,627
3,2026080503,687,105111,95,63542,True,0.7142496862490575,0,153,9219,8730,489
3,2026080503,688,105264,101,63643,True,0.6145203035706956,0,153,9219,8778,441
3,2026080503,689,105417,94,63737,True,0.466246123959899,0,153,9219,9033,186
3,2026080503,690,105570,103,63840,True,0.4374470358491286,0,153,9219,8877,342
3,2026080503,691,105723,98,63938,True,0.5911158097259039,0,153,9219,8613,606
3,2026080503,692,105876,92,64030,True,0.7360872447016351,1,153,9219,8589,630
3,2026080503,693,106029,90,64120,True,0.6290950739537887,0,153,9219,8841,378
3,2026080503,694,106182,96,64216,True,0.5931011742883203,0,153,9219,8895,324
3,2026080503,695,106335,101,64317,True,0.36808408912577467,1,153,9219,9024,195
3,2026080503,696,106488,80,64397,True,0.5149907412866922,0,153,9219,8898,321
3,2026080503,697,106641,103,64500,True,0.6547233468739617,0,153,9219,8688,531
3,2026080503,698,106794,99,64599,True,0.6742342430721153,0,153,9219,8910,309
3,2026080503,699,106947,102,64701,True,0.6844406142244203,0,153,9219,8865,354
3,2026080503,700,107100,104,64805,True,0.451214860748397,0,153,9219,8937,282
3,2026080503,701,107253,103,64908,True,0.6726243338695004,0,153,9219,8724,495
3,2026080503,702,107406,93,65001,True,0.6060789179339345,0,153,9219,8970,249
3,2026080503,703,107559,100,65101,True,0.6167846432585333,0,153,9219,8979,240
3,2026080503,704,107712,89,65190,True,0.6022925783670298,0,153,9219,8799,420
3,2026080503,705,107865,94,65284,True,0.6587648450033855,0,153,9219,8220,999
3,2026080503,706,108018,95,65379,True,0.6452772970160099,0,153,9219,8553,666
3,2026080503,707,108171,90,65469,True,0.6139269514650438,0,153,9219,8853,366
3,2026080503,708,108324,85,65554,True,0.5482606445880474,0,153,9219,8685,534
3,2026080503,709,108477,87,65641,True,0.5746295384528507,0,153,9219,8916,303
3,2026080503,710,108630,94,65735,True,0.5641344065431497,0,153,9219,8832,387
3,2026080503,711,108783,90,65825,True,0.5233782575556811,0,153,9219,8958,261
3,2026080503,712,108936,94,65919,True,0.6498831499680149,0,153,9219,8847,372
3,2026080503,713,109089,87,66006,True,0.5994305375661733,0,153,9219,8577,642
3,2026080503,714,109242,93,66099,True,0.45762974929549904,0,153,9219,8934,285
3,2026080503,715,109395,92,66191,True,0.5969297751521964,0,153,9219,8829,390
3,2026080503,716,109548,95,66286,True,0.49636164638618463,0,153,9219,9024,195
3,2026080503,717,109701,86,66372,True,0.5879004736928817,0,153,9219,8910,309
3,2026080503,718,109854,96,66468,True,0.5307472888763881,0,153,9219,8931,288
3,2026080503,719,110007,95,66563,True,0.6686044962994482,0,153,9219,8784,435
3,2026080503,720,110160,96,66659,True,0.6919072686521838,0,153,9219,8682,537
3,2026080503,721,110313,91,66750,True,0.6739267635111222,0,153,9219,8865,354
3,2026080503,722,110466,88,66838,True,0.5772730150524112,0,153,9219,8988,231
3,2026080503,723,110619,95,66933,True,0.6290508088908874,0,153,9219,8730,489
3,2026080503,724,110772,90,67023,True,0.6379020998811722,0,153,9219,8781,438
3,2026080503,725,110925,97,67120,True,0.6358520384759323,0,153,9219,8976,243
3,2026080503,726,111078,82,67202,True,0.5580394344190033,0,153,9219,8826,393
3,2026080503,727,111231,84,67286,True,0.5799192293546747,0,153,9219,8772,447
3,2026080503,728,111384,91,67377,True,0.5471007848103295,0,153,9219,9006,213
3,2026080503,729,111537,103,67480,True,0.6794777979048322,0,153,9219,8676,543
3,2026080503,730,111690,91,67571,True,0.643153073008276,0,153,9219,8859,360
3,2026080503,731,111843,84,67655,True,0.51936187903725,0,153,9219,8730,489
3,2026080503,732,111996,93,67748,True,0.5674596701408113,0,153,9219,8859,360
3,2026080503,733,112149,103,67851,True,0.47042084685517027,0,153,9219,8871,348
3,2026080503,734,112302,87,67938,True,0.4607033885009777,0,153,9219,8832,387
3,2026080503,735,112455,79,68017,True,0.6234739962369203,0,153,9219,8880,339
3,2026080503,736,112608,89,68106,True,0.4777867665604938,0,153,9219,8718,501
3,2026080503,737,112761,91,68197,True,0.577690997505253,0,153,9219,8799,420
3,2026080503,738,112914,95,68292,True,0.5710026012535648,0,153,9219,8706,513
3,2026080503,739,113067,92,68384,True,0.6101508688924129,0,153,9219,8742,477
3,2026080503,740,113220,90,68474,True,0.6775534139438192,0,153,9219,8826,393
3,2026080503,741,113373,90,68564,True,0.6302671918340255,0,153,9219,8898,321
3,2026080503,742,113526,88,68652,True,0.5948335192210353,0,153,9219,8895,324
3,2026080503,743,113679,87,68739,True,0.6603078226541561,0,153,9219,8718,501
3,2026080503,744,113832,100,68839,True,0.6741070551424245,0,153,9219,8385,834
3,2026080503,745,113985,94,68933,True,0.6078059276752706,0,153,9219,8898,321
3,2026080503,746,114138,86,69019,True,0.6085300908720455,0,153,9219,8727,492
3,2026080503,747,114291,86,69105,True,0.6679927310716582,0,153,9219,8895,324
3,2026080503,748,114444,86,69191,True,0.48676714799254134,0,153,9219,8892,327
3,2026080503,749,114597,85,69276,True,0.390467573219941,1,153,9219,8868,351
3,2026080503,750,114750,98,69374,True,0.6809509635343708,0,153,9219,8484,735
3,2026080503,751,114903,97,69471,True,0.48601237704724726,0,153,9219,8706,513
3,2026080503,752,115056,83,69554,True,0.5642669187108551,0,153,9219,8748,471
3,2026080503,753,115209,94,69648,True,0.5394440735882136,0,153,9219,8970,249
3,2026080503,754,115362,103,69751,True,0.503229919601878,0,153,9219,8820,399
3,2026080503,755,115515,95,69846,True,0.6638607872414711,0,153,9219,8484,735
3,2026080503,756,115668,95,69941,True,0.5499111961548634,0,153,9219,8823,396
3,2026080503,757,115821,92,70033,True,0.5420985603009891,0,153,9219,8859,360
3,2026080503,758,115974,97,70130,True,0.5055313096743724,0,153,9219,8772,447
3,2026080503,759,116127,92,70222,True,0.6420572814984792,0,153,9219,8661,558
3,2026080503,760,116280,92,70314,True,0.6810477118700347,0,153,9219,8901,318
3,2026080503,761,116433,96,70410,True,0.5352609223251134,0,153,9219,8730,489
3,2026080503,762,116586,92,70502,True,0.5151791879200674,0,153,9219,8886,333
3,2026080503,763,116739,90,70592,True,0.5532866519868535,0,153,9219,8805,414
3,2026080503,764,116892,88,70680,True,0.5471149394983938,0,153,9219,8955,264
3,2026080503,765,117045,88,70768,True,0.5665140233782714,0,153,9219,8781,438
3,2026080503,766,117198,95,70863,True,0.6072091192695083,0,153,9219,8751,468
3,2026080503,767,117351,91,70954,True,0.5891749575332506,0,153,9219,8946,273
3,2026080503,768,117504,94,71048,True,0.5927850615730862,0,153,9219,8796,423
3,2026080503,769,117657,90,71138,True,0.5551336928265957,0,153,9219,8883,336
3,2026080503,770,117810,86,71224,True,0.4731670501482209,0,153,9219,9015,204
3,2026080503,771,117963,98,71322,True,0.5047687298377758,0,153,9219,8538,681
3,2026080503,772,118116,95,71417,True,0.6901958362755743,0,153,9219,8412,807
3,2026080503,773,118269,103,71520,True,0.6260624598660317,0,153,9219,8745,474
3,2026080503,774,118422,93,71613,True,0.4937862845925005,0,153,9219,8982,237
3,2026080503,775,118575,84,71697,True,0.5083729730365323,0,153,9219,8826,393
3,2026080503,776,118728,99,71796,True,0.7557954973724904,1,153,9219,8898,321
3,2026080503,777,118881,88,71884,True,0.6351037137398436,0,153,9219,8913,306
3,2026080503,778,119034,98,71982,True,0.5666025308224582,0,153,9219,8763,456
3,2026080503,779,119187,93,72075,True,0.5480991554794261,0,153,9219,8853,366
3,2026080503,780,119340,88,72163,True,0.5042460572602809,0,153,9219,8772,447
3,2026080503,781,119493,77,72240,True,0.5825088461568767,0,153,9219,8814,405
3,2026080503,782,119646,96,72336,True,0.7227558616866904,1,153,9219,8721,498
3,2026080503,783,119799,100,72436,True,0.5443440229594367,0,153,9219,9012,207
3,2026080503,784,119952,87,72523,True,0.5923614163984844,0,153,9219,8841,378
3,2026080503,785,120105,88,72611,True,0.6449399781110655,0,153,9219,8877,342
3,2026080503,786,120258,85,72696,True,0.5097466560735323,0,153,9219,8475,744
3,2026080503,787,120411,100,72796,True,0.39589754176634745,1,153,9219,8769,450
3,2026080503,788,120564,88,72884,True,0.4944492935785562,0,153,9219,8796,423
3,2026080503,789,120717,102,72986,True,0.7072710571484746,0,153,9219,8862,357
3,2026080503,790,120870,91,73077,True,0.6581392513867262,0,153,9219,8889,330
3,2026080503,791,121023,89,73166,True,0.5196606747077608,0,153,9219,8868,351
3,2026080503,792,121176,84,73250,True,0.5712826314984037,0,153,9219,8898,321
3,2026080503,793,121329,97,73347,True,0.6202821258841377,0,153,9219,8820,399
3,2026080503,794,121482,88,73435,True,0.6217205253911826,0,153,9219,8946,273
3,2026080503,795,121635,95,73530,True,0.4163172657620762,1,153,9219,8880,339
3,2026080503,796,121788,89,73619,True,0.5961800723173014,0,153,9219,8928,291
3,2026080503,797,121941,76,73695,True,0.5682870153548697,0,153,9219,8838,381
3,2026080503,798,122094,96,73791,True,0.508340400685191,0,153,9219,8703,516
3,2026080503,799,122247,96,73887,True,0.5774722120900415,0,153,9219,8910,309
3,2026080503,800,122400,101,73988,True,0.6556143649213071,0,153,9219,8772,447
3,2026080503,801,122553,88,74076,True,0.5263439217198196,0,153,9219,8868,351
3,2026080503,802,122706,89,74165,True,0.7347686578757605,1,153,9219,8838,381
3,2026080503,803,122859,93,74258,True,0.45103782696291456,0,153,9219,8871,348
3,2026080503,804,123012,92,74350,True,0.656610201227979,0,153,9219,8724,495
3,2026080503,805,123165,96,74446,True,0.637244934634191,0,153,9219,8724,495
3,2026080503,806,123318,93,74539,True,0.4509050516238027,0,153,9219,8943,276
3,2026080503,807,123471,102,74641,True,0.7022487685625125,0,153,9219,8904,315
3,2026080503,808,123624,96,74737,True,0.6439436358141318,0,153,9219,8916,303
3,2026080503,809,123777,87,74824,True,0.6841169786877178,0,153,9219,8754,465
3,2026080503,810,123930,93,74917,True,0.6029843168130681,0,153,9219,8781,438
3,2026080503,811,124083,94,75011,True,0.56878526385732,0,153,9219,8886,333
3,2026080503,812,124236,86,75097,True,0.5351952627366346,0,153,9219,8739,480
3,2026080503,813,124389,100,75197,True,0.5165734182924616,0,153,9219,8949,270
3,2026080503,814,124542,92,75289,True,0.5399867048688589,0,153,9219,8763,456
3,2026080503,815,124695,98,75387,True,0.5664216564252768,0,153,9219,8823,396
3,2026080503,816,124848,92,75479,True,0.7128984279288734,0,153,9219,8811,408
3,2026080503,817,125001,90,75569,True,0.6983039801250078,0,153,9219,8688,531
3,2026080503,818,125154,97,75666,True,0.7047192770799903,0,153,9219,8769,450
3,2026080503,819,125307,97,75763,True,0.6113306165275294,0,153,9219,8742,477
3,2026080503,820,125460,98,75861,True,0.46048947015526104,0,153,9219,8769,450
3,2026080503,821,125613,86,75947,True,0.5333591850558935,0,153,9219,8805,414
3,2026080503,822,125766,92,76039,True,0.5538517208578004,0,153,9219,8877,342
3,2026080503,823,125919,88,76127,True,0.5788418645602784,0,153,9219,8922,297
3,2026080503,824,126072,85,76212,True,0.6169358744640113,0,153,9219,8814,405
3,2026080503,825,126225,87,76299,True,0.5025995836442309,0,153,9219,8913,306
3,2026080503,826,126378,88,76387,True,0.533970131223294,0,153,9219,8697,522
3,2026080503,827,126531,91,76478,True,0.6328084408024585,0,153,9219,8661,558
3,2026080503,828,126684,89,76567,True,0.5787507475951899,0,153,9219,8745,474
3,2026080503,829,126837,97,76664,True,0.5568511846060714,0,153,9219,8871,348
3,2026080503,830,126990,87,76751,True,0.6355970206486135,0,153,9219,8757,462
3,2026080503,831,127143,84,76835,True,0.592468864458586,0,153,9219,8622,597
3,2026080503,832,127296,97,76932,True,0.42582081035940034,1,153,9219,8844,375
3,2026080503,833,127449,91,77023,True,0.5955859128093358,0,153,9219,8889,330
3,2026080503,834,127602,91,77114,True,0.5735894649631412,0,153,9219,8724,495
3,2026080503,835,127755,95,77209,True,0.5499997130476046,0,153,9219,8817,402
3,2026080503,836,127908,93,77302,True,0.4633463616869641,0,153,9219,8823,396
3,2026080503,837,128061,95,77397,True,0.5839169583431839,0,153,9219,8721,498
3,2026080503,838,128214,89,77486,True,0.6521564117931026,0,153,9219,8313,906
3,2026080503,839,128367,87,77573,True,0.5277381223197334,0,153,9219,8856,363
3,2026080503,840,128520,84,77657,True,0.5345549140535435,0,153,9219,8958,261
3,2026080503,841,128673,80,77737,True,0.650511125887793,0,153,9219,8622,597
3,2026080503,842,128826,96,77833,True,0.5588106143848627,0,153,9219,8691,528
3,2026080503,843,128979,94,77927,True,0.7238556733742676,1,153,9219,8811,408
3,2026080503,844,129132,97,78024,True,0.6316171320974341,0,153,9219,8859,360
3,2026080503,845,129285,90,78114,True,0.5099444163333929,0,153,9219,8871,348
3,2026080503,846,129438,93,78207,True,0.5239648051792948,0,153,9219,8877,342
3,2026080503,847,129591,87,78294,True,0.6557692727912339,0,153,9219,8979,240
3,2026080503,848,129744,95,78389,True,0.6492578101053473,0,153,9219,8688,531
3,2026080503,849,129897,96,78485,True,0.6255973258987477,0,153,9219,8868,351
3,2026080503,850,130050,102,78587,True,0.638302061498148,0,153,9219,8886,333
3,2026080503,851,130203,89,78676,True,0.493902132272853,0,153,9219,8676,543
3,2026080503,852,130356,102,78778,True,0.6556983767574918,0,153,9219,8922,297
3,2026080503,853,130509,84,78862,True,0.557113427549223,0,153,9219,8886,333
3,2026080503,854,130662,94,78956,True,0.5051670218392259,0,153,9219,8856,363
3,2026080503,855,130815,103,79059,True,0.5589416595558983,0,153,9219,8802,417
3,2026080503,856,130968,94,79153,True,0.7173613365984545,1,153,9219,8799,420
3,2026080503,857,131121,98,79251,True,0.704940559862381,0,153,9219,8850,369
3,2026080503,858,131274,93,79344,True,0.5740123041359183,0,153,9219,8700,519
3,2026080503,859,131427,88,79432,True,0.5671381940075145,0,153,9219,8694,525
3,2026080503,860,131580,75,79507,True,0.5605673218734095,0,153,9219,8907,312
3,2026080503,861,131733,83,79590,True,0.7322090942978765,1,153,9219,8811,408
3,2026080503,862,131886,86,79676,True,0.6777678807210027,0,153,9219,8853,366
3,2026080503,863,132039,92,79768,True,0.39263344513761517,1,153,9219,8826,393
3,2026080503,864,132192,87,79855,True,0.6928513076523761,0,153,9219,8853,366
3,2026080503,865,132345,88,79943,True,0.5334610612536304,0,153,9219,8865,354
3,2026080503,866,132498,93,80036,True,0.4983556816345428,0,153,9219,8838,381
3,2026080503,867,132651,89,80125,True,0.7262481943966924,1,153,9219,8859,360
3,2026080503,868,132804,94,80219,True,0.5940082654960148,0,153,9219,8808,411
3,2026080503,869,132957,96,80315,True,0.3283560531832108,1,153,9219,8826,393
3,2026080503,870,133110,93,80408,True,0.5616295472671928,0,153,9219,8874,345
3,2026080503,871,133263,98,80506,True,0.663816526904966,0,153,9219,8850,369
3,2026080503,872,133416,91,80597,True,0.4354145953940882,0,153,9219,8727,492
3,2026080503,873,133569,86,80683,True,0.6251554833555698,0,153,9219,8997,222
3,2026080503,874,133722,83,80766,True,0.5432165721114683,0,153,9219,8850,369
3,2026080503,875,133875,96,80862,True,0.6275189917291962,0,153,9219,8655,564
3,2026080503,876,134028,96,80958,True,0.6822066967228758,0,153,9219,8841,378
3,2026080503,877,134181,85,81043,True,0.6797502480468374,0,153,9219,8916,303
3,2026080503,878,134334,92,81135,True,0.5859885534964148,0,153,9219,8826,393
3,2026080503,879,134487,96,81231,True,0.4673548730828637,0,153,9219,8910,309
3,2026080503,880,134640,102,81333,True,0.5134308672943668,0,153,9219,8736,483
3,2026080503,881,134793,91,81424,True,0.4926966342700767,0,153,9219,8748,471
3,2026080503,882,134946,87,81511,True,0.5747031695739371,0,153,9219,8436,783
3,2026080503,883,135099,86,81597,True,0.5866168965246458,0,153,9219,8652,567
3,2026080503,884,135252,94,81691,True,0.5204685098573573,0,153,9219,8874,345
3,2026080503,885,135405,98,81789,True,0.5502119923565754,0,153,9219,8874,345
3,2026080503,886,135558,85,81874,True,0.2613963626838177,1,153,9219,8934,285
3,2026080503,887,135711,87,81961,True,0.6273506727115922,0,153,9219,8868,351
3,2026080503,888,135864,91,82052,True,0.6462173230766525,0,153,9219,8766,453
3,2026080503,889,136017,89,82141,True,0.47675552573578456,0,153,9219,8910,309
3,2026080503,890,136170,98,82239,True,0.4623581170644052,0,153,9219,8871,348
3,2026080503,891,136323,99,82338,True,0.6755301066726158,0,153,9219,8856,363
3,2026080503,892,136476,103,82441,True,0.5974098825685722,0,153,9219,8997,222
3,2026080503,893,136629,88,82529,True,0.5278145520183514,0,153,9219,8820,399
3,2026080503,894,136782,91,82620,True,0.7183606013954804,1,153,9219,8802,417
3,2026080503,895,136935,93,82713,True,0.4400014010149397,0,153,9219,8871,348
3,2026080503,896,137088,99,82812,True,0.5619329716749051,0,153,9219,8925,294
3,2026080503,897,137241,93,82905,True,0.5413838518147912,0,153,9219,8955,264
3,2026080503,898,137394,107,83012,True,0.36506830908930915,1,153,9219,8919,300
3,2026080503,899,137547,87,83099,True,0.5418224608175535,0,153,9219,9015,204
3,2026080503,900,137700,96,83195,True,0.4870511434230355,0,153,9219,9054,165
3,2026080503,901,137853,97,83292,True,0.5191961066424305,0,153,9219,8919,300
3,2026080503,902,138006,92,83384,True,0.6570689944478503,0,153,9219,8319,900
3,2026080503,903,138159,91,83475,True,0.5270074501580714,0,153,9219,8676,543
3,2026080503,904,138312,100,83575,True,0.6366662863051595,0,153,9219,8781,438
3,2026080503,905,138465,95,83670,True,0.5817648558257497,0,153,9219,8847,372
3,2026080503,906,138618,101,83771,True,0.5340787551902998,0,153,9219,8742,477
3,2026080503,907,138771,86,83857,True,0.5090820024829702,0,153,9219,8862,357
3,2026080503,908,138924,94,83951,True,0.3255195959927949,1,153,9219,8871,348
3,2026080503,909,139077,92,84043,True,0.6541200675895898,0,153,9219,8889,330
3,2026080503,910,139230,97,84140,True,0.631280349807235,0,153,9219,8517,702
3,2026080503,911,139383,89,84229,True,0.568254185179582,0,153,9219,8781,438
3,2026080503,912,139536,95,84324,True,0.6862935986459067,0,153,9219,8781,438
3,2026080503,913,139689,96,84420,True,0.6174053268700479,0,153,9219,8955,264
3,2026080503,914,139842,86,84506,True,0.6672973324725695,0,153,9219,8844,375
3,2026080503,915,139995,95,84601,True,0.4760522149297036,0,153,9219,8910,309
3,2026080503,916,140148,94,84695,True,0.5280279299094126,0,153,9219,9033,186
3,2026080503,917,140301,91,84786,True,0.5792298111861659,0,153,9219,8835,384
3,2026080503,918,140454,93,84879,True,0.4322795855738553,0,153,9219,8985,234
3,2026080503,919,140607,93,84972,True,0.6066985626450073,0,153,9219,8886,333
3,2026080503,920,140760,88,85060,True,0.6568838610326344,0,153,9219,8520,699
3,2026080503,921,140913,90,85150,True,0.35581777531795544,1,153,9219,8796,423
3,2026080503,922,141066,86,85236,True,0.6227960261925453,0,153,9219,8775,444
3,2026080503,923,141219,86,85322,True,0.5236104989938718,0,153,9219,8877,342
3,2026080503,924,141372,89,85411,True,0.611249429798115,0,153,9219,8643,576
3,2026080503,925,141525,91,85502,True,0.5789603242385494,0,153,9219,8970,249
3,2026080503,926,141678,95,85597,True,0.48062139059786385,0,153,9219,8985,234
3,2026080503,927,141831,97,85694,True,0.6509918175155033,0,153,9219,8895,324
3,2026080503,928,141984,94,85788,True,0.5618305787931935,0,153,9219,8895,324
3,2026080503,929,142137,99,85887,True,0.5501442351969114,0,153,9219,8817,402
3,2026080503,930,142290,92,85979,True,0.5461375672034805,0,153,9219,8997,222
3,2026080503,931,142443,97,86076,True,0.6542446744166481,0,153,9219,8811,408
3,2026080503,932,142596,92,86168,True,0.5638724585717985,0,153,9219,8907,312
3,2026080503,933,142749,81,86249,True,0.7179163996825587,1,153,9219,8385,834
3,2026080503,934,142902,93,86342,True,0.6146875533841957,0,153,9219,8616,603
3,2026080503,935,143055,86,86428,True,0.5717061965848786,0,153,9219,8700,519
3,2026080503,936,143208,102,86530,True,0.6400370070053794,0,153,9219,8946,273
3,2026080503,937,143361,96,86626,True,0.628806600729354,0,153,9219,8853,366
3,2026080503,938,143514,96,86722,True,0.6086772803335095,0,153,9219,8820,399
3,2026080503,939,143667,108,86830,True,0.6738801981791336,0,153,9219,8406,813
3,2026080503,940,143820,91,86921,True,0.5942516661635677,0,153,9219,8844,375
3,2026080503,941,143973,81,87002,True,0.511913989423791,0,153,9219,8850,369
3,2026080503,942,144126,92,87094,True,0.5119822405307056,0,153,9219,8895,324
3,2026080503,943,144279,91,87185,True,0.6996225820382997,0,153,9219,8871,348
3,2026080503,944,144432,94,87279,True,0.5913433511431101,0,153,9219,8817,402
3,2026080503,945,144585,93,87372,True,0.5979852300866958,0,153,9219,8772,447
3,2026080503,946,144738,89,87461,True,0.5324626083295608,0,153,9219,8628,591
3,2026080503,947,144891,92,87553,True,0.6498827737340183,0,153,9219,8928,291
3,2026080503,948,145044,97,87650,True,0.5282249860212905,0,153,9219,8919,300
3,2026080503,949,145197,88,87738,True,0.5141380322804675,0,153,9219,8631,588
3,2026080503,950,145350,89,87827,True,0.5990390962437815,0,153,9219,8643,576
3,2026080503,951,145503,104,87931,True,0.5120928771977751,0,153,9219,8817,402
3,2026080503,952,145656,88,88019,True,0.5646814602876181,0,153,9219,8886,333
3,2026080503,953,145809,87,88106,True,0.6256202665160339,0,153,9219,8850,369
3,2026080503,954,145962,93,88199,True,0.485961247179909,0,153,9219,8826,393
3,2026080503,955,146115,98,88297,True,0.5538589794583212,0,153,9219,8595,624
3,2026080503,956,146268,81,88378,True,0.5132207319460282,0,153,9219,8664,555
3,2026080503,957,146421,100,88478,True,0.594697477675283,0,153,9219,8964,255
3,2026080503,958,146574,98,88576,True,0.6117271842695711,0,153,9219,8994,225
3,2026080503,959,146727,93,88669,True,0.5459034426542069,0,153,9219,8691,528
3,2026080503,960,146880,90,88759,True,0.5942171477505414,0,153,9219,8877,342
3,2026080503,961,147033,93,88852,True,0.6354556708440282,0,153,9219,8784,435
3,2026080503,962,147186,99,88951,True,0.5613962629880375,0,153,9219,8628,591
3,2026080503,963,147339,88,89039,True,0.4567535667021894,0,153,9219,8883,336
3,2026080503,964,147492,99,89138,True,0.5102334989836091,0,153,9219,8817,402
3,2026080503,965,147645,93,89231,True,0.5308930319071746,0,153,9219,8943,276
3,2026080503,966,147798,87,89318,True,0.5478035543119804,0,153,9219,8895,324
3,2026080503,967,147951,89,89407,True,0.4241156181636688,1,153,9219,8910,309
3,2026080503,968,148104,95,89502,True,0.6402720023363762,0,153,9219,8751,468
3,2026080503,969,148257,94,89596,True,0.5494126223066456,0,153,9219,8799,420
3,2026080503,970,148410,91,89687,True,0.5627341302262767,0,153,9219,8778,441
3,2026080503,971,148563,83,89770,True,0.5638281916179146,0,153,9219,8943,276
3,2026080503,972,148716,102,89872,True,0.6328023728029792,0,153,9219,8592,627
3,2026080503,973,148869,95,89967,True,0.5876164286387773,0,153,9219,8940,279
3,2026080503,974,149022,92,90059,True,0.6553452337193322,0,153,9219,8823,396
3,2026080503,975,149175,93,90152,True,0.5809504619625407,0,153,9219,8865,354
3,2026080503,976,149328,87,90239,True,0.6156218443922539,0,153,9219,8883,336
3,2026080503,977,149481,98,90337,True,0.5277155853000012,0,153,9219,8871,348
3,2026080503,978,149634,100,90437,True,0.622211856672631,0,153,9219,8919,300
3,2026080503,979,149787,98,90535,True,0.7059594226474927,0,153,9219,8727,492
3,2026080503,980,149940,103,90638,True,0.49982287766698197,0,153,9219,8922,297
3,2026080503,981,150093,101,90739,True,0.5335281212491244,0,153,9219,8868,351
3,2026080503,982,150246,88,90827,True,0.3644420468465993,1,153,9219,8919,300
3,2026080503,983,150399,96,90923,True,0.6679720740275007,0,153,9219,8934,285
3,2026080503,984,150552,95,91018,True,0.6674522502666563,0,153,9219,8730,489
3,2026080503,985,150705,89,91107,True,0.6789680607151368,0,153,9219,8862,357
3,2026080503,986,150858,93,91200,True,0.5525976945270737,0,153,9219,8751,468
3,2026080503,987,151011,95,91295,True,0.6558519131595119,0,153,9219,8478,741
3,2026080503,988,151164,90,91385,True,0.41669422198236894,1,153,9219,9003,216
3,2026080503,989,151317,99,91484,True,0.5426728519757782,0,153,9219,8781,438
3,2026080503,990,151470,81,91565,True,0.6174406398322213,0,153,9219,8907,312
3,2026080503,991,151623,94,91659,True,0.36076600285387234,1,153,9219,8862,357
3,2026080503,992,151776,96,91755,True,0.518642567888288,0,153,9219,8904,315
3,2026080503,993,151929,97,91852,True,0.5953589799170326,0,153,9219,8766,453
3,2026080503,994,152082,82,91934,True,0.6436505855678212,0,153,9219,8901,318
3,2026080503,995,152235,94,92028,True,0.5056408817216247,0,153,9219,8931,288
3,2026080503,996,152388,85,92113,True,0.5238541567007757,0,153,9219,8871,348
3,2026080503,997,152541,91,92204,True,0.4638337810771141,0,153,9219,8694,525
3,2026080503,998,152694,81,92285,True,0.6689221584454411,0,153,9219,8826,393
3,2026080503,999,152847,93,92378,True,0.5836956519348674,0,153,9219,9003,216
3,2026080503,1000,153000,72,92450,True,0.46854416343428623,0,153,9219,8922,297
4,2026080504,1,153,84,84,True,0.6726717069020219,0,153,9219,8826,393
4,2026080504,2,306,99,183,True,0.6353506880945079,0,153,9219,8664,555
4,2026080504,3,459,99,282,True,0.6720722874204581,0,153,9219,8706,513
4,2026080504,4,612,98,380,True,0.4783163552461857,0,153,9219,8940,279
4,2026080504,5,765,96,476,True,0.5491366733433777,0,153,9219,8622,597
4,2026080504,6,918,78,554,True,0.5782638630994882,0,153,9219,8610,609
4,2026080504,7,1071,86,640,True,0.5063063247697103,0,153,9219,8931,288
4,2026080504,8,1224,102,742,True,0.7036863526070345,0,153,9219,8835,384
4,2026080504,9,1377,90,832,True,0.6930799397478707,0,153,9219,8808,411
4,2026080504,10,1530,96,928,True,0.7293988629598339,1,153,9219,8820,399
4,2026080504,11,1683,90,1018,True,0.5290442668067383,0,153,9219,8901,318
4,2026080504,12,1836,99,1117,True,0.6652629122481717,0,153,9219,8748,471
4,2026080504,13,1989,88,1205,True,0.7240681826232246,1,153,9219,8400,819
4,2026080504,14,2142,90,1295,True,0.6039193957571887,0,153,9219,8820,399
4,2026080504,15,2295,96,1391,True,0.6517802230312526,0,153,9219,8811,408
4,2026080504,16,2448,108,1499,True,0.6420657014752426,0,153,9219,8685,534
4,2026080504,17,2601,96,1595,True,0.6669305283587635,0,153,9219,8733,486
4,2026080504,18,2754,94,1689,True,0.6902842492441398,0,153,9219,8244,975
4,2026080504,19,2907,86,1775,True,0.5421162772001973,0,153,9219,8691,528
4,2026080504,20,3060,82,1857,True,0.3444184282194966,1,153,9219,8958,261
4,2026080504,21,3213,98,1955,True,0.5006463204250708,0,153,9219,8790,429
4,2026080504,22,3366,99,2054,True,0.6493543249258114,0,153,9219,8892,327
4,2026080504,23,3519,97,2151,True,0.6717182274093051,0,153,9219,8820,399
4,2026080504,24,3672,92,2243,True,0.525890748447103,0,153,9219,8985,234
4,2026080504,25,3825,99,2342,True,0.5410624402731944,0,153,9219,9063,156
4,2026080504,26,3978,92,2434,True,0.5012597373871778,0,153,9219,8940,279
4,2026080504,27,4131,89,2523,True,0.5200812485777312,0,153,9219,8877,342
4,2026080504,28,4284,89,2612,True,0.5518924811575129,0,153,9219,8793,426
4,2026080504,29,4437,80,2692,True,0.7010752715212941,0,153,9219,8592,627
4,2026080504,30,4590,95,2787,True,0.586727549728804,0,153,9219,8829,390
4,2026080504,31,4743,91,2878,True,0.551086855793959,0,153,9219,9003,216
4,2026080504,32,4896,97,2975,True,0.7875232942506287,1,153,9219,8895,324
4,2026080504,33,5049,95,3070,True,0.6192992679561715,0,153,9219,8799,420
4,2026080504,34,5202,100,3170,True,0.4962671533622055,0,153,9219,8736,483
4,2026080504,35,5355,93,3263,True,0.3947748015602844,1,153,9219,9003,216
4,2026080504,36,5508,86,3349,True,0.44475635387564105,0,153,9219,8994,225
4,2026080504,37,5661,92,3441,True,0.40572584103379616,1,153,9219,8904,315
4,2026080504,38,5814,94,3535,True,0.636317270267578,0,153,9219,8547,672
4,2026080504,39,5967,79,3614,True,0.5421986495794034,0,153,9219,8931,288
4,2026080504,40,6120,102,3716,True,0.5860924760628393,0,153,9219,8541,678
4,2026080504,41,6273,91,3807,True,0.6214416320976757,0,153,9219,9015,204
4,2026080504,42,6426,95,3902,True,0.5777995184199374,0,153,9219,8910,309
4,2026080504,43,6579,106,4008,True,0.650120566728973,0,153,9219,8766,453
4,2026080504,44,6732,90,4098,True,0.6794266550527215,0,153,9219,8763,456
4,2026080504,45,6885,93,4191,True,0.44247655916533885,0,153,9219,8937,282
4,2026080504,46,7038,102,4293,True,0.5611140855011371,0,153,9219,8832,387
4,2026080504,47,7191,100,4393,True,0.5848589349049016,0,153,9219,8634,585
4,2026080504,48,7344,85,4478,True,0.6082433590271523,0,153,9219,8544,675
4,2026080504,49,7497,89,4567,True,0.483443848967476,0,153,9219,8742,477
4,2026080504,50,7650,87,4654,True,0.5387155633804486,0,153,9219,8838,381
4,2026080504,51,7803,95,4749,True,0.4885585578897262,0,153,9219,8928,291
4,2026080504,52,7956,95,4844,True,0.6758486053024421,0,153,9219,8787,432
4,2026080504,53,8109,88,4932,True,0.667904214178917,0,153,9219,8901,318
4,2026080504,54,8262,89,5021,True,0.5920894955460574,0,153,9219,8691,528
4,2026080504,55,8415,95,5116,True,0.5506172861623546,0,153,9219,8796,423
4,2026080504,56,8568,111,5227,True,0.6574894407110945,0,153,9219,8736,483
4,2026080504,57,8721,89,5316,True,0.5133092526190387,0,153,9219,8901,318
4,2026080504,58,8874,101,5417,True,0.42503711067783073,1,153,9219,8952,267
4,2026080504,59,9027,91,5508,True,0.37718463739929187,1,153,9219,9060,159
4,2026080504,60,9180,91,5599,True,0.5891779873092653,0,153,9219,8808,411
4,2026080504,61,9333,92,5691,True,0.6710400376001101,0,153,9219,8493,726
4,2026080504,62,9486,86,5777,True,0.6867428537323141,0,153,9219,8640,579
4,2026080504,63,9639,90,5867,True,0.6660485529401432,0,153,9219,8688,531
4,2026080504,64,9792,94,5961,True,0.5209116219199474,0,153,9219,8793,426
4,2026080504,65,9945,102,6063,True,0.34979663089013785,1,153,9219,8856,363
4,2026080504,66,10098,94,6157,True,0.6881598891772218,0,153,9219,8874,345
4,2026080504,67,10251,97,6254,True,0.6894506696524446,0,153,9219,8709,510
4,2026080504,68,10404,95,6349,True,0.7233688096727103,1,153,9219,8583,636
4,2026080504,69,10557,86,6435,True,0.5824355028172866,0,153,9219,8418,801
4,2026080504,70,10710,84,6519,True,0.4948180015899474,0,153,9219,8919,300
4,2026080504,71,10863,90,6609,True,0.43145897365392133,0,153,9219,8772,447
4,2026080504,72,11016,106,6715,True,0.43757047315159003,0,153,9219,8697,522
4,2026080504,73,11169,94,6809,True,0.6658019379763129,0,153,9219,8802,417
4,2026080504,74,11322,93,6902,True,0.6447540899894001,0,153,9219,8694,525
4,2026080504,75,11475,95,6997,True,0.6517234366164804,0,153,9219,8745,474
4,2026080504,76,11628,90,7087,True,0.4915133162464516,0,153,9219,8925,294
4,2026080504,77,11781,101,7188,True,0.5755048664734865,0,153,9219,8790,429
4,2026080504,78,11934,95,7283,True,0.6981620844922937,0,153,9219,8832,387
4,2026080504,79,12087,98,7381,True,0.4827681086016394,0,153,9219,8727,492
4,2026080504,80,12240,83,7464,True,0.5712216380823134,0,153,9219,8628,591
4,2026080504,81,12393,95,7559,True,0.5972047204646422,0,153,9219,8601,618
4,2026080504,82,12546,94,7653,True,0.604636765092126,0,153,9219,8907,312
4,2026080504,83,12699,98,7751,True,0.6073845978608379,0,153,9219,8877,342
4,2026080504,84,12852,87,7838,True,0.5952605582221644,0,153,9219,8868,351
4,2026080504,85,13005,90,7928,True,0.4387792472073481,0,153,9219,8949,270
4,2026080504,86,13158,88,8016,True,0.5424536479414152,0,153,9219,8949,270
4,2026080504,87,13311,83,8099,True,0.4044817224801354,1,153,9219,8847,372
4,2026080504,88,13464,100,8199,True,0.4745233371540416,0,153,9219,8976,243
4,2026080504,89,13617,92,8291,True,0.3833863634876098,1,153,9219,8973,246
4,2026080504,90,13770,97,8388,True,0.6416168120625353,0,153,9219,8718,501
4,2026080504,91,13923,94,8482,True,0.7098030165338671,0,153,9219,8781,438
4,2026080504,92,14076,92,8574,True,0.477293276939943,0,153,9219,8751,468
4,2026080504,93,14229,99,8673,True,0.6577609454045774,0,153,9219,8622,597
4,2026080504,94,14382,101,8774,True,0.554052424995051,0,153,9219,8781,438
4,2026080504,95,14535,87,8861,True,0.5014903192273208,0,153,9219,8853,366
4,2026080504,96,14688,92,8953,True,0.6848255632503467,0,153,9219,8706,513
4,2026080504,97,14841,86,9039,True,0.6190342795871302,0,153,9219,8814,405
4,2026080504,98,14994,97,9136,True,0.5417329418736964,0,153,9219,8877,342
4,2026080504,99,15147,80,9216,True,0.6451307606771426,0,153,9219,8667,552
4,2026080504,100,15300,91,9307,True,0.6426357363734944,0,153,9219,8814,405
4,2026080504,101,15453,102,9409,True,0.41882377351118844,1,153,9219,8820,399
4,2026080504,102,15606,97,9506,True,0.4354296569513732,0,153,9219,8745,474
4,2026080504,103,15759,91,9597,True,0.5903508110962096,0,153,9219,8988,231
4,2026080504,104,15912,91,9688,True,0.6261957123337513,0,153,9219,8676,543
4,2026080504,105,16065,97,9785,True,0.4897977679287616,0,153,9219,8877,342
4,2026080504,106,16218,95,9880,True,0.6341214799749975,0,153,9219,8778,441
4,2026080504,107,16371,89,9969,True,0.4996960491711996,0,153,9219,8895,324
4,2026080504,108,16524,93,10062,True,0.6249868660672232,0,153,9219,8841,378
4,2026080504,109,16677,95,10157,True,0.47123174609392693,0,153,9219,8967,252
4,2026080504,110,16830,91,10248,True,0.5363360805551284,0,153,9219,8901,318
4,2026080504,111,16983,88,10336,True,0.48775932392964844,0,153,9219,9000,219
4,2026080504,112,17136,92,10428,True,0.49636814321316175,0,153,9219,8865,354
4,2026080504,113,17289,89,10517,True,0.6111637496156364,0,153,9219,8925,294
4,2026080504,114,17442,86,10603,True,0.5768399571363452,0,153,9219,8898,321
4,2026080504,115,17595,81,10684,True,0.6040945435945859,0,153,9219,8643,576
4,2026080504,116,17748,89,10773,True,0.5495846268218091,0,153,9219,8961,258
4,2026080504,117,17901,104,10877,True,0.3832411532489673,1,153,9219,9015,204
4,2026080504,118,18054,95,10972,True,0.5173369432410118,0,153,9219,8853,366
4,2026080504,119,18207,87,11059,True,0.6540455199124964,0,153,9219,8931,288
4,2026080504,120,18360,98,11157,True,0.5340237673309599,0,153,9219,8793,426
4,2026080504,121,18513,98,11255,True,0.47498441517313533,0,153,9219,8763,456
4,2026080504,122,18666,81,11336,True,0.6562000813358576,0,153,9219,8811,408
4,2026080504,123,18819,90,11426,True,0.5342450784653697,0,153,9219,9015,204
4,2026080504,124,18972,93,11519,True,0.6617202918854413,0,153,9219,8967,252
4,2026080504,125,19125,95,11614,True,0.6532849780786527,0,153,9219,8811,408
4,2026080504,126,19278,90,11704,True,0.7393879470409195,1,153,9219,8805,414
4,2026080504,127,19431,97,11801,True,0.6495121777682057,0,153,9219,8640,579
4,2026080504,128,19584,94,11895,True,0.5025211300422954,0,153,9219,8940,279
4,2026080504,129,19737,93,11988,True,0.32003119706654476,1,153,9219,8898,321
4,2026080504,130,19890,88,12076,True,0.6191929249714845,0,153,9219,8697,522
4,2026080504,131,20043,101,12177,True,0.3962745119274981,1,153,9219,8940,279
4,2026080504,132,20196,91,12268,True,0.30075254636038934,1,153,9219,8904,315
4,2026080504,133,20349,89,12357,True,0.5300504714978448,0,153,9219,8865,354
4,2026080504,134,20502,86,12443,True,0.6673528400124917,0,153,9219,8955,264
4,2026080504,135,20655,82,12525,True,0.7392172628547165,1,153,9219,8847,372
4,2026080504,136,20808,102,12627,True,0.6174495853164185,0,153,9219,8862,357
4,2026080504,137,20961,93,12720,True,0.6641087387087456,0,153,9219,8934,285
4,2026080504,138,21114,91,12811,True,0.5347655144654218,0,153,9219,8637,582
4,2026080504,139,21267,103,12914,True,0.6573447879749126,0,153,9219,8745,474
4,2026080504,140,21420,99,13013,True,0.5260218676628382,0,153,9219,8721,498
4,2026080504,141,21573,88,13101,True,0.5796341234297553,0,153,9219,8910,309
4,2026080504,142,21726,94,13195,True,0.6165865456121915,0,153,9219,8748,471
4,2026080504,143,21879,83,13278,True,0.6203396299694215,0,153,9219,8922,297
4,2026080504,144,22032,86,13364,True,0.7173272737397508,1,153,9219,8709,510
4,2026080504,145,22185,78,13442,True,0.4139182146867361,1,153,9219,8784,435
4,2026080504,146,22338,91,13533,True,0.5237544543498313,0,153,9219,8733,486
4,2026080504,147,22491,96,13629,True,0.5009727870307777,0,153,9219,8982,237
4,2026080504,148,22644,90,13719,True,0.5963067804350753,0,153,9219,8856,363
4,2026080504,149,22797,92,13811,True,0.5867075376306389,0,153,9219,8574,645
4,2026080504,150,22950,93,13904,True,0.7438363625451708,1,153,9219,8568,651
4,2026080504,151,23103,92,13996,True,0.6041406927142269,0,153,9219,8892,327
4,2026080504,152,23256,96,14092,True,0.6061323653275704,0,153,9219,8811,408
4,2026080504,153,23409,88,14180,True,0.6672624667065431,0,153,9219,8811,408
4,2026080504,154,23562,100,14280,True,0.5727660254186755,0,153,9219,8802,417
4,2026080504,155,23715,101,14381,True,0.6244205696779128,0,153,9219,8931,288
4,2026080504,156,23868,88,14469,True,0.5557327851592714,0,153,9219,8946,273
4,2026080504,157,24021,103,14572,True,0.4737462083914948,0,153,9219,8892,327
4,2026080504,158,24174,84,14656,True,0.5072997533807625,0,153,9219,8895,324
4,2026080504,159,24327,83,14739,True,0.33688090791175845,1,153,9219,9024,195
4,2026080504,160,24480,90,14829,True,0.47500193137378943,0,153,9219,8898,321
4,2026080504,161,24633,91,14920,True,0.47230009194405365,0,153,9219,8787,432
4,2026080504,162,24786,91,15011,True,0.6730911490397009,0,153,9219,8946,273
4,2026080504,163,24939,97,15108,True,0.6510556476063206,0,153,9219,8979,240
4,2026080504,164,25092,86,15194,True,0.7485738360703941,1,153,9219,8835,384
4,2026080504,165,25245,101,15295,True,0.6779448956093762,0,153,9219,8859,360
4,2026080504,166,25398,103,15398,True,0.5331593742035865,0,153,9219,9006,213
4,2026080504,167,25551,92,15490,True,0.6734818976745292,0,153,9219,8814,405
4,2026080504,168,25704,85,15575,True,0.5988876190938814,0,153,9219,8826,393
4,2026080504,169,25857,99,15674,True,0.514625472376075,0,153,9219,8769,450
4,2026080504,170,26010,82,15756,True,0.6509923760868712,0,153,9219,8970,249
4,2026080504,171,26163,89,15845,True,0.632179017170964,0,153,9219,8661,558
4,2026080504,172,26316,86,15931,True,0.5864782797242237,0,153,9219,8748,471
4,2026080504,173,26469,96,16027,True,0.5861964143488443,0,153,9219,8922,297
4,2026080504,174,26622,90,16117,True,0.6423396607240229,0,153,9219,8691,528
4,2026080504,175,26775,93,16210,True,0.5534873271996601,0,153,9219,8970,249
4,2026080504,176,26928,91,16301,True,0.5250609617965911,0,153,9219,8883,336
4,2026080504,177,27081,93,16394,True,0.4771074781581844,0,153,9219,8937,282
4,2026080504,178,27234,92,16486,True,0.3550640015030526,1,153,9219,8991,228
4,2026080504,179,27387,89,16575,True,0.5640397265174033,0,153,9219,8853,366
4,2026080504,180,27540,103,16678,True,0.5977733083505152,0,153,9219,8763,456
4,2026080504,181,27693,101,16779,True,0.48544876901606593,0,153,9219,8517,702
4,2026080504,182,27846,97,16876,True,0.5847432316609781,0,153,9219,8868,351
4,2026080504,183,27999,87,16963,True,0.5144256506432147,0,153,9219,8841,378
4,2026080504,184,28152,98,17061,True,0.5947199811577542,0,153,9219,8727,492
4,2026080504,185,28305,94,17155,True,0.692194751919718,0,153,9219,8550,669
4,2026080504,186,28458,86,17241,True,0.5255799578059103,0,153,9219,8940,279
4,2026080504,187,28611,97,17338,True,0.35306617416382274,1,153,9219,8997,222
4,2026080504,188,28764,88,17426,True,0.5835559930741324,0,153,9219,8922,297
4,2026080504,189,28917,97,17523,True,0.4989803787296845,0,153,9219,8913,306
4,2026080504,190,29070,99,17622,True,0.45637543656795354,0,153,9219,8907,312
4,2026080504,191,29223,92,17714,True,0.45483916643437305,0,153,9219,8955,264
4,2026080504,192,29376,96,17810,True,0.7659145436666389,1,153,9219,8715,504
4,2026080504,193,29529,100,17910,True,0.6050000440576644,0,153,9219,8901,318
4,2026080504,194,29682,93,18003,True,0.6434598127691574,0,153,9219,8856,363
4,2026080504,195,29835,85,18088,True,0.5000387399244511,0,153,9219,8874,345
4,2026080504,196,29988,85,18173,True,0.6703136633760477,0,153,9219,8763,456
4,2026080504,197,30141,89,18262,True,0.6245618596738668,0,153,9219,8754,465
4,2026080504,198,30294,99,18361,True,0.6346832764533011,0,153,9219,8856,363
4,2026080504,199,30447,94,18455,True,0.5025955965862168,0,153,9219,9039,180
4,2026080504,200,30600,86,18541,True,0.6893398245625072,0,153,9219,8691,528
4,2026080504,201,30753,91,18632,True,0.6794756086393328,0,153,9219,8520,699
4,2026080504,202,30906,96,18728,True,0.5895225056565618,0,153,9219,8796,423
4,2026080504,203,31059,97,18825,True,0.6283197370277968,0,153,9219,8748,471
4,2026080504,204,31212,85,18910,True,0.5684962028418596,0,153,9219,8448,771
4,2026080504,205,31365,96,19006,True,0.679964640814909,0,153,9219,8715,504
4,2026080504,206,31518,87,19093,True,0.6987153032597202,0,153,9219,8751,468
4,2026080504,207,31671,87,19180,True,0.5550807333395391,0,153,9219,8874,345
4,2026080504,208,31824,92,19272,True,0.41682604791843086,1,153,9219,8886,333
4,2026080504,209,31977,85,19357,True,0.6566161134751665,0,153,9219,8664,555
4,2026080504,210,32130,97,19454,True,0.6005813308894192,0,153,9219,8844,375
4,2026080504,211,32283,93,19547,True,0.5409478898325569,0,153,9219,8901,318
4,2026080504,212,32436,92,19639,True,0.5661017924737027,0,153,9219,8808,411
4,2026080504,213,32589,99,19738,True,0.5492667973331189,0,153,9219,8802,417
4,2026080504,214,32742,95,19833,True,0.592715406463068,0,153,9219,8958,261
4,2026080504,215,32895,96,19929,True,0.583690057136394,0,153,9219,8979,240
4,2026080504,216,33048,99,20028,True,0.6946360800301885,0,153,9219,8805,414
4,2026080504,217,33201,85,20113,True,0.5867216959818915,0,153,9219,8856,363
4,2026080504,218,33354,93,20206,True,0.5724783700842949,0,153,9219,8901,318
4,2026080504,219,33507,92,20298,True,0.7915948974466195,1,153,9219,8493,726
4,2026080504,220,33660,110,20408,True,0.5749073646894834,0,153,9219,8862,357
4,2026080504,221,33813,85,20493,True,0.5162525649966344,0,153,9219,8622,597
4,2026080504,222,33966,91,20584,True,0.42478790087863755,1,153,9219,8697,522
4,2026080504,223,34119,97,20681,True,0.5467583917542272,0,153,9219,8886,333
4,2026080504,224,34272,83,20764,True,0.591431875596874,0,153,9219,9009,210
4,2026080504,225,34425,86,20850,True,0.6705271728294393,0,153,9219,8997,222
4,2026080504,226,34578,100,20950,True,0.559847217365066,0,153,9219,8877,342
4,2026080504,227,34731,88,21038,True,0.5307143623689593,0,153,9219,8877,342
4,2026080504,228,34884,99,21137,True,0.5488919417203868,0,153,9219,8733,486
4,2026080504,229,35037,89,21226,True,0.7454830591745113,1,153,9219,8658,561
4,2026080504,230,35190,87,21313,True,0.48790511278963494,0,153,9219,8961,258
4,2026080504,231,35343,97,21410,True,0.6736380576012171,0,153,9219,8862,357
4,2026080504,232,35496,89,21499,True,0.5364115927935456,0,153,9219,8760,459
4,2026080504,233,35649,92,21591,True,0.520855639993175,0,153,9219,8772,447
4,2026080504,234,35802,96,21687,True,0.665471631970817,0,153,9219,8775,444
4,2026080504,235,35955,91,21778,True,0.4170297958316831,1,153,9219,8733,486
4,2026080504,236,36108,88,21866,True,0.42889108651657876,0,153,9219,8937,282
4,2026080504,237,36261,93,21959,True,0.5670976713111271,0,153,9219,8898,321
4,2026080504,238,36414,95,22054,True,0.49001752785876923,0,153,9219,8892,327
4,2026080504,239,36567,91,22145,True,0.36825386343871824,1,153,9219,8934,285
4,2026080504,240,36720,96,22241,True,0.5493371665342702,0,153,9219,8940,279
4,2026080504,241,36873,96,22337,True,0.4792614410547104,0,153,9219,8955,264
4,2026080504,242,37026,88,22425,True,0.5647840239745845,0,153,9219,8916,303
4,2026080504,243,37179,95,22520,True,0.6055440632427237,0,153,9219,8577,642
4,2026080504,244,37332,86,22606,True,0.5664316912349212,0,153,9219,8817,402
4,2026080504,245,37485,91,22697,True,0.5227698016112887,0,153,9219,8820,399
4,2026080504,246,37638,94,22791,True,0.584888549601703,0,153,9219,8721,498
4,2026080504,247,37791,100,22891,True,0.5993081551557775,0,153,9219,8904,315
4,2026080504,248,37944,86,22977,True,0.5276838148468277,0,153,9219,8949,270
4,2026080504,249,38097,86,23063,True,0.6716075836558197,0,153,9219,8826,393
4,2026080504,250,38250,85,23148,True,0.7053026013620848,0,153,9219,8769,450
4,2026080504,251,38403,101,23249,True,0.5589894078610901,0,153,9219,8958,261
4,2026080504,252,38556,100,23349,True,0.5677737153284614,0,153,9219,8787,432
4,2026080504,253,38709,92,23441,True,0.5218408265438513,0,153,9219,8943,276
4,2026080504,254,38862,87,23528,True,0.4924288891451274,0,153,9219,8904,315
4,2026080504,255,39015,91,23619,True,0.3011859208969102,1,153,9219,8841,378
4,2026080504,256,39168,96,23715,True,0.4165691788499898,1,153,9219,8889,330
4,2026080504,257,39321,101,23816,True,0.4094698608850982,1,153,9219,8877,342
4,2026080504,258,39474,97,23913,True,0.5918429297824417,0,153,9219,8691,528
4,2026080504,259,39627,90,24003,True,0.4623189597821696,0,153,9219,8883,336
4,2026080504,260,39780,90,24093,True,0.5731421900867117,0,153,9219,8760,459
4,2026080504,261,39933,85,24178,True,0.5474548523812944,0,153,9219,8853,366
4,2026080504,262,40086,81,24259,True,0.6587648450033855,0,153,9219,8619,600
4,2026080504,263,40239,108,24367,True,0.7057009273794204,0,153,9219,8766,453
4,2026080504,264,40392,87,24454,True,0.47872148516773283,0,153,9219,8937,282
4,2026080504,265,40545,93,24547,True,0.76779552763739,1,153,9219,8667,552
4,2026080504,266,40698,95,24642,True,0.5644823015313445,0,153,9219,8817,402
4,2026080504,267,40851,91,24733,True,0.5052538713750926,0,153,9219,8952,267
4,2026080504,268,41004,95,24828,True,0.5355592840523271,0,153,9219,8811,408
4,2026080504,269,41157,85,24913,True,0.6229995455430667,0,153,9219,8583,636
4,2026080504,270,41310,91,25004,True,0.5794368121118604,0,153,9219,8916,303
4,2026080504,271,41463,100,25104,True,0.645154938875958,0,153,9219,8847,372
4,2026080504,272,41616,85,25189,True,0.6172409864923761,0,153,9219,8721,498
4,2026080504,273,41769,96,25285,True,0.46203154227404336,0,153,9219,8625,594
4,2026080504,274,41922,84,25369,True,0.5181114991298527,0,153,9219,8871,348
4,2026080504,275,42075,85,25454,True,0.6302286224436092,0,153,9219,8745,474
4,2026080504,276,42228,82,25536,True,0.49030196922664937,0,153,9219,9048,171
4,2026080504,277,42381,96,25632,True,0.4751725019931278,0,153,9219,8955,264
4,2026080504,278,42534,95,25727,True,0.4853028227973349,0,153,9219,8865,354
4,2026080504,279,42687,96,25823,True,0.6307983158720879,0,153,9219,8949,270
4,2026080504,280,42840,106,25929,True,0.5149581574713207,0,153,9219,9021,198
4,2026080504,281,42993,104,26033,True,0.4663379764129744,0,153,9219,8970,249
4,2026080504,282,43146,87,26120,True,0.6043583102874496,0,153,9219,8886,333
4,2026080504,283,43299,100,26220,True,0.5553494791601628,0,153,9219,8739,480
4,2026080504,284,43452,96,26316,True,0.6646971587674195,0,153,9219,8775,444
4,2026080504,285,43605,90,26406,True,0.5859375715005422,0,153,9219,8787,432
4,2026080504,286,43758,95,26501,True,0.5527894727816757,0,153,9219,8829,390
4,2026080504,287,43911,91,26592,True,0.6260186520821459,0,153,9219,8655,564
4,2026080504,288,44064,96,26688,True,0.5219069027328902,0,153,9219,8874,345
4,2026080504,289,44217,90,26778,True,0.5937017051545244,0,153,9219,8616,603
4,2026080504,290,44370,85,26863,True,0.6527605019704616,0,153,9219,8739,480
4,2026080504,291,44523,90,26953,True,0.6892885631762473,0,153,9219,8871,348
4,2026080504,292,44676,87,27040,True,0.5672605071321436,0,153,9219,8949,270
4,2026080504,293,44829,85,27125,True,0.6718055176441542,0,153,9219,8766,453
4,2026080504,294,44982,88,27213,True,0.5966192908388545,0,153,9219,8721,498
4,2026080504,295,45135,94,27307,True,0.5352261873013988,0,153,9219,8844,375
4,2026080504,296,45288,100,27407,True,0.49858288195549505,0,153,9219,9033,186
4,2026080504,297,45441,98,27505,True,0.5822626374041752,0,153,9219,8688,531
4,2026080504,298,45594,88,27593,True,0.6296159007365517,0,153,9219,8745,474
4,2026080504,299,45747,94,27687,True,0.46556229117549974,0,153,9219,8859,360
4,2026080504,300,45900,93,27780,True,0.5851937654216686,0,153,9219,8952,267
4,2026080504,301,46053,92,27872,True,0.4901401643313509,0,153,9219,8976,243
4,2026080504,302,46206,97,27969,True,0.6029070689019818,0,153,9219,8772,447
4,2026080504,303,46359,99,28068,True,0.6186402747299679,0,153,9219,8757,462
4,2026080504,304,46512,96,28164,True,0.6268061402749289,0,153,9219,8901,318
4,2026080504,305,46665,90,28254,True,0.6378305998700856,0,153,9219,8844,375
4,2026080504,306,46818,95,28349,True,0.7129164637508936,0,153,9219,8757,462
4,2026080504,307,46971,87,28436,True,0.7301627713262584,1,153,9219,8925,294
4,2026080504,308,47124,98,28534,True,0.4165296860727723,1,153,9219,8976,243
4,2026080504,309,47277,86,28620,True,0.6162994607333122,0,153,9219,8892,327
4,2026080504,310,47430,86,28706,True,0.5367312684094336,0,153,9219,8943,276
4,2026080504,311,47583,96,28802,True,0.6995794360076142,0,153,9219,8694,525
4,2026080504,312,47736,91,28893,True,0.7590912709783346,1,153,9219,8823,396
4,2026080504,313,47889,89,28982,True,0.5384517257186973,0,153,9219,8481,738
4,2026080504,314,48042,104,29086,True,0.6883146231605932,0,153,9219,8832,387
4,2026080504,315,48195,105,29191,True,0.5774595489270394,0,153,9219,8847,372
4,2026080504,316,48348,93,29284,True,0.5356813596116559,0,153,9219,8970,249
4,2026080504,317,48501,96,29380,True,0.5877581107656706,0,153,9219,8916,303
4,2026080504,318,48654,102,29482,True,0.44447493821118117,0,153,9219,8862,357
4,2026080504,319,48807,95,29577,True,0.6526252561496173,0,153,9219,8916,303
4,2026080504,320,48960,93,29670,True,0.46794026259617966,0,153,9219,8814,405
4,2026080504,321,49113,90,29760,True,0.6912800430255075,0,153,9219,8823,396
4,2026080504,322,49266,92,29852,True,0.672982741630507,0,153,9219,8862,357
4,2026080504,323,49419,89,29941,True,0.6941941547678249,0,153,9219,8733,486
4,2026080504,324,49572,94,30035,True,0.5041904303948804,0,153,9219,8850,369
4,2026080504,325,49725,94,30129,True,0.6217470770567748,0,153,9219,8619,600
4,2026080504,326,49878,92,30221,True,0.6889712346513287,0,153,9219,8937,282
4,2026080504,327,50031,89,30310,True,0.4655523495299296,0,153,9219,8796,423
4,2026080504,328,50184,97,30407,True,0.5350731918549496,0,153,9219,8868,351
4,2026080504,329,50337,91,30498,True,0.3825700104275766,1,153,9219,8931,288
4,2026080504,330,50490,85,30583,True,0.5949982674481351,0,153,9219,8967,252
4,2026080504,331,50643,91,30674,True,0.43492419666833226,0,153,9219,8964,255
4,2026080504,332,50796,90,30764,True,0.5923518801819405,0,153,9219,8829,390
4,2026080504,333,50949,83,30847,True,0.46000998459526127,0,153,9219,8844,375
4,2026080504,334,51102,90,30937,True,0.6004473195194583,0,153,9219,8895,324
4,2026080504,335,51255,94,31031,True,0.4880678678353659,0,153,9219,8865,354
4,2026080504,336,51408,83,31114,True,0.6435811660253224,0,153,9219,8865,354
4,2026080504,337,51561,83,31197,True,0.4884883679708972,0,153,9219,8823,396
4,2026080504,338,51714,107,31304,True,0.6398612935612459,0,153,9219,8967,252
4,2026080504,339,51867,92,31396,True,0.6237922964256067,0,153,9219,8727,492
4,2026080504,340,52020,94,31490,True,0.42592237412105455,1,153,9219,8799,420
4,2026080504,341,52173,85,31575,True,0.5598914758114366,0,153,9219,8871,348
4,2026080504,342,52326,94,31669,True,0.5713178182434836,0,153,9219,8922,297
4,2026080504,343,52479,89,31758,True,0.61787429761257,0,153,9219,8961,258
4,2026080504,344,52632,92,31850,True,0.6202599966609524,0,153,9219,8880,339
4,2026080504,345,52785,99,31949,True,0.5977988351278665,0,153,9219,8946,273
4,2026080504,346,52938,87,32036,True,0.5576921489576743,0,153,9219,8934,285
4,2026080504,347,53091,85,32121,True,0.5413230846375305,0,153,9219,8733,486
4,2026080504,348,53244,101,32222,True,0.5694491122044923,0,153,9219,8970,249
4,2026080504,349,53397,86,32308,True,0.6320338352896376,0,153,9219,8730,489
4,2026080504,350,53550,83,32391,True,0.53930158642657,0,153,9219,8994,225
4,2026080504,351,53703,90,32481,True,0.5493488973641408,0,153,9219,8847,372
4,2026080504,352,53856,101,32582,True,0.5715901913999528,0,153,9219,8967,252
4,2026080504,353,54009,87,32669,True,0.4523599587337265,0,153,9219,8928,291
4,2026080504,354,54162,97,32766,True,0.5116155970136427,0,153,9219,8943,276
4,2026080504,355,54315,94,32860,True,0.5289764913052145,0,153,9219,8733,486
4,2026080504,356,54468,89,32949,True,0.4223854109129433,1,153,9219,8814,405
4,2026080504,357,54621,74,33023,True,0.5107642832699898,0,153,9219,8862,357
4,2026080504,358,54774,93,33116,True,0.6669083991355782,0,153,9219,8745,474
4,2026080504,359,54927,103,33219,True,0.56703754577449,0,153,9219,8853,366
4,2026080504,360,55080,84,33303,True,0.4745252007123195,0,153,9219,8883,336
4,2026080504,361,55233,94,33397,True,0.5368762866365662,0,153,9219,8811,408
4,2026080504,362,55386,100,33497,True,0.5240533239621101,0,153,9219,8685,534
4,2026080504,363,55539,104,33601,True,0.6830697732847272,0,153,9219,8742,477
4,2026080504,364,55692,91,33692,True,0.6072053208431248,0,153,9219,8643,576
4,2026080504,365,55845,100,33792,True,0.5978669349763779,0,153,9219,8850,369
4,2026080504,366,55998,103,33895,True,0.6187994679307222,0,153,9219,8940,279
4,2026080504,367,56151,93,33988,True,0.5815473952836684,0,153,9219,8970,249
4,2026080504,368,56304,95,34083,True,0.6211228385325772,0,153,9219,8910,309
4,2026080504,369,56457,93,34176,True,0.5602665036947327,0,153,9219,8640,579
4,2026080504,370,56610,92,34268,True,0.5893107598134476,0,153,9219,8784,435
4,2026080504,371,56763,93,34361,True,0.6533455943861922,0,153,9219,8589,630
4,2026080504,372,56916,84,34445,True,0.6107716960051371,0,153,9219,8682,537
4,2026080504,373,57069,87,34532,True,0.5508759115815249,0,153,9219,8895,324
4,2026080504,374,57222,105,34637,True,0.4974852990398942,0,153,9219,8727,492
4,2026080504,375,57375,94,34731,True,0.5999453697768411,0,153,9219,8961,258
4,2026080504,376,57528,93,34824,True,0.553956660901828,0,153,9219,8781,438
4,2026080504,377,57681,90,34914,True,0.5914381377283389,0,153,9219,8838,381
4,2026080504,378,57834,88,35002,True,0.6061728678446086,0,153,9219,8871,348
4,2026080504,379,57987,86,35088,True,0.5608107485261515,0,153,9219,8760,459
4,2026080504,380,58140,93,35181,True,0.5127434444894716,0,153,9219,8754,465
4,2026080504,381,58293,93,35274,True,0.6008969263738093,0,153,9219,8688,531
4,2026080504,382,58446,100,35374,True,0.6845975684925015,0,153,9219,8655,564
4,2026080504,383,58599,91,35465,True,0.6703826871756713,0,153,9219,8598,621
4,2026080504,384,58752,97,35562,True,0.612935223786616,0,153,9219,8739,480
4,2026080504,385,58905,90,35652,True,0.4863664521785083,0,153,9219,8853,366
4,2026080504,386,59058,103,35755,True,0.52827923594039,0,153,9219,8835,384
4,2026080504,387,59211,94,35849,True,0.6435231626173324,0,153,9219,8649,570
4,2026080504,388,59364,98,35947,True,0.7130492475958835,0,153,9219,8823,396
4,2026080504,389,59517,94,36041,True,0.6223622728635565,0,153,9219,8778,441
4,2026080504,390,59670,96,36137,True,0.4746035883452427,0,153,9219,8934,285
4,2026080504,391,59823,80,36217,True,0.5877855494335337,0,153,9219,8808,411
4,2026080504,392,59976,83,36300,True,0.5221391897518257,0,153,9219,8958,261
4,2026080504,393,60129,90,36390,True,0.5062014062639059,0,153,9219,8835,384
4,2026080504,394,60282,80,36470,True,0.6529202964562804,0,153,9219,8880,339
4,2026080504,395,60435,94,36564,True,0.4845104360455214,0,153,9219,8928,291
4,2026080504,396,60588,89,36653,True,0.5052856930187517,0,153,9219,8898,321
4,2026080504,397,60741,96,36749,True,0.5462051493616318,0,153,9219,8895,324
4,2026080504,398,60894,98,36847,True,0.5529296116142441,0,153,9219,8775,444
4,2026080504,399,61047,78,36925,True,0.6881747607332717,0,153,9219,8682,537
4,2026080504,400,61200,88,37013,True,0.5606797854699476,0,153,9219,8727,492
4,2026080504,401,61353,88,37101,True,0.5047443042485371,0,153,9219,8742,477
4,2026080504,402,61506,99,37200,True,0.6537030400135281,0,153,9219,8628,591
4,2026080504,403,61659,97,37297,True,0.5090719097859022,0,153,9219,8751,468
4,2026080504,404,61812,86,37383,True,0.5878311069805131,0,153,9219,8796,423
4,2026080504,405,61965,94,37477,True,0.6100038032809664,0,153,9219,8913,306
4,2026080504,406,62118,93,37570,True,0.48117782894130184,0,153,9219,8928,291
4,2026080504,407,62271,110,37680,True,0.631477786518177,0,153,9219,8742,477
4,2026080504,408,62424,94,37774,True,0.5181778901071341,0,153,9219,8793,426
4,2026080504,409,62577,94,37868,True,0.5276045380543916,0,153,9219,8781,438
4,2026080504,410,62730,84,37952,True,0.6113248911504211,0,153,9219,8823,396
4,2026080504,411,62883,88,38040,True,0.6377046286880986,0,153,9219,8949,270
4,2026080504,412,63036,93,38133,True,0.6017249889544992,0,153,9219,8643,576
4,2026080504,413,63189,88,38221,True,0.6899007295865577,0,153,9219,8832,387
4,2026080504,414,63342,83,38304,True,0.5911695748720008,0,153,9219,8706,513
4,2026080504,415,63495,100,38404,True,0.6626073487637135,0,153,9219,8769,450
4,2026080504,416,63648,87,38491,True,0.680288975631064,0,153,9219,8541,678
4,2026080504,417,63801,93,38584,True,0.29689510913374034,1,153,9219,8811,408
4,2026080504,418,63954,81,38665,True,0.26270816336405095,1,153,9219,8808,411
4,2026080504,419,64107,96,38761,True,0.559183673689785,0,153,9219,8649,570
4,2026080504,420,64260,96,38857,True,0.6401867185073633,0,153,9219,8862,357
4,2026080504,421,64413,99,38956,True,0.5626310820074326,0,153,9219,8922,297
4,2026080504,422,64566,85,39041,True,0.441130063697354,0,153,9219,9009,210
4,2026080504,423,64719,91,39132,True,0.5981663282639199,0,153,9219,8754,465
4,2026080504,424,64872,89,39221,True,0.5188306888433064,0,153,9219,8748,471
4,2026080504,425,65025,93,39314,True,0.4942119413974473,0,153,9219,8817,402
4,2026080504,426,65178,93,39407,True,0.5683327041526333,0,153,9219,8769,450
4,2026080504,427,65331,99,39506,True,0.6333371574543635,0,153,9219,8820,399
4,2026080504,428,65484,91,39597,True,0.580464578373446,0,153,9219,8802,417
4,2026080504,429,65637,95,39692,True,0.6227696407141896,0,153,9219,8877,342
4,2026080504,430,65790,92,39784,True,0.6781440373587964,0,153,9219,8889,330
4,2026080504,431,65943,91,39875,True,0.5403379467600433,0,153,9219,8733,486
4,2026080504,432,66096,89,39964,True,0.6800835924760669,0,153,9219,8751,468
4,2026080504,433,66249,84,40048,True,0.5567147543555496,0,153,9219,8868,351
4,2026080504,434,66402,87,40135,True,0.5580973054678442,0,153,9219,8910,309
4,2026080504,435,66555,88,40223,True,0.7021452596177647,0,153,9219,8856,363
4,2026080504,436,66708,83,40306,True,0.6225261724678287,0,153,9219,8700,519
4,2026080504,437,66861,95,40401,True,0.5390944796958601,0,153,9219,8838,381
4,2026080504,438,67014,102,40503,True,0.4383637335933973,0,153,9219,8994,225
4,2026080504,439,67167,102,40605,True,0.4978836590818319,0,153,9219,8853,366
4,2026080504,440,67320,92,40697,True,0.5706738732550481,0,153,9219,8832,387
4,2026080504,441,67473,88,40785,True,0.672307929592793,0,153,9219,8868,351
4,2026080504,442,67626,94,40879,True,0.5515605357219556,0,153,9219,8862,357
4,2026080504,443,67779,92,40971,True,0.5388253366142856,0,153,9219,8838,381
4,2026080504,444,67932,89,41060,True,0.5198600022065423,0,153,9219,8901,318
4,2026080504,445,68085,84,41144,True,0.42362667829447814,1,153,9219,8862,357
4,2026080504,446,68238,91,41235,True,0.43672369932648875,0,153,9219,8862,357
4,2026080504,447,68391,93,41328,True,0.5524855192842981,0,153,9219,8781,438
4,2026080504,448,68544,97,41425,True,0.6422670431708158,0,153,9219,8847,372
4,2026080504,449,68697,101,41526,True,0.5684940516522488,0,153,9219,8898,321
4,2026080504,450,68850,91,41617,True,0.36528962967681405,1,153,9219,8874,345
4,2026080504,451,69003,106,41723,True,0.46035670048582655,0,153,9219,8778,441
4,2026080504,452,69156,101,41824,True,0.6801776404952226,0,153,9219,8733,486
4,2026080504,453,69309,94,41918,True,0.5942344298404255,0,153,9219,8946,273
4,2026080504,454,69462,90,42008,True,0.5246516580380862,0,153,9219,8889,330
4,2026080504,455,69615,88,42096,True,0.5083036639183074,0,153,9219,8922,297
4,2026080504,456,69768,104,42200,True,0.5426549015729438,0,153,9219,8802,417
4,2026080504,457,69921,88,42288,True,0.4990131639278596,0,153,9219,8952,267
4,2026080504,458,70074,106,42394,True,0.4692054893062952,0,153,9219,8955,264
4,2026080504,459,70227,90,42484,True,0.6542120338833378,0,153,9219,8847,372
4,2026080504,460,70380,85,42569,True,0.657545600390096,0,153,9219,8796,423
4,2026080504,461,70533,85,42654,True,0.6204325157154127,0,153,9219,8586,633
4,2026080504,462,70686,89,42743,True,0.6237254734121056,0,153,9219,8592,627
4,2026080504,463,70839,95,42838,True,0.5502216002554909,0,153,9219,8790,429
4,2026080504,464,70992,88,42926,True,0.5675239519976925,0,153,9219,8853,366
4,2026080504,465,71145,86,43012,True,0.5503226455607336,0,153,9219,8880,339
4,2026080504,466,71298,92,43104,True,0.5975077690116463,0,153,9219,8676,543
4,2026080504,467,71451,83,43187,True,0.4288918193174495,0,153,9219,8877,342
4,2026080504,468,71604,103,43290,True,0.308443698719813,1,153,9219,8793,426
4,2026080504,469,71757,88,43378,True,0.5938155749545113,0,153,9219,8826,393
4,2026080504,470,71910,97,43475,True,0.4755939938442686,0,153,9219,8922,297
4,2026080504,471,72063,88,43563,True,0.4883255680301558,0,153,9219,8964,255
4,2026080504,472,72216,85,43648,True,0.5449122751439243,0,153,9219,8871,348
4,2026080504,473,72369,83,43731,True,0.48363269699230316,0,153,9219,8760,459
4,2026080504,474,72522,93,43824,True,0.38493467669979226,1,153,9219,8904,315
4,2026080504,475,72675,96,43920,True,0.3872280918769086,1,153,9219,8922,297
4,2026080504,476,72828,88,44008,True,0.49982186597214956,0,153,9219,8880,339
4,2026080504,477,72981,95,44103,True,0.5968888765936524,0,153,9219,8823,396
4,2026080504,478,73134,87,44190,True,0.67339113922556,0,153,9219,8694,525
4,2026080504,479,73287,88,44278,True,0.509334824305358,0,153,9219,8709,510
4,2026080504,480,73440,83,44361,True,0.5600786801426293,0,153,9219,8811,408
4,2026080504,481,73593,85,44446,True,0.47565749623333925,0,153,9219,9015,204
4,2026080504,482,73746,95,44541,True,0.5901233841150841,0,153,9219,8865,354
4,2026080504,483,73899,80,44621,True,0.6211761608172164,0,153,9219,8922,297
4,2026080504,484,74052,93,44714,True,0.36407656186758813,1,153,9219,8925,294
4,2026080504,485,74205,93,44807,True,0.37933538542140166,1,153,9219,8652,567
4,2026080504,486,74358,89,44896,True,0.5532453888427187,0,153,9219,8943,276
4,2026080504,487,74511,95,44991,True,0.58943703140798,0,153,9219,8655,564
4,2026080504,488,74664,97,45088,True,0.7180527186261522,1,153,9219,8892,327
4,2026080504,489,74817,102,45190,True,0.48021601887693394,0,153,9219,8727,492
4,2026080504,490,74970,89,45279,True,0.545230229811674,0,153,9219,8889,330
4,2026080504,491,75123,90,45369,True,0.5822337925077048,0,153,9219,8871,348
4,2026080504,492,75276,94,45463,True,0.5810664582800096,0,153,9219,8736,483
4,2026080504,493,75429,96,45559,True,0.533845380122331,0,153,9219,8919,300
4,2026080504,494,75582,94,45653,True,0.5114290571953582,0,153,9219,8940,279
4,2026080504,495,75735,70,45723,True,0.6409802433427975,0,153,9219,8682,537
4,2026080504,496,75888,89,45812,True,0.5653373060738307,0,153,9219,8919,300
4,2026080504,497,76041,91,45903,True,0.5544760207458402,0,153,9219,8712,507
4,2026080504,498,76194,94,45997,True,0.546914526872659,0,153,9219,8592,627
4,2026080504,499,76347,103,46100,True,0.6355784322146493,0,153,9219,8907,312
4,2026080504,500,76500,97,46197,True,0.61745853070011,0,153,9219,8760,459
4,2026080504,501,76653,89,46286,True,0.43271848096521526,0,153,9219,8922,297
4,2026080504,502,76806,109,46395,True,0.5411317879897468,0,153,9219,8802,417
4,2026080504,503,76959,93,46488,True,0.6733790104516567,0,153,9219,8892,327
4,2026080504,504,77112,97,46585,True,0.6808649931382617,0,153,9219,8745,474
4,2026080504,505,77265,87,46672,True,0.6111024661272746,0,153,9219,8601,618
4,2026080504,506,77418,82,46754,True,0.6555317120744155,0,153,9219,8781,438
4,2026080504,507,77571,92,46846,True,0.4708957756159283,0,153,9219,8898,321
4,2026080504,508,77724,97,46943,True,0.5364360586960272,0,153,9219,8844,375
4,2026080504,509,77877,76,47019,True,0.6526473910450232,0,153,9219,8835,384
4,2026080504,510,78030,101,47120,True,0.37755268331518804,1,153,9219,8976,243
4,2026080504,511,78183,104,47224,True,0.5053607130641101,0,153,9219,8853,366
4,2026080504,512,78336,105,47329,True,0.49108594272508,0,153,9219,8853,366
4,2026080504,513,78489,96,47425,True,0.5960318215472545,0,153,9219,8712,507
4,2026080504,514,78642,98,47523,True,0.5945995312300454,0,153,9219,8436,783
4,2026080504,515,78795,96,47619,True,0.5501338525913637,0,153,9219,8781,438
4,2026080504,516,78948,86,47705,True,0.6707029448080125,0,153,9219,8667,552
4,2026080504,517,79101,81,47786,True,0.5631584172430928,0,153,9219,8862,357
4,2026080504,518,79254,99,47885,True,0.5329709605387288,0,153,9219,8784,435
4,2026080504,519,79407,100,47985,True,0.5137520454700728,0,153,9219,8703,516
4,2026080504,520,79560,80,48065,True,0.4131880330155343,1,153,9219,8772,447
4,2026080504,521,79713,90,48155,True,0.570902323842166,0,153,9219,8778,441
4,2026080504,522,79866,97,48252,True,0.3991975808011699,1,153,9219,9000,219
4,2026080504,523,80019,99,48351,True,0.59612700244441,0,153,9219,8814,405
4,2026080504,524,80172,96,48447,True,0.4956137767748097,0,153,9219,8913,306
4,2026080504,525,80325,87,48534,True,0.6280669212598161,0,153,9219,8805,414
4,2026080504,526,80478,91,48625,True,0.5422977148051409,0,153,9219,8652,567
4,2026080504,527,80631,91,48716,True,0.6999467534249147,0,153,9219,8940,279
4,2026080504,528,80784,82,48798,True,0.6525965316008981,0,153,9219,8880,339
4,2026080504,529,80937,94,48892,True,0.7168966526764159,1,153,9219,8661,558
4,2026080504,530,81090,97,48989,True,0.5333604838280244,0,153,9219,8508,711
4,2026080504,531,81243,85,49074,True,0.7368303481543186,1,153,9219,8661,558
4,2026080504,532,81396,91,49165,True,0.6219152686511334,0,153,9219,8643,576
4,2026080504,533,81549,95,49260,True,0.5592075678751903,0,153,9219,8790,429
4,2026080504,534,81702,89,49349,True,0.591239080118901,0,153,9219,8835,384
4,2026080504,535,81855,89,49438,True,0.6715944864889776,0,153,9219,8709,510
4,2026080504,536,82008,95,49533,True,0.48642109819213064,0,153,9219,8904,315
4,2026080504,537,82161,94,49627,True,0.6255668243883563,0,153,9219,8883,336
4,2026080504,538,82314,87,49714,True,0.6739023259849449,0,153,9219,8922,297
4,2026080504,539,82467,82,49796,True,0.6130287321978958,0,153,9219,8859,360
4,2026080504,540,82620,92,49888,True,0.7498242544940013,1,153,9219,8670,549
4,2026080504,541,82773,96,49984,True,0.5645123471807394,0,153,9219,8442,777
4,2026080504,542,82926,94,50078,True,0.640242685197284,0,153,9219,8697,522
4,2026080504,543,83079,81,50159,True,0.5627879182016454,0,153,9219,8862,357
4,2026080504,544,83232,93,50252,True,0.5760458087367103,0,153,9219,8880,339
4,2026080504,545,83385,98,50350,True,0.7223776431147764,1,153,9219,8682,537
4,2026080504,546,83538,82,50432,True,0.6643096321580365,0,153,9219,8847,372
4,2026080504,547,83691,88,50520,True,0.4748949792889023,0,153,9219,8835,384
4,2026080504,548,83844,102,50622,True,0.6571855733162781,0,153,9219,8850,369
4,2026080504,549,83997,94,50716,True,0.7033947885635875,0,153,9219,8868,351
4,2026080504,550,84150,96,50812,True,0.4602976706394109,0,153,9219,8985,234
4,2026080504,551,84303,105,50917,True,0.5676324840666519,0,153,9219,8976,243
4,2026080504,552,84456,90,51007,True,0.46930236947604925,0,153,9219,8730,489
4,2026080504,553,84609,92,51099,True,0.44602709904997373,0,153,9219,8919,300
4,2026080504,554,84762,94,51193,True,0.5743714554454512,0,153,9219,8580,639
4,2026080504,555,84915,100,51293,True,0.378021548685459,1,153,9219,9000,219
4,2026080504,556,85068,94,51387,True,0.5582556243400677,0,153,9219,8805,414
4,2026080504,557,85221,88,51475,True,0.5262107981234003,0,153,9219,8742,477
4,2026080504,558,85374,92,51567,True,0.5604620939252671,0,153,9219,8727,492
4,2026080504,559,85527,90,51657,True,0.6642449462457961,0,153,9219,8700,519
4,2026080504,560,85680,87,51744,True,0.6510582023502205,0,153,9219,8748,471
4,2026080504,561,85833,96,51840,True,0.588883777201665,0,153,9219,8760,459
4,2026080504,562,85986,85,51925,True,0.48922118292430083,0,153,9219,8985,234
4,2026080504,563,86139,95,52020,True,0.6443174496151577,0,153,9219,8589,630
4,2026080504,564,86292,95,52115,True,0.5149248942988941,0,153,9219,8703,516
4,2026080504,565,86445,94,52209,True,0.42016397705948233,1,153,9219,8790,429
4,2026080504,566,86598,91,52300,True,0.5738158875236774,0,153,9219,8958,261
4,2026080504,567,86751,98,52398,True,0.45622845312131916,0,153,9219,8871,348
4,2026080504,568,86904,92,52490,True,0.6185160724918953,0,153,9219,8904,315
4,2026080504,569,87057,89,52579,True,0.605092269629491,0,153,9219,8685,534
4,2026080504,570,87210,94,52673,True,0.4957764353610254,0,153,9219,8910,309
4,2026080504,571,87363,96,52769,True,0.4440449744761428,0,153,9219,8961,258
4,2026080504,572,87516,96,52865,True,0.5288017358957215,0,153,9219,8796,423
4,2026080504,573,87669,89,52954,True,0.7011286470332558,0,153,9219,8823,396
4,2026080504,574,87822,94,53048,True,0.6477583229464517,0,153,9219,8727,492
4,2026080504,575,87975,89,53137,True,0.3757301426768795,1,153,9219,8949,270
4,2026080504,576,88128,99,53236,True,0.5137632049336793,0,153,9219,8823,396
4,2026080504,577,88281,84,53320,True,0.6304086415146586,0,153,9219,8688,531
4,2026080504,578,88434,95,53415,True,0.5168390431626655,0,153,9219,8706,513
4,2026080504,579,88587,84,53499,True,0.6192331451842306,0,153,9219,8733,486
4,2026080504,580,88740,94,53593,True,0.5872778645879176,0,153,9219,8832,387
4,2026080504,581,88893,91,53684,True,0.644541150356952,0,153,9219,8793,426
4,2026080504,582,89046,86,53770,True,0.6549387964046101,0,153,9219,8871,348
4,2026080504,583,89199,88,53858,True,0.5438743117430758,0,153,9219,8781,438
4,2026080504,584,89352,100,53958,True,0.5476982738363327,0,153,9219,8682,537
4,2026080504,585,89505,91,54049,True,0.6165501336935162,0,153,9219,8700,519
4,2026080504,586,89658,85,54134,True,0.6738049747898454,0,153,9219,8745,474
4,2026080504,587,89811,92,54226,True,0.5159980216308386,0,153,9219,8961,258
4,2026080504,588,89964,107,54333,True,0.6113237678098006,0,153,9219,8721,498
4,2026080504,589,90117,91,54424,True,0.4953808995822049,0,153,9219,8790,429
4,2026080504,590,90270,93,54517,True,0.5781753386457242,0,153,9219,8856,363
4,2026080504,591,90423,93,54610,True,0.6770291275765998,0,153,9219,8616,603
4,2026080504,592,90576,91,54701,True,0.4740548091415756,0,153,9219,8880,339
4,2026080504,593,90729,90,54791,True,0.5073661509751145,0,153,9219,8805,414
4,2026080504,594,90882,100,54891,True,0.5609213970046706,0,153,9219,8871,348
4,2026080504,595,91035,92,54983,True,0.48672957790757565,0,153,9219,8754,465
4,2026080504,596,91188,94,55077,True,0.6451440879181438,0,153,9219,8481,738
4,2026080504,597,91341,91,55168,True,0.6525489933769834,0,153,9219,8700,519
4,2026080504,598,91494,87,55255,True,0.5518260920704015,0,153,9219,9000,219
4,2026080504,599,91647,98,55353,True,0.5044787308872454,0,153,9219,8868,351
4,2026080504,600,91800,101,55454,True,0.5921210998105716,0,153,9219,8595,624
4,2026080504,601,91953,99,55553,True,0.5936258661993746,0,153,9219,8832,387
4,2026080504,602,92106,82,55635,True,0.6095038806595917,0,153,9219,8697,522
4,2026080504,603,92259,97,55732,True,0.7226673429038751,1,153,9219,8598,621
4,2026080504,604,92412,94,55826,True,0.4511302506668525,0,153,9219,8910,309
4,2026080504,605,92565,92,55918,True,0.5581211379566121,0,153,9219,8970,249
4,2026080504,606,92718,81,55999,True,0.610191200111638,0,153,9219,8868,351
4,2026080504,607,92871,91,56090,True,0.4827726463420149,0,153,9219,8751,468
4,2026080504,608,93024,90,56180,True,0.568437648731691,0,153,9219,8427,792
4,2026080504,609,93177,87,56267,True,0.5480770243659852,0,153,9219,8862,357
4,2026080504,610,93330,86,56353,True,0.7108544900773365,0,153,9219,8931,288
4,2026080504,611,93483,91,56444,True,0.6912726970175362,0,153,9219,8673,546
4,2026080504,612,93636,82,56526,True,0.5742458682997513,0,153,9219,8778,441
4,2026080504,613,93789,96,56622,True,0.6336924351344334,0,153,9219,8892,327
4,2026080504,614,93942,93,56715,True,0.43075452687481414,0,153,9219,8895,324
4,2026080504,615,94095,98,56813,True,0.49265419725970344,0,153,9219,8850,369
4,2026080504,616,94248,97,56910,True,0.5120475716840621,0,153,9219,8709,510
4,2026080504,617,94401,91,57001,True,0.6522121159496674,0,153,9219,8688,531
4,2026080504,618,94554,93,57094,True,0.5443788903585368,0,153,9219,8859,360
4,2026080504,619,94707,91,57185,True,0.5889632334776468,0,153,9219,8898,321
4,2026080504,620,94860,96,57281,True,0.4031294327825111,1,153,9219,8907,312
4,2026080504,621,95013,107,57388,True,0.5017701245783815,0,153,9219,8889,330
4,2026080504,622,95166,87,57475,True,0.5939513310761606,0,153,9219,8871,348
4,2026080504,623,95319,99,57574,True,0.6340957109417251,0,153,9219,8775,444
4,2026080504,624,95472,97,57671,True,0.7082236588225452,0,153,9219,8796,423
4,2026080504,625,95625,92,57763,True,0.5855575045203877,0,153,9219,8718,501
4,2026080504,626,95778,81,57844,True,0.5936991791290289,0,153,9219,8592,627
4,2026080504,627,95931,95,57939,True,0.4174158782086049,1,153,9219,8961,258
4,2026080504,628,96084,96,58035,True,0.6271159692465721,0,153,9219,8760,459
4,2026080504,629,96237,87,58122,True,0.41622420449488595,1,153,9219,8769,450
4,2026080504,630,96390,87,58209,True,0.4831531615680836,0,153,9219,8754,465
4,2026080504,631,96543,96,58305,True,0.6376433372191451,0,153,9219,8634,585
4,2026080504,632,96696,94,58399,True,0.4644359237360249,0,153,9219,8979,240
4,2026080504,633,96849,92,58491,True,0.5077780471820655,0,153,9219,8955,264
4,2026080504,634,97002,96,58587,True,0.5386429320365373,0,153,9219,8943,276
4,2026080504,635,97155,101,58688,True,0.3591207018815558,1,153,9219,8937,282
4,2026080504,636,97308,89,58777,True,0.6747766188679676,0,153,9219,8649,570
4,2026080504,637,97461,107,58884,True,0.5476565332106064,0,153,9219,8970,249
4,2026080504,638,97614,89,58973,True,0.537863936516705,0,153,9219,8907,312
4,2026080504,639,97767,90,59063,True,0.5556118687194989,0,153,9219,8667,552
4,2026080504,640,97920,98,59161,True,0.6006724160664852,0,153,9219,8655,564
4,2026080504,641,98073,96,59257,True,0.6515589355242819,0,153,9219,8787,432
4,2026080504,642,98226,91,59348,True,0.4144759164767869,1,153,9219,8964,255
4,2026080504,643,98379,91,59439,True,0.5988039938624871,0,153,9219,8727,492
4,2026080504,644,98532,91,59530,True,0.7141626596796291,0,153,9219,8802,417
4,2026080504,645,98685,104,59634,True,0.6047474112080526,0,153,9219,8565,654
4,2026080504,646,98838,98,59732,True,0.6701314453030116,0,153,9219,8742,477
4,2026080504,647,98991,96,59828,True,0.5487370437727133,0,153,9219,8934,285
4,2026080504,648,99144,80,59908,True,0.5338695211792855,0,153,9219,8910,309
4,2026080504,649,99297,88,59996,True,0.6691462473595048,0,153,9219,8691,528
4,2026080504,650,99450,94,60090,True,0.5162638373848218,0,153,9219,8886,333
4,2026080504,651,99603,89,60179,True,0.5240764670302656,0,153,9219,8619,600
4,2026080504,652,99756,94,60273,True,0.5650576490494681,0,153,9219,8742,477
4,2026080504,653,99909,95,60368,True,0.6581494321707714,0,153,9219,8898,321
4,2026080504,654,100062,86,60454,True,0.6909849939611916,0,153,9219,8985,234
4,2026080504,655,100215,88,60542,True,0.5462598743292879,0,153,9219,8814,405
4,2026080504,656,100368,103,60645,True,0.5909766327684816,0,153,9219,8871,348
4,2026080504,657,100521,93,60738,True,0.5339909089526009,0,153,9219,8916,303
4,2026080504,658,100674,92,60830,True,0.619959079528878,0,153,9219,8895,324
4,2026080504,659,100827,99,60929,True,0.7010134580054598,0,153,9219,8820,399
4,2026080504,660,100980,97,61026,True,0.6998503157554512,0,153,9219,8724,495
4,2026080504,661,101133,86,61112,True,0.6430340368780988,0,153,9219,8811,408
4,2026080504,662,101286,87,61199,True,0.6233624175118005,0,153,9219,8763,456
4,2026080504,663,101439,93,61292,True,0.6587164645907917,0,153,9219,8763,456
4,2026080504,664,101592,85,61377,True,0.4703162933266961,0,153,9219,8847,372
4,2026080504,665,101745,94,61471,True,0.5319326714471055,0,153,9219,8760,459
4,2026080504,666,101898,87,61558,True,0.34130576750075203,1,153,9219,8934,285
4,2026080504,667,102051,87,61645,True,0.5796378732285546,0,153,9219,8958,261
4,2026080504,668,102204,95,61740,True,0.72344440525317,1,153,9219,8781,438
4,2026080504,669,102357,90,61830,True,0.7069492541724524,0,153,9219,8493,726
4,2026080504,670,102510,97,61927,True,0.5312800703054784,0,153,9219,8400,819
4,2026080504,671,102663,107,62034,True,0.7462983118912222,1,153,9219,8616,603
4,2026080504,672,102816,85,62119,True,0.6904612494810953,0,153,9219,8919,300
4,2026080504,673,102969,86,62205,True,0.6781628961799199,0,153,9219,8886,333
4,2026080504,674,103122,99,62304,True,0.5418647001722645,0,153,9219,8868,351
4,2026080504,675,103275,98,62402,True,0.5349269265049025,0,153,9219,8700,519
4,2026080504,676,103428,91,62493,True,0.45200868655933885,0,153,9219,9036,183
4,2026080504,677,103581,94,62587,True,0.5611601880085436,0,153,9219,8895,324
4,2026080504,678,103734,95,62682,True,0.6815952263201513,0,153,9219,8922,297
4,2026080504,679,103887,84,62766,True,0.739659738399572,1,153,9219,8781,438
4,2026080504,680,104040,96,62862,True,0.6655648101969213,0,153,9219,8847,372
4,2026080504,681,104193,82,62944,True,0.5992033586107279,0,153,9219,8991,228
4,2026080504,682,104346,96,63040,True,0.47255982679859637,0,153,9219,8871,348
4,2026080504,683,104499,90,63130,True,0.6127320244401334,0,153,9219,8883,336
4,2026080504,684,104652,95,63225,True,0.37329524851905405,1,153,9219,8928,291
4,2026080504,685,104805,88,63313,True,0.5147699897365969,0,153,9219,8904,315
4,2026080504,686,104958,94,63407,True,0.570724852201462,0,153,9219,8937,282
4,2026080504,687,105111,92,63499,True,0.48555941513199247,0,153,9219,8361,858
4,2026080504,688,105264,93,63592,True,0.3923152454372825,1,153,9219,8799,420
4,2026080504,689,105417,103,63695,True,0.48356630648754534,0,153,9219,8826,393
4,2026080504,690,105570,90,63785,True,0.6053043620450936,0,153,9219,8781,438
4,2026080504,691,105723,100,63885,True,0.563275322575789,0,153,9219,8967,252
4,2026080504,692,105876,83,63968,True,0.5347733939470176,0,153,9219,8895,324
4,2026080504,693,106029,94,64062,True,0.3727710822303224,1,153,9219,8736,483
4,2026080504,694,106182,91,64153,True,0.5452058561903139,0,153,9219,8838,381
4,2026080504,695,106335,87,64240,True,0.7470630307199275,1,153,9219,8895,324
4,2026080504,696,106488,88,64328,True,0.6022133186007943,0,153,9219,8637,582
4,2026080504,697,106641,92,64420,True,0.6191003670100077,0,153,9219,8775,444
4,2026080504,698,106794,96,64516,True,0.572756125621222,0,153,9219,8877,342
4,2026080504,699,106947,95,64611,True,0.587741926030089,0,153,9219,8874,345
4,2026080504,700,107100,93,64704,True,0.665754459273447,0,153,9219,8817,402
4,2026080504,701,107253,95,64799,True,0.5021435565826244,0,153,9219,8904,315
4,2026080504,702,107406,88,64887,True,0.6220746572447097,0,153,9219,8745,474
4,2026080504,703,107559,95,64982,True,0.6585112804364985,0,153,9219,8451,768
4,2026080504,704,107712,88,65070,True,0.7183180988058574,1,153,9219,8718,501
4,2026080504,705,107865,96,65166,True,0.5527452124451705,0,153,9219,8892,327
4,2026080504,706,108018,92,65258,True,0.6270135054706748,0,153,9219,8814,405
4,2026080504,707,108171,88,65346,True,0.670257729863299,0,153,9219,8829,390
4,2026080504,708,108324,82,65428,True,0.5710712512311682,0,153,9219,8739,480
4,2026080504,709,108477,88,65516,True,0.6949976731426138,0,153,9219,8685,534
4,2026080504,710,108630,97,65613,True,0.6812930131259389,0,153,9219,8895,324
4,2026080504,711,108783,95,65708,True,0.685268157164423,0,153,9219,8859,360
4,2026080504,712,108936,100,65808,True,0.5829736491726566,0,153,9219,8832,387
4,2026080504,713,109089,84,65892,True,0.5336931298197528,0,153,9219,8745,474
4,2026080504,714,109242,92,65984,True,0.5186869288764504,0,153,9219,8913,306
4,2026080504,715,109395,88,66072,True,0.5457544367282979,0,153,9219,8616,603
4,2026080504,716,109548,85,66157,True,0.6237435136996331,0,153,9219,8880,339
4,2026080504,717,109701,93,66250,True,0.5542572799629256,0,153,9219,8799,420
4,2026080504,718,109854,92,66342,True,0.7298283267397888,1,153,9219,8613,606
4,2026080504,719,110007,85,66427,True,0.6337957664377415,0,153,9219,8925,294
4,2026080504,720,110160,92,66519,True,0.5505163028415183,0,153,9219,8751,468
4,2026080504,721,110313,102,66621,True,0.520424053866684,0,153,9219,8664,555
4,2026080504,722,110466,89,66710,True,0.6088244490937375,0,153,9219,8970,249
4,2026080504,723,110619,100,66810,True,0.6118679577135626,0,153,9219,8877,342
4,2026080504,724,110772,86,66896,True,0.49277864932663695,0,153,9219,8931,288
4,2026080504,725,110925,99,66995,True,0.4650998146071394,0,153,9219,8853,366
4,2026080504,726,111078,97,67092,True,0.41528155745067064,1,153,9219,9018,201
4,2026080504,727,111231,90,67182,True,0.510741835991044,0,153,9219,8976,243
4,2026080504,728,111384,103,67285,True,0.5702170405531912,0,153,9219,8919,300
4,2026080504,729,111537,92,67377,True,0.441376369380231,0,153,9219,8838,381
4,2026080504,730,111690,101,67478,True,0.42500417583415173,1,153,9219,8922,297
4,2026080504,731,111843,94,67572,True,0.5111177647837833,0,153,9219,8844,375
4,2026080504,732,111996,87,67659,True,0.4667651190478042,0,153,9219,8757,462
4,2026080504,733,112149,89,67748,True,0.570036617956307,0,153,9219,8838,381
4,2026080504,734,112302,93,67841,True,0.5287032715573001,0,153,9219,8700,519
4,2026080504,735,112455,86,67927,True,0.6552078914547048,0,153,9219,8688,531
4,2026080504,736,112608,93,68020,True,0.4601255014226576,0,153,9219,8706,513
4,2026080504,737,112761,89,68109,True,0.5883490835531089,0,153,9219,8736,483
4,2026080504,738,112914,82,68191,True,0.4467890161113357,0,153,9219,8883,336
4,2026080504,739,113067,89,68280,True,0.4820763774062719,0,153,9219,8961,258
4,2026080504,740,113220,98,68378,True,0.6617841629651835,0,153,9219,8793,426
4,2026080504,741,113373,90,68468,True,0.6428363020942217,0,153,9219,8757,462
4,2026080504,742,113526,103,68571,True,0.6164848656694393,0,153,9219,8739,480
4,2026080504,743,113679,96,68667,True,0.5380720617507245,0,153,9219,8823,396
4,2026080504,744,113832,101,68768,True,0.5524176513569946,0,153,9219,9045,174
4,2026080504,745,113985,97,68865,True,0.5095478630113021,0,153,9219,8910,309
4,2026080504,746,114138,88,68953,True,0.6769252618840836,0,153,9219,8742,477
4,2026080504,747,114291,104,69057,True,0.6425441244085559,0,153,9219,8469,750
4,2026080504,748,114444,95,69152,True,0.6357197684835749,0,153,9219,8934,285
4,2026080504,749,114597,93,69245,True,0.45173347840203343,0,153,9219,8925,294
4,2026080504,750,114750,92,69337,True,0.6077386805528795,0,153,9219,8937,282
4,2026080504,751,114903,90,69427,True,0.47240065919248075,0,153,9219,8805,414
4,2026080504,752,115056,89,69516,True,0.5825088461568767,0,153,9219,8808,411
4,2026080504,753,115209,96,69612,True,0.5963355869416376,0,153,9219,8892,327
4,2026080504,754,115362,99,69711,True,0.4949105047768602,0,153,9219,8925,294
4,2026080504,755,115515,84,69795,True,0.5618001793224022,0,153,9219,8958,261
4,2026080504,756,115668,91,69886,True,0.4443990989979638,0,153,9219,8928,291
4,2026080504,757,115821,87,69973,True,0.5651361017063542,0,153,9219,8838,381
4,2026080504,758,115974,94,70067,True,0.4479211706851662,0,153,9219,8910,309
4,2026080504,759,116127,87,70154,True,0.6132490924477767,0,153,9219,8595,624
4,2026080504,760,116280,90,70244,True,0.7291292140493899,1,153,9219,8691,528
4,2026080504,761,116433,85,70329,True,0.6110060187374852,0,153,9219,8481,738
4,2026080504,762,116586,92,70421,True,0.6817943808243031,0,153,9219,8847,372
4,2026080504,763,116739,90,70511,True,0.45855197194451064,0,153,9219,8883,336
4,2026080504,764,116892,86,70597,True,0.5145932658735453,0,153,9219,8772,447
4,2026080504,765,117045,91,70688,True,0.5271188599373726,0,153,9219,8877,342
4,2026080504,766,117198,89,70777,True,0.5733898536568147,0,153,9219,8964,255
4,2026080504,767,117351,90,70867,True,0.48312819775898636,0,153,9219,8793,426
4,2026080504,768,117504,86,70953,True,0.621928549918551,0,153,9219,8550,669
4,2026080504,769,117657,94,71047,True,0.5764785730844546,0,153,9219,8841,378
4,2026080504,770,117810,104,71151,True,0.41425900320199205,1,153,9219,8835,384
4,2026080504,771,117963,93,71244,True,0.4980845554548759,0,153,9219,8694,525
4,2026080504,772,118116,96,71340,True,0.4775978961739659,0,153,9219,9075,144
4,2026080504,773,118269,103,71443,True,0.6402108205444054,0,153,9219,8775,444
4,2026080504,774,118422,89,71532,True,0.6141793781000864,0,153,9219,8778,441
4,2026080504,775,118575,93,71625,True,0.6692098383468501,0,153,9219,8619,600
4,2026080504,776,118728,98,71723,True,0.5812861084068328,0,153,9219,8814,405
4,2026080504,777,118881,107,71830,True,0.6245618596738668,0,153,9219,8694,525
4,2026080504,778,119034,94,71924,True,0.5424124958569742,0,153,9219,8793,426
4,2026080504,779,119187,99,72023,True,0.7402825806841141,1,153,9219,8613,606
4,2026080504,780,119340,82,72105,True,0.7616214743686895,1,153,9219,8661,558
4,2026080504,781,119493,97,72202,True,0.7608704867701981,1,153,9219,8823,396
4,2026080504,782,119646,89,72291,True,0.6963700044045393,0,153,9219,8796,423
4,2026080504,783,119799,105,72396,True,0.6254027522003551,0,153,9219,8619,600
4,2026080504,784,119952,98,72494,True,0.48049665722038903,0,153,9219,8658,561
4,2026080504,785,120105,87,72581,True,0.5298538071051088,0,153,9219,8841,378
4,2026080504,786,120258,92,72673,True,0.569230007995636,0,153,9219,8859,360
4,2026080504,787,120411,95,72768,True,0.4858927335737252,0,153,9219,8820,399
4,2026080504,788,120564,90,72858,True,0.5663753382047314,0,153,9219,8640,579
4,2026080504,789,120717,100,72958,True,0.5813109385517964,0,153,9219,8940,279
4,2026080504,790,120870,91,73049,True,0.673199718244068,0,153,9219,8841,378
4,2026080504,791,121023,88,73137,True,0.6655853197878199,0,153,9219,8628,591
4,2026080504,792,121176,90,73227,True,0.7189852388982286,1,153,9219,8862,357
4,2026080504,793,121329,91,73318,True,0.3685696304774728,1,153,9219,8898,321
4,2026080504,794,121482,95,73413,True,0.5438466942818765,0,153,9219,8850,369
4,2026080504,795,121635,93,73506,True,0.4370255022177799,0,153,9219,8961,258
4,2026080504,796,121788,92,73598,True,0.6109503640272159,0,153,9219,8817,402
4,2026080504,797,121941,101,73699,True,0.42584688483142685,1,153,9219,8652,567
4,2026080504,798,122094,104,73803,True,0.6571434788659676,0,153,9219,8742,477
4,2026080504,799,122247,89,73892,True,0.7935878335382077,1,153,9219,8457,762
4,2026080504,800,122400,97,73989,True,0.5740664362527385,0,153,9219,8868,351
4,2026080504,801,122553,97,74086,True,0.502477542078178,0,153,9219,8997,222
4,2026080504,802,122706,97,74183,True,0.6703540609746985,0,153,9219,8874,345
4,2026080504,803,122859,102,74285,True,0.5575813938700253,0,153,9219,8907,312
4,2026080504,804,123012,97,74382,True,0.6348481366623135,0,153,9219,8952,267
4,2026080504,805,123165,92,74474,True,0.6073204738087447,0,153,9219,8775,444
4,2026080504,806,123318,83,74557,True,0.539621107373696,0,153,9219,8778,441
4,2026080504,807,123471,92,74649,True,0.6510006045607077,0,153,9219,8649,570
4,2026080504,808,123624,94,74743,True,0.4516199874515579,0,153,9219,8751,468
4,2026080504,809,123777,101,74844,True,0.4414772168969188,0,153,9219,8718,501
4,2026080504,810,123930,94,74938,True,0.5613197315273394,0,153,9219,8892,327
4,2026080504,811,124083,91,75029,True,0.6568314981850171,0,153,9219,8745,474
4,2026080504,812,124236,84,75113,True,0.6697644262982207,0,153,9219,8667,552
4,2026080504,813,124389,91,75204,True,0.48166779375366925,0,153,9219,8754,465
4,2026080504,814,124542,101,75305,True,0.39522380643165045,1,153,9219,8715,504
4,2026080504,815,124695,93,75398,True,0.6398918884528858,0,153,9219,8670,549
4,2026080504,816,124848,89,75487,True,0.49439244006509775,0,153,9219,8877,342
4,2026080504,817,125001,93,75580,True,0.46651725852149956,0,153,9219,8943,276
4,2026080504,818,125154,87,75667,True,0.5118598616293065,0,153,9219,8970,249
4,2026080504,819,125307,92,75759,True,0.5369229431917288,0,153,9219,8673,546
4,2026080504,820,125460,95,75854,True,0.6398339729961917,0,153,9219,8622,597
4,2026080504,821,125613,93,75947,True,0.7025672001284945,0,153,9219,8883,336
4,2026080504,822,125766,95,76042,True,0.5368376182809886,0,153,9219,8820,399
4,2026080504,823,125919,103,76145,True,0.3357003157210977,1,153,9219,9072,147
4,2026080504,824,126072,96,76241,True,0.46864056591975023,0,153,9219,8958,261
4,2026080504,825,126225,101,76342,True,0.39864433840857444,1,153,9219,8946,273
4,2026080504,826,126378,99,76441,True,0.6118287626273506,0,153,9219,8868,351
4,2026080504,827,126531,101,76542,True,0.7099464376845424,0,153,9219,8685,534
4,2026080504,828,126684,85,76627,True,0.7561453957076129,1,153,9219,8787,432
4,2026080504,829,126837,101,76728,True,0.5832253533717557,0,153,9219,8871,348
4,2026080504,830,126990,98,76826,True,0.5171156873942394,0,153,9219,8817,402
4,2026080504,831,127143,82,76908,True,0.5982763233527151,0,153,9219,8751,468
4,2026080504,832,127296,86,76994,True,0.5370589672350483,0,153,9219,8721,498
4,2026080504,833,127449,97,77091,True,0.5241744012417618,0,153,9219,8856,363
4,2026080504,834,127602,88,77179,True,0.48103871287282823,0,153,9219,8796,423
4,2026080504,835,127755,85,77264,True,0.7377155359824713,1,153,9219,8793,426
4,2026080504,836,127908,77,77341,True,0.6397662273519845,0,153,9219,8877,342
4,2026080504,837,128061,85,77426,True,0.5365467142632321,0,153,9219,8820,399
4,2026080504,838,128214,90,77516,True,0.5473583869452804,0,153,9219,8952,267
4,2026080504,839,128367,87,77603,True,0.6240707447232977,0,153,9219,8688,531
4,2026080504,840,128520,102,77705,True,0.6207203328844415,0,153,9219,8574,645
4,2026080504,841,128673,85,77790,True,0.672404218680914,0,153,9219,8697,522
4,2026080504,842,128826,97,77887,True,0.5222273664422951,0,153,9219,8664,555
4,2026080504,843,128979,96,77983,True,0.6300324366876937,0,153,9219,8793,426
4,2026080504,844,129132,99,78082,True,0.5007721407386608,0,153,9219,8850,369
4,2026080504,845,129285,86,78168,True,0.42501439244913747,1,153,9219,8862,357
4,2026080504,846,129438,94,78262,True,0.5078400332210675,0,153,9219,8811,408
4,2026080504,847,129591,99,78361,True,0.6824652430348486,0,153,9219,8631,588
4,2026080504,848,129744,97,78458,True,0.6171139343964238,0,153,9219,8652,567
4,2026080504,849,129897,86,78544,True,0.5601139938167587,0,153,9219,8670,549
4,2026080504,850,130050,92,78636,True,0.635684065221111,0,153,9219,8961,258
4,2026080504,851,130203,97,78733,True,0.7055229604893772,0,153,9219,8886,333
4,2026080504,852,130356,93,78826,True,0.6331846777658285,0,153,9219,8700,519
4,2026080504,853,130509,93,78919,True,0.5123357751862132,0,153,9219,8892,327
4,2026080504,854,130662,89,79008,True,0.4569463295533913,0,153,9219,8868,351
4,2026080504,855,130815,91,79099,True,0.5269740690998251,0,153,9219,8730,489
4,2026080504,856,130968,82,79181,True,0.5526876774098107,0,153,9219,8943,276
4,2026080504,857,131121,87,79268,True,0.4956581324441607,0,153,9219,8931,288
4,2026080504,858,131274,89,79357,True,0.44031122998658284,0,153,9219,8730,489
4,2026080504,859,131427,95,79452,True,0.5282141353699115,0,153,9219,8943,276
4,2026080504,860,131580,84,79536,True,0.557966233394315,0,153,9219,8592,627
4,2026080504,861,131733,100,79636,True,0.625075735290049,0,153,9219,8778,441
4,2026080504,862,131886,103,79739,True,0.3531527323744062,1,153,9219,9024,195
4,2026080504,863,132039,86,79825,True,0.682205587875181,0,153,9219,8517,702
4,2026080504,864,132192,97,79922,True,0.6542423237876704,0,153,9219,8778,441
4,2026080504,865,132345,101,80023,True,0.6365199235471448,0,153,9219,8802,417
4,2026080504,866,132498,98,80121,True,0.5950909962306802,0,153,9219,8826,393
4,2026080504,867,132651,97,80218,True,0.5522657774399033,0,153,9219,8664,555
4,2026080504,868,132804,96,80314,True,0.5534357695493268,0,153,9219,8913,306
4,2026080504,869,132957,92,80406,True,0.7083144082506366,0,153,9219,8721,498
4,2026080504,870,133110,88,80494,True,0.5747647298565067,0,153,9219,8733,486
4,2026080504,871,133263,98,80592,True,0.6186577730959313,0,153,9219,8910,309
4,2026080504,872,133416,96,80688,True,0.5475651290412219,0,153,9219,8841,378
4,2026080504,873,133569,89,80777,True,0.6649309668126144,0,153,9219,8598,621
4,2026080504,874,133722,90,80867,True,0.5979316104669783,0,153,9219,8787,432
4,2026080504,875,133875,101,80968,True,0.5452547288102849,0,153,9219,8658,561
4,2026080504,876,134028,94,81062,True,0.45225775065032314,0,153,9219,8766,453
4,2026080504,877,134181,92,81154,True,0.5192401377107353,0,153,9219,8625,594
4,2026080504,878,134334,93,81247,True,0.6312747581781606,0,153,9219,8922,297
4,2026080504,879,134487,102,81349,True,0.6366476369845908,0,153,9219,8751,468
4,2026080504,880,134640,84,81433,True,0.6058446792834208,0,153,9219,8898,321
4,2026080504,881,134793,94,81527,True,0.449722600416383,0,153,9219,8943,276
4,2026080504,882,134946,78,81605,True,0.45640995249342664,0,153,9219,8967,252
4,2026080504,883,135099,106,81711,True,0.50504335441917,0,153,9219,8898,321
4,2026080504,884,135252,90,81801,True,0.6532859308293689,0,153,9219,8625,594
4,2026080504,885,135405,100,81901,True,0.48466246560931436,0,153,9219,8523,696
4,2026080504,886,135558,85,81986,True,0.5865033252382841,0,153,9219,8814,405
4,2026080504,887,135711,91,82077,True,0.41081488260802146,1,153,9219,8901,318
4,2026080504,888,135864,103,82180,True,0.5356652212037976,0,153,9219,8982,237
4,2026080504,889,136017,85,82265,True,0.5713138555115728,0,153,9219,8832,387
4,2026080504,890,136170,93,82358,True,0.524152273908348,0,153,9219,8958,261
4,2026080504,891,136323,90,82448,True,0.5945806641701775,0,153,9219,8742,477
4,2026080504,892,136476,88,82536,True,0.6268550441467783,0,153,9219,8787,432
4,2026080504,893,136629,93,82629,True,0.4092933728928515,1,153,9219,8928,291
4,2026080504,894,136782,91,82720,True,0.5929998760511531,0,153,9219,8910,309
4,2026080504,895,136935,93,82813,True,0.6203838893608291,0,153,9219,8577,642
4,2026080504,896,137088,85,82898,True,0.6227562330027363,0,153,9219,8565,654
4,2026080504,897,137241,95,82993,True,0.5469249781947368,0,153,9219,8886,333
4,2026080504,898,137394,99,83092,True,0.41274996179928347,1,153,9219,8784,435
4,2026080504,899,137547,99,83191,True,0.588320955868683,0,153,9219,8895,324
4,2026080504,900,137700,87,83278,True,0.47130013597613996,0,153,9219,8940,279
4,2026080504,901,137853,91,83369,True,0.4638902688364795,0,153,9219,8673,546
4,2026080504,902,138006,100,83469,True,0.5823374655375405,0,153,9219,8919,300
4,2026080504,903,138159,88,83557,True,0.6112261691294447,0,153,9219,8832,387
4,2026080504,904,138312,99,83656,True,0.5163300601614776,0,153,9219,8934,285
4,2026080504,905,138465,98,83754,True,0.6908005810903775,0,153,9219,8634,585
4,2026080504,906,138618,84,83838,True,0.48185354642851647,0,153,9219,8889,330
4,2026080504,907,138771,88,83926,True,0.5986048351062135,0,153,9219,8727,492
4,2026080504,908,138924,101,84027,True,0.39246177319140857,1,153,9219,8922,297
4,2026080504,909,139077,98,84125,True,0.4327924088658042,0,153,9219,8997,222
4,2026080504,910,139230,84,84209,True,0.3792808546677338,1,153,9219,8802,417
4,2026080504,911,139383,79,84288,True,0.6292168513560399,0,153,9219,8718,501
4,2026080504,912,139536,91,84379,True,0.5157207294342535,0,153,9219,8871,348
4,2026080504,913,139689,94,84473,True,0.5677594729771503,0,153,9219,8835,384
4,2026080504,914,139842,107,84580,True,0.6083857429143148,0,153,9219,8874,345
4,2026080504,915,139995,101,84681,True,0.48750678677229947,0,153,9219,8928,291
4,2026080504,916,140148,97,84778,True,0.6347610020051597,0,153,9219,8892,327
4,2026080504,917,140301,90,84868,True,0.7038508321211691,0,153,9219,8844,375
4,2026080504,918,140454,86,84954,True,0.5527230822769179,0,153,9219,8931,288
4,2026080504,919,140607,97,85051,True,0.596143067953086,0,153,9219,8844,375
4,2026080504,920,140760,95,85146,True,0.6650006818970655,0,153,9219,8664,555
4,2026080504,921,140913,81,85227,True,0.5968626915064074,0,153,9219,8805,414
4,2026080504,922,141066,82,85309,True,0.6871193530442391,0,153,9219,8742,477
4,2026080504,923,141219,95,85404,True,0.578617960914544,0,153,9219,8691,528
4,2026080504,924,141372,84,85488,True,0.6565861721232942,0,153,9219,8586,633
4,2026080504,925,141525,93,85581,True,0.5869340185275843,0,153,9219,8745,474
4,2026080504,926,141678,88,85669,True,0.6143736232936609,0,153,9219,8574,645
4,2026080504,927,141831,91,85760,True,0.6744179349943465,0,153,9219,8811,408
4,2026080504,928,141984,85,85845,True,0.6474402023980425,0,153,9219,8835,384
4,2026080504,929,142137,89,85934,True,0.6945784251800802,0,153,9219,8820,399
4,2026080504,930,142290,87,86021,True,0.679271757105048,0,153,9219,8724,495
4,2026080504,931,142443,88,86109,True,0.6356412838207747,0,153,9219,8895,324
4,2026080504,932,142596,104,86213,True,0.5927217697310568,0,153,9219,8850,369
4,2026080504,933,142749,103,86316,True,0.5901359821485832,0,153,9219,8739,480
4,2026080504,934,142902,99,86415,True,0.6511245871849378,0,153,9219,8898,321
4,2026080504,935,143055,97,86512,True,0.6238937033772769,0,153,9219,8838,381
4,2026080504,936,143208,96,86608,True,0.5363001799525764,0,153,9219,8721,498
4,2026080504,937,143361,98,86706,True,0.5678337478930395,0,153,9219,8811,408
4,2026080504,938,143514,95,86801,True,0.5498141006764495,0,153,9219,8424,795
4,2026080504,939,143667,99,86900,True,0.5943092455832638,0,153,9219,8943,276
4,2026080504,940,143820,91,86991,True,0.6900629617371692,0,153,9219,8916,303
4,2026080504,941,143973,83,87074,True,0.6062467749423226,0,153,9219,8934,285
4,2026080504,942,144126,95,87169,True,0.6411362939459659,0,153,9219,8919,300
4,2026080504,943,144279,87,87256,True,0.5070902022732815,0,153,9219,8877,342
4,2026080504,944,144432,101,87357,True,0.5431407194235425,0,153,9219,8880,339
4,2026080504,945,144585,100,87457,True,0.5587168972585385,0,153,9219,8820,399
4,2026080504,946,144738,87,87544,True,0.5972107238122987,0,153,9219,8865,354
4,2026080504,947,144891,98,87642,True,0.5038375406069262,0,153,9219,8877,342
4,2026080504,948,145044,83,87725,True,0.656068737773164,0,153,9219,8859,360
4,2026080504,949,145197,89,87814,True,0.48931522674644357,0,153,9219,8907,312
4,2026080504,950,145350,84,87898,True,0.4765642980905325,0,153,9219,8817,402
4,2026080504,951,145503,88,87986,True,0.40626864734839513,1,153,9219,8844,375
4,2026080504,952,145656,99,88085,True,0.497007224730324,0,153,9219,8607,612
4,2026080504,953,145809,96,88181,True,0.3316551027986027,1,153,9219,8880,339
4,2026080504,954,145962,91,88272,True,0.31593324986865484,1,153,9219,8940,279
4,2026080504,955,146115,95,88367,True,0.5172814896091028,0,153,9219,8916,303
4,2026080504,956,146268,101,88468,True,0.6199059290899875,0,153,9219,8634,585
4,2026080504,957,146421,94,88562,True,0.4234607695134859,1,153,9219,8931,288
4,2026080504,958,146574,93,88655,True,0.6022503988262349,0,153,9219,9009,210
4,2026080504,959,146727,87,88742,True,0.6714514349521127,0,153,9219,8748,471
4,2026080504,960,146880,84,88826,True,0.6309397542115502,0,153,9219,8589,630
4,2026080504,961,147033,95,88921,True,0.7079208635496979,0,153,9219,8601,618
4,2026080504,962,147186,100,89021,True,0.6724915528599849,0,153,9219,8874,345
4,2026080504,963,147339,88,89109,True,0.5536170849390872,0,153,9219,9006,213
4,2026080504,964,147492,78,89187,True,0.5051949613667799,0,153,9219,8898,321
4,2026080504,965,147645,100,89287,True,0.5548887051231776,0,153,9219,8922,297
4,2026080504,966,147798,93,89380,True,0.6681997560484723,0,153,9219,8658,561
4,2026080504,967,147951,87,89467,True,0.6053486223815988,0,153,9219,8442,777
4,2026080504,968,148104,97,89564,True,0.5200701413079065,0,153,9219,8892,327
4,2026080504,969,148257,90,89654,True,0.5813319976188785,0,153,9219,8604,615
4,2026080504,970,148410,92,89746,True,0.469282327095161,0,153,9219,8895,324
4,2026080504,971,148563,100,89846,True,0.6041738435403365,0,153,9219,8880,339
4,2026080504,972,148716,93,89939,True,0.6995257790579572,0,153,9219,8730,489
4,2026080504,973,148869,95,90034,True,0.5345206700300159,0,153,9219,8832,387
4,2026080504,974,149022,92,90126,True,0.5730141051603233,0,153,9219,8712,507
4,2026080504,975,149175,91,90217,True,0.6311793553368825,0,153,9219,8859,360
4,2026080504,976,149328,88,90305,True,0.5859760434667709,0,153,9219,8517,702
4,2026080504,977,149481,99,90404,True,0.6221498610529608,0,153,9219,8982,237
4,2026080504,978,149634,85,90489,True,0.5699779814085247,0,153,9219,8814,405
4,2026080504,979,149787,88,90577,True,0.6008574985417103,0,153,9219,8856,363
4,2026080504,980,149940,88,90665,True,0.5956876745311172,0,153,9219,8880,339
4,2026080504,981,150093,89,90754,True,0.5442051926157637,0,153,9219,8928,291
4,2026080504,982,150246,78,90832,True,0.7330240404932619,1,153,9219,8724,495
4,2026080504,983,150399,95,90927,True,0.7175468701029196,1,153,9219,8706,513
4,2026080504,984,150552,93,91020,True,0.5908219294844139,0,153,9219,8589,630
4,2026080504,985,150705,92,91112,True,0.3974102337685294,1,153,9219,8964,255
4,2026080504,986,150858,79,91191,True,0.5615484434928991,0,153,9219,8763,456
4,2026080504,987,151011,92,91283,True,0.43876467488685683,0,153,9219,8865,354
4,2026080504,988,151164,86,91369,True,0.42448782179195044,1,153,9219,8892,327
4,2026080504,989,151317,100,91469,True,0.7492733678312885,1,153,9219,8652,567
4,2026080504,990,151470,89,91558,True,0.6393763442673083,0,153,9219,8829,390
4,2026080504,991,151623,89,91647,True,0.6486102439425614,0,153,9219,8898,321
4,2026080504,992,151776,97,91744,True,0.5936355334398049,0,153,9219,8862,357
4,2026080504,993,151929,92,91836,True,0.3400289992793333,1,153,9219,9039,180
4,2026080504,994,152082,86,91922,True,0.39051795765578307,1,153,9219,9036,183
4,2026080504,995,152235,87,92009,True,0.683962952091733,0,153,9219,8880,339
4,2026080504,996,152388,98,92107,True,0.5168717936433864,0,153,9219,8820,399
4,2026080504,997,152541,95,92202,True,0.5911758085359664,0,153,9219,8733,486
4,2026080504,998,152694,101,92303,True,0.5312001063074894,0,153,9219,8754,465
4,2026080504,999,152847,96,92399,True,0.5231460064382536,0,153,9219,8871,348
4,2026080504,1000,153000,97,92496,True,0.5553360295746281,0,153,9219,8688,531
