chain_id,sample_id,C_r,tail_indicator
1,1,0.5987607174357181,0
1,2,0.4788272622526606,0
1,3,0.4944417646265773,0
1,4,0.5846376237704918,0
1,5,0.5631906518603973,0
1,6,0.4133913066018943,1
1,7,0.5694634595463443,0
1,8,0.5349090118685993,0
1,9,0.7073546478007517,0
1,10,0.4769170721129781,0
1,11,0.4890182824025106,0
1,12,0.4941350030653856,0
1,13,0.5920231078765015,0
1,14,0.5988271136119696,0
1,15,0.5965783813256048,0
1,16,0.5667836916038389,0
1,17,0.55538029180151,0
1,18,0.4881406815509138,0
1,19,0.7005454355259992,0
1,20,0.5749097875247009,0
1,21,0.5443695031770187,0
1,22,0.4908797442869116,0
1,23,0.6194145062371565,0
1,24,0.7081373517806326,0
1,25,0.6618229501541187,0
1,26,0.4621912655007181,0
1,27,0.6893547410684654,0
1,28,0.7559730828000909,1
1,29,0.5321306628940036,0
1,30,0.467252024340315,0
1,31,0.6304807571038642,0
1,32,0.6532662065509852,0
1,33,0.5345998791180517,0
1,34,0.612138571751945,0
1,35,0.6286168646901272,0
1,36,0.5916374146415697,0
1,37,0.5684576319045159,0
1,38,0.5448353861320925,0
1,39,0.6424715334679331,0
1,40,0.6396009377249101,0
1,41,0.4266266762430774,0
1,42,0.6301882408614119,0
1,43,0.7665851009623955,1
1,44,0.6735128508969634,0
1,45,0.6959488905338297,0
1,46,0.5790286866266121,0
1,47,0.6134613638534417,0
1,48,0.6248270907739255,0
1,49,0.6425264267979603,0
1,50,0.6076203921669059,0
1,51,0.646679455741754,0
1,52,0.4741729898457047,0
1,53,0.4233180155412278,1
1,54,0.5669836938611653,0
1,55,0.7304192696774076,1
1,56,0.5888556122201658,0
1,57,0.4915226712774979,0
1,58,0.3918151781727753,1
1,59,0.6540745395609561,0
1,60,0.6745208519113236,0
1,61,0.6130246852984029,0
1,62,0.6325368334641104,0
1,63,0.5362590097884993,0
1,64,0.5101558750601125,0
1,65,0.5284571334071698,0
1,66,0.5876540694148825,0
1,67,0.5466385019923211,0
1,68,0.5932814280625154,0
1,69,0.7170600375875843,1
1,70,0.5374213047950931,0
1,71,0.543530707365506,0
1,72,0.583652673458312,0
1,73,0.6330174405382885,0
1,74,0.6839173543570936,0
1,75,0.5768721113314849,0
1,76,0.3323880294713438,1
1,77,0.4729659558945503,0
1,78,0.6582678381886478,0
1,79,0.6251017319757793,0
1,80,0.7166191083556677,1
1,81,0.720519722987948,1
1,82,0.6287971544417058,0
1,83,0.5394007209888532,0
1,84,0.6670711897629221,0
1,85,0.6788291915402663,0
1,86,0.5641422490952591,0
1,87,0.6423103948904353,0
1,88,0.3209354156575238,1
1,89,0.4271630958963049,0
1,90,0.5017030358037807,0
1,91,0.6301122806562574,0
1,92,0.6586401357473417,0
1,93,0.6075066987638442,0
1,94,0.5443578786774353,0
1,95,0.5306387752427559,0
1,96,0.4523434511308476,0
1,97,0.6081942713355081,0
1,98,0.64299203857927,0
1,99,0.6582056362214435,0
1,100,0.6470666894917312,0
1,101,0.6350237711743868,0
1,102,0.3587462022838785,1
1,103,0.4253651219503893,1
1,104,0.7076715018737917,0
1,105,0.5278149616263135,0
1,106,0.5876385569170164,0
1,107,0.5790996415362826,0
1,108,0.5471880642959777,0
1,109,0.6518908667847378,0
1,110,0.6807834220727653,0
1,111,0.5723525415169733,0
1,112,0.7214011798830811,1
1,113,0.5511089869074001,0
1,114,0.6009376521387036,0
1,115,0.4982837184635436,0
1,116,0.6134342723872921,0
1,117,0.5720251904651279,0
1,118,0.4978899776996587,0
1,119,0.6057027050736404,0
1,120,0.4853325156839688,0
1,121,0.5171266843132529,0
1,122,0.6305635493845854,0
1,123,0.4880157589055615,0
1,124,0.7086895113520477,0
1,125,0.4488595791391976,0
1,126,0.4606665096142048,0
1,127,0.7169953212159618,1
1,128,0.6147089285108545,0
1,129,0.4780405468029793,0
1,130,0.621893199718606,0
1,131,0.5964723769807648,0
1,132,0.6047529328244474,0
1,133,0.4651829303603174,0
1,134,0.4036051158232372,1
1,135,0.603849181704172,0
1,136,0.6151522869175002,0
1,137,0.568316998963604,0
1,138,0.7082129840477508,0
1,139,0.6435788443054113,0
1,140,0.5512610787691671,0
1,141,0.6295226356253165,0
1,142,0.5488633347987608,0
1,143,0.5512431872984191,0
1,144,0.5751286616465217,0
1,145,0.5881092213128241,0
1,146,0.5449542501613548,0
1,147,0.4341696778246792,0
1,148,0.5414558486380139,0
1,149,0.6484112089892781,0
1,150,0.5809169166307293,0
1,151,0.6232652377418643,0
1,152,0.753445745762445,1
1,153,0.6155686013456675,0
1,154,0.5991998964146596,0
1,155,0.7454290959812173,1
1,156,0.6487901426614511,0
1,157,0.5073679959822285,0
1,158,0.5960284972730419,0
1,159,0.4900979951213963,0
1,160,0.6845533138256737,0
1,161,0.6082072595851404,0
1,162,0.7432397418123521,1
1,163,0.5533205968197381,0
1,164,0.6434071641127829,0
1,165,0.6519579789423289,0
1,166,0.5609352012751972,0
1,167,0.5181446937915091,0
1,168,0.3295825652613088,1
1,169,0.4370220389123262,0
1,170,0.6096836693073642,0
1,171,0.4249304346085835,1
1,172,0.603281269070881,0
1,173,0.3596315035419052,1
1,174,0.5853122234643541,0
1,175,0.6163341550470305,0
1,176,0.6095637808859832,0
1,177,0.6782888501980816,0
1,178,0.6763643323041897,0
1,179,0.6305192899931777,0
1,180,0.6258854185200109,0
1,181,0.6463586791104725,0
1,182,0.555573087356079,0
1,183,0.6824954718181815,0
1,184,0.6905571790069789,0
1,185,0.5465721086519981,0
1,186,0.6123719335672686,0
1,187,0.4749014216064576,0
1,188,0.6427584209303967,0
1,189,0.7251923252341853,1
1,190,0.5212538521298916,0
1,191,0.5786941271069137,0
1,192,0.5647699752904063,0
1,193,0.5917006648887303,0
1,194,0.4527679880368165,0
1,195,0.7443890446984553,1
1,196,0.6167809599781898,0
1,197,0.4737967850187398,0
1,198,0.6721596003361958,0
1,199,0.7263408723907089,1
1,200,0.6150195059079847,0
1,201,0.5525593096742203,0
1,202,0.7739914303715565,1
1,203,0.5494816812091308,0
1,204,0.6701093156073078,0
1,205,0.5693924675184664,0
1,206,0.5944260932927923,0
1,207,0.580358353376359,0
1,208,0.3906058106786885,1
1,209,0.5591292128760165,0
1,210,0.5392476114556544,0
1,211,0.3156820173587195,1
1,212,0.5853872106177543,0
1,213,0.4220575564632137,1
1,214,0.575286008418839,0
1,215,0.6175376464068477,0
1,216,0.6183704595847134,0
1,217,0.4531137641093107,0
1,218,0.664891308982178,0
1,219,0.5166619408557882,0
1,220,0.4615004954212778,0
1,221,0.573323453225989,0
1,222,0.5411731005669468,0
1,223,0.4727869764397553,0
1,224,0.6155997156415568,0
1,225,0.6546895646493104,0
1,226,0.7747163871992547,1
1,227,0.5194724769514198,0
1,228,0.5921337464311731,0
1,229,0.5228032928163806,0
1,230,0.4618099441730269,0
1,231,0.636989689389044,0
1,232,0.4742735113074862,0
1,233,0.4981722175342608,0
1,234,0.7006112060467998,0
1,235,0.4859266156174484,0
1,236,0.6094700516984708,0
1,237,0.5421373842148545,0
1,238,0.5772679629946439,0
1,239,0.329457826559773,1
1,240,0.5331144793359226,0
1,241,0.4806672544464548,0
1,242,0.6793558597934415,0
1,243,0.6911841947777584,0
1,244,0.5997193680144247,0
1,245,0.6086200252654812,0
1,246,0.5517272247055509,0
1,247,0.5687110498924145,0
1,248,0.6178832337462977,0
1,249,0.6327469416431489,0
1,250,0.568381248479363,0
1,251,0.6188658556002781,0
1,252,0.6215080587631723,0
1,253,0.5149470235220793,0
1,254,0.5938441669619414,0
1,255,0.5144482490073079,0
1,256,0.5285009528979223,0
1,257,0.6318508568386988,0
1,258,0.656179395703567,0
1,259,0.5998067584603114,0
1,260,0.4634825749056043,0
1,261,0.5912263126416957,0
1,262,0.5603412668538416,0
1,263,0.6132400574451252,0
1,264,0.6571391514031575,0
1,265,0.5602134289526864,0
1,266,0.4710225305970632,0
1,267,0.4469161257941035,0
1,268,0.5980226735087506,0
1,269,0.6070709796425098,0
1,270,0.6437032290268251,0
1,271,0.5259782753184573,0
1,272,0.6016107843992344,0
1,273,0.651603193025676,0
1,274,0.637197376321889,0
1,275,0.5925638090679893,0
1,276,0.6745784687946534,0
1,277,0.5844464313786772,0
1,278,0.6686837418391033,0
1,279,0.7001249533501978,0
1,280,0.6850243543387982,0
1,281,0.6300545663833975,0
1,282,0.4838967953871296,0
1,283,0.4590166757091489,0
1,284,0.6075189085508673,0
1,285,0.6404470692302211,0
1,286,0.6095611621059566,0
1,287,0.53654436246298,0
1,288,0.6249692970859017,0
1,289,0.5316659392842235,0
1,290,0.4191190263453675,1
1,291,0.3724213491383185,1
1,292,0.516042374117328,0
1,293,0.5795793527401798,0
1,294,0.6413681019421571,0
1,295,0.3691105926521666,1
1,296,0.7313161304471877,1
1,297,0.7008689566663903,0
1,298,0.6285852990468279,0
1,299,0.5372639381739588,0
1,300,0.539897259506909,0
1,301,0.6380451217178353,0
1,302,0.6012895113960322,0
1,303,0.5880553881787032,0
1,304,0.5660977003322301,0
1,305,0.6214859276497312,0
1,306,0.4477381050576586,0
1,307,0.468058775118728,0
1,308,0.5415136538724223,0
1,309,0.6347731709743243,0
1,310,0.4912349852333482,0
1,311,0.6483391555289119,0
1,312,0.3947853416258657,1
1,313,0.5318196848702074,0
1,314,0.6097486156479318,0
1,315,0.6079484855467688,0
1,316,0.5992023113750342,0
1,317,0.6471994846804352,0
1,318,0.7308397249179284,1
1,319,0.6407327450737175,0
1,320,0.5190521677644546,0
1,321,0.7050167314968138,0
1,322,0.5948810527981194,0
1,323,0.5281139113173366,0
1,324,0.4723723555696471,0
1,325,0.4810268543782735,0
1,326,0.4279791764038253,0
1,327,0.5455762085471538,0
1,328,0.6971304756331423,0
1,329,0.620543168919571,0
1,330,0.6342271701651778,0
1,331,0.5097245268503471,0
1,332,0.4834423663445215,0
1,333,0.5642811759954713,0
1,334,0.547267374755415,0
1,335,0.5382154744539324,0
1,336,0.5123685965344474,0
1,337,0.6113680281463058,0
1,338,0.559343166668158,0
1,339,0.4415821064879669,0
1,340,0.6166913605018373,0
1,341,0.6896719666094827,0
1,342,0.6390392228391476,0
1,343,0.6832025542942428,0
1,344,0.5566331659843016,0
1,345,0.5828934221112998,0
1,346,0.3967614172200088,1
1,347,0.370762754837221,1
1,348,0.7165303524880071,1
1,349,0.6274438655763513,0
1,350,0.5850245681299734,0
1,351,0.5653734843108943,0
1,352,0.6898565471918073,0
1,353,0.6666728722503751,0
1,354,0.7100243182163931,0
1,355,0.5780544581045964,0
1,356,0.6280099146722604,0
1,357,0.5591594628233201,0
1,358,0.7213222138386878,1
1,359,0.6455812682648242,0
1,360,0.5129218625552388,0
1,361,0.5490897786658078,0
1,362,0.6283854294309791,0
1,363,0.4799947313699633,0
1,364,0.571120926740463,0
1,365,0.5430111245800114,0
1,366,0.6657765913321976,0
1,367,0.503461327746632,0
1,368,0.5768965306723961,0
1,369,0.6700272818191487,0
1,370,0.5667515349988815,0
1,371,0.5377835460443685,0
1,372,0.6161481444888672,0
1,373,0.5293856262309579,0
1,374,0.5164850412694179,0
1,375,0.4929948341222554,0
1,376,0.621410673970952,0
1,377,0.5870240754530239,0
1,378,0.5208884359000073,0
1,379,0.568741823499016,0
1,380,0.6221365426917426,0
1,381,0.3299678547999572,1
1,382,0.4627196879935968,0
1,383,0.3304245801832863,1
1,384,0.5012154779957702,0
1,385,0.7227229639646429,1
1,386,0.579798813254765,0
1,387,0.6047234580661831,0
1,388,0.5908372503415305,0
1,389,0.4921201730615009,0
1,390,0.4853560483982146,0
1,391,0.6680104675834295,0
1,392,0.698634493369529,0
1,393,0.4469287130078341,0
1,394,0.5557154689799839,0
1,395,0.5779144532044609,0
1,396,0.3664496717788085,1
1,397,0.5044804872945526,0
1,398,0.4964797231151531,0
1,399,0.6653735607266907,0
1,400,0.5502458734832016,0
1,401,0.6136130829007259,0
1,402,0.6077935942128715,0
1,403,0.6448981815644664,0
1,404,0.5625608899406381,0
1,405,0.5035384708426176,0
1,406,0.6821775631334396,0
1,407,0.3794201663223203,1
1,408,0.4918778704942854,0
1,409,0.6683503272577894,0
1,410,0.4737727589240433,0
1,411,0.4756778091535643,0
1,412,0.6516645521431256,0
1,413,0.5691015821349206,0
1,414,0.5084397856749742,0
1,415,0.6541432897841523,0
1,416,0.5001295822492903,0
1,417,0.4956041543974105,0
1,418,0.5727904822185935,0
1,419,0.5857701597019178,0
1,420,0.4278541188910763,0
1,421,0.5991487177421702,0
1,422,0.5732768296352039,0
1,423,0.3495324003146724,1
1,424,0.4091472074731295,1
1,425,0.411218218846936,1
1,426,0.5645123471807394,0
1,427,0.6388485441366097,0
1,428,0.4716221126822855,0
1,429,0.2924342879494725,1
1,430,0.4435328321185934,0
1,431,0.4872972190999936,0
1,432,0.5576581097972475,0
1,433,0.664067287969592,0
1,434,0.4394253040483622,0
1,435,0.525104632297674,0
1,436,0.5454189638482463,0
1,437,0.498659081235818,0
1,438,0.4558619976173113,0
1,439,0.596594466479225,0
1,440,0.6060421647646289,0
1,441,0.6319982065341989,0
1,442,0.5807221357133113,0
1,443,0.6340649904677114,0
1,444,0.5394662028113988,0
1,445,0.5449216270108104,0
1,446,0.5859751079405278,0
1,447,0.661313923674265,0
1,448,0.4784116760431385,0
1,449,0.5881283645958876,0
1,450,0.6668104479768678,0
1,451,0.6273943397630907,0
1,452,0.671732569789975,0
1,453,0.6184978796644032,0
1,454,0.4977269980254054,0
1,455,0.6262348869209852,0
1,456,0.5653231940578328,0
1,457,0.7939315635818838,1
1,458,0.7196644672093486,1
1,459,0.3205812800264535,1
1,460,0.4842862607823494,0
1,461,0.5694955586738596,0
1,462,0.4935786327694341,0
1,463,0.5442239857962397,0
1,464,0.6097043572015612,0
1,465,0.7025585776871068,0
1,466,0.5312607539894686,0
1,467,0.5750647020105225,0
1,468,0.4885731090413178,0
1,469,0.7084519535664273,0
1,470,0.6767857113189322,0
1,471,0.5205902859289925,0
1,472,0.5888329792603157,0
1,473,0.5030616953986055,0
1,474,0.6271654656832893,0
1,475,0.6451332435212368,0
1,476,0.5080856727349664,0
1,477,0.5789349693075784,0
1,478,0.6902179111796309,0
1,479,0.6194015402715672,0
1,480,0.591615201761788,0
1,481,0.544583699229633,0
1,482,0.5593926888710203,0
1,483,0.5563860073657779,0
1,484,0.6640219276833037,0
1,485,0.5447025966156089,0
1,486,0.6108993352535678,0
1,487,0.4724751902054303,0
1,488,0.4906700904966297,0
1,489,0.5666270400412844,0
1,490,0.5015352927995944,0
1,491,0.6924306445210204,0
1,492,0.4829657860531618,0
1,493,0.3722356632000385,1
1,494,0.3006354653188051,1
1,495,0.5783945957667138,0
1,496,0.467119231987812,0
1,497,0.4124485329154851,1
1,498,0.5976124324816006,0
1,499,0.480978665932634,0
1,500,0.5694712404827315,0
1,501,0.6496145728332228,0
1,502,0.491974651793089,0
1,503,0.6298766729599389,0
1,504,0.5461926189138495,0
1,505,0.4861459818476903,0
1,506,0.5364581898094681,0
1,507,0.644983753722004,0
1,508,0.5777182219798672,0
1,509,0.4832933062939474,0
1,510,0.5451871833592561,0
1,511,0.6038843715038257,0
1,512,0.6196002179614521,0
1,513,0.7538098585842764,1
1,514,0.7340484622797978,1
1,515,0.5776343967035347,0
1,516,0.5455086474265706,0
1,517,0.5698706308230529,0
1,518,0.629112465926999,0
1,519,0.6671915289365793,0
1,520,0.6003600244811027,0
1,521,0.5356927968744674,0
1,522,0.6287006706314923,0
1,523,0.6222383408506753,0
1,524,0.532198851262764,0
1,525,0.5749172183542597,0
1,526,0.6274968601431156,0
1,527,0.7325501630755274,1
1,528,0.5861964143488443,0
1,529,0.6252302927199652,0
1,530,0.4836902327363726,0
1,531,0.6544554657341164,0
1,532,0.4182244587186176,1
1,533,0.5446549409067774,0
1,534,0.3912171143694488,1
1,535,0.6557471430955301,0
1,536,0.6561956312993651,0
1,537,0.5138961621630065,0
1,538,0.3857288326428042,1
1,539,0.6572217367656914,0
1,540,0.4628402223532063,0
1,541,0.5791243730022687,0
1,542,0.6607664304057365,0
1,543,0.5878879196302981,0
1,544,0.389894783301913,1
1,545,0.4299281912016423,0
1,546,0.6155464721224821,0
1,547,0.4440323442971048,0
1,548,0.4170915985966545,1
1,549,0.4466470776436101,0
1,550,0.4975286807109833,0
1,551,0.4594099730243,0
1,552,0.4652791121564174,0
1,553,0.4122362500652213,1
1,554,0.5624078654800851,0
1,555,0.468070910514083,0
1,556,0.5074994004141284,0
1,557,0.5726035530371661,0
1,558,0.6120199148949255,0
1,559,0.5572666615532705,0
1,560,0.5591952807397729,0
1,561,0.6770512563272969,0
1,562,0.5959527053038143,0
1,563,0.5013818097094865,0
1,564,0.5306042445797301,0
1,565,0.7040474945633154,0
1,566,0.6388946269746221,0
1,567,0.5163632938059389,0
1,568,0.5638825475228234,0
1,569,0.39553689593709,1
1,570,0.588766584502074,0
1,571,0.6352022193543552,0
1,572,0.6382306793922042,0
1,573,0.5084289270295135,0
1,574,0.5983741949306843,0
1,575,0.6865738092109482,0
1,576,0.5947196059535221,0
1,577,0.6852010411812323,0
1,578,0.5335804867384195,0
1,579,0.5291681142913467,0
1,580,0.4099197861133537,1
1,581,0.5789128396118746,0
1,582,0.6028607868950796,0
1,583,0.4622845700514724,0
1,584,0.5917923225114965,0
1,585,0.6913759253018249,0
1,586,0.6504091821434899,0
1,587,0.4959043510268538,0
1,588,0.5112065893733047,0
1,589,0.3619378464011396,1
1,590,0.5319536253283731,0
1,591,0.6409706709348333,0
1,592,0.6031907629485225,0
1,593,0.455566297320057,0
1,594,0.5861704827332282,0
1,595,0.5482306581216403,0
1,596,0.5945396659423777,0
1,597,0.6769108080153368,0
1,598,0.3535364696084546,1
1,599,0.4066552882533565,1
1,600,0.5854439725605681,0
1,601,0.5761023682574896,0
1,602,0.516584586037792,0
1,603,0.4108992226228055,1
1,604,0.53635821119596,0
1,605,0.2592826059445762,1
1,606,0.5762548968600789,0
1,607,0.5444974218426799,0
1,608,0.7146167010781959,0
1,609,0.737159332978482,1
1,610,0.5933729904908052,0
1,611,0.5810577587673856,0
1,612,0.6434339187370115,0
1,613,0.5516697548777458,0
1,614,0.6678456960373192,0
1,615,0.5393440407394825,0
1,616,0.5638708373862896,0
1,617,0.5631425529063545,0
1,618,0.6106428754854151,0
1,619,0.675075099692947,0
1,620,0.4136216771436084,1
1,621,0.4660657962715092,0
1,622,0.4872191068708905,0
1,623,0.6255004324658614,0
1,624,0.5983929001412094,0
1,625,0.6083766038104429,0
1,626,0.5345113508830498,0
1,627,0.5633013027016603,0
1,628,0.5065575735884158,0
1,629,0.5203797013921008,0
1,630,0.647102744384729,0
1,631,0.5689167209394224,0
1,632,0.6876205257864557,0
1,633,0.432759340082118,0
1,634,0.5029289030461026,0
1,635,0.4624596196339009,0
1,636,0.3895959594184516,1
1,637,0.6733158717922235,0
1,638,0.5542485238991834,0
1,639,0.5419371651010579,0
1,640,0.6487347331351171,0
1,641,0.7183148363117415,1
1,642,0.6015772097268437,0
1,643,0.602414576449329,0
1,644,0.6241152543773885,0
1,645,0.6143105429447425,0
1,646,0.5059507106932678,0
1,647,0.4567914249910942,0
1,648,0.6374935677896644,0
1,649,0.6026446623229372,0
1,650,0.7893820696227115,1
1,651,0.5943720589283096,0
1,652,0.5965213890626218,0
1,653,0.6478274737273149,0
1,654,0.6818147638692801,0
1,655,0.6108084768306354,0
1,656,0.4717608530139885,0
1,657,0.6086667474248222,0
1,658,0.5831825271687748,0
1,659,0.4924720534654043,0
1,660,0.6500463327999892,0
1,661,0.5877462301398825,0
1,662,0.6647255421890336,0
1,663,0.6802737685242044,0
1,664,0.6289970737172627,0
1,665,0.5598339905956392,0
1,666,0.6425388152281746,0
1,667,0.6417696015970702,0
1,668,0.6624284875155528,0
1,669,0.4929748611281697,0
1,670,0.5965468612913868,0
1,671,0.5668984955436422,0
1,672,0.6278281909903272,0
1,673,0.647099767702865,0
1,674,0.6051439582017144,0
1,675,0.6482645749133227,0
1,676,0.6403262792806171,0
1,677,0.6564958550568547,0
1,678,0.5208446319729708,0
1,679,0.5322526766432636,0
1,680,0.6404035681509482,0
1,681,0.7590470078061734,1
1,682,0.6805254701867356,0
1,683,0.5616415400827154,0
1,684,0.6117743679810054,0
1,685,0.6605855223400864,0
1,686,0.6967969812211516,0
1,687,0.6989510021634036,0
1,688,0.568441203488007,0
1,689,0.6526653730591351,0
1,690,0.5385252769636912,0
1,691,0.4942177998680597,0
1,692,0.5892244098528151,0
1,693,0.6108096442383468,0
1,694,0.7029497840317734,0
1,695,0.6620461134447579,0
1,696,0.510576339278485,0
1,697,0.558332222607324,0
1,698,0.7370831235390595,1
1,699,0.5682406084187943,0
1,700,0.6482811487916412,0
1,701,0.4153036058468141,1
1,702,0.6303201227318433,0
1,703,0.6494511005633931,0
1,704,0.5536392136897843,0
1,705,0.7067188716459444,0
1,706,0.7606419007316265,1
1,707,0.4518844029785664,0
1,708,0.462795961071543,0
1,709,0.7199300178875723,1
1,710,0.7346173785839368,1
1,711,0.509215554717085,0
1,712,0.5819636988139796,0
1,713,0.4462231841717828,0
1,714,0.5603340602751428,0
1,715,0.484615340406793,0
1,716,0.4982952081964332,0
1,717,0.4980190300487412,0
1,718,0.4240934884679649,1
1,719,0.640859097203029,0
1,720,0.6589640080120532,0
1,721,0.668099001491197,0
1,722,0.5078665565157211,0
1,723,0.6760824382235571,0
1,724,0.659126968262677,0
1,725,0.3599250564602735,1
1,726,0.408048767182758,1
1,727,0.6462618339036874,0
1,728,0.5247284194373799,0
1,729,0.5559573158122731,0
1,730,0.5050342578387426,0
1,731,0.6229951934538797,0
1,732,0.3656567700376967,1
1,733,0.6052250478037139,0
1,734,0.3983294043289357,1
1,735,0.6246679580546707,0
1,736,0.567578219061364,0
1,737,0.5550096253605119,0
1,738,0.6921579226508024,0
1,739,0.6788497736887635,0
1,740,0.5462389429789063,0
1,741,0.5603884826523882,0
1,742,0.5174143509782351,0
1,743,0.5826721346043292,0
1,744,0.580813319545776,0
1,745,0.4032719498813851,1
1,746,0.5768625354477921,0
1,747,0.5532305796326594,0
1,748,0.4414148943131737,0
1,749,0.5744544507490442,0
1,750,0.5776884541500226,0
1,751,0.6081004462284243,0
1,752,0.5405947931938494,0
1,753,0.4144936293066609,1
1,754,0.4513708464049242,0
1,755,0.5999989464001284,0
1,756,0.7282619715680655,1
1,757,0.611010516542016,0
1,758,0.588645848881025,0
1,759,0.6224330496677234,0
1,760,0.5555185648941732,0
1,761,0.5839901998602353,0
1,762,0.525738452874701,0
1,763,0.543099656596736,0
1,764,0.5113072088830775,0
1,765,0.5504893157310524,0
1,766,0.6289851878560414,0
1,767,0.4957937025483347,0
1,768,0.5254144546532105,0
1,769,0.7484668831586521,1
1,770,0.5652326607778728,0
1,771,0.4518174850266581,0
1,772,0.6220480524961234,0
1,773,0.6414871871380933,0
1,774,0.5318447307595533,0
1,775,0.608683960246876,0
1,776,0.5685647556834809,0
1,777,0.6384247267115472,0
1,778,0.6362046612179217,0
1,779,0.6226057796193041,0
1,780,0.5431407194235425,0
1,781,0.6927700068308869,0
1,782,0.6459908266334712,0
1,783,0.4942259091449175,0
1,784,0.6196401470845043,0
1,785,0.6556608842239492,0
1,786,0.4615544248655061,0
1,787,0.5907239039400457,0
1,788,0.5205691286436043,0
1,789,0.490007388992239,0
1,790,0.5775901335313735,0
1,791,0.6060438465447552,0
1,792,0.5518407528846824,0
1,793,0.7218632089794912,1
1,794,0.557715969230999,0
1,795,0.4267581645831231,0
1,796,0.472927932037875,0
1,797,0.6623018581083708,0
1,798,0.6141515137365167,0
1,799,0.5377524415683542,0
1,800,0.6390561913804421,0
1,801,0.5530726986803088,0
1,802,0.5855710009456443,0
1,803,0.5537807733495534,0
1,804,0.5294082316765019,0
1,805,0.6034381475797197,0
1,806,0.5463845971577342,0
1,807,0.5857095402505479,0
1,808,0.6198352017548783,0
1,809,0.5184766288321534,0
1,810,0.4854756832435951,0
1,811,0.62590428238742,0
1,812,0.5964898682126485,0
1,813,0.6458138004075585,0
1,814,0.554071490113701,0
1,815,0.7050963645150438,0
1,816,0.5918302356388118,0
1,817,0.621419577074884,0
1,818,0.6522588533869054,0
1,819,0.623300678951892,0
1,820,0.5294657260211556,0
1,821,0.55171401237914,0
1,822,0.5087182556031484,0
1,823,0.6327052399303855,0
1,824,0.3605620411498423,1
1,825,0.5603304640400665,0
1,826,0.5480223345276982,0
1,827,0.4560629430724659,0
1,828,0.4795488561811049,0
1,829,0.3693807821078462,1
1,830,0.5785098836790211,0
1,831,0.4232142126060354,1
1,832,0.560987786091782,0
1,833,0.4219337879040565,1
1,834,0.5633451229279166,0
1,835,0.5717550269741531,0
1,836,0.6404197189827665,0
1,837,0.3765527946567131,1
1,838,0.5111177647837833,0
1,839,0.5921179557061613,0
1,840,0.7457707452186609,1
1,841,0.6623940376057758,0
1,842,0.6732140940989069,0
1,843,0.5588193110992136,0
1,844,0.6680984424436014,0
1,845,0.4916205539780332,0
1,846,0.4640970519890584,0
1,847,0.639617882500616,0
1,848,0.6795434573767598,0
1,849,0.6589077343989693,0
1,850,0.5378426467826843,0
1,851,0.539499851563375,0
1,852,0.4247896761326719,1
1,853,0.6174491200625254,0
1,854,0.6983833719992644,0
1,855,0.6182772944759013,0
1,856,0.5824535909244853,0
1,857,0.6471414971019033,0
1,858,0.5215308259892258,0
1,859,0.5987248243147957,0
1,860,0.6398378184766249,0
1,861,0.6409476197663556,0
1,862,0.6617528311062509,0
1,863,0.7611156240570237,1
1,864,0.5132985011690411,0
1,865,0.4092269866407603,1
1,866,0.4444243401536887,0
1,867,0.5117604153833952,0
1,868,0.5244631263244545,0
1,869,0.5519851452071624,0
1,870,0.6113396916242263,0
1,871,0.6457749909936107,0
1,872,0.6910587895476358,0
1,873,0.6115240414027233,0
1,874,0.5864340222228297,0
1,875,0.526200935239633,0
1,876,0.5801742322669922,0
1,877,0.5522538427300719,0
1,878,0.543273500433058,0
1,879,0.5863676359707385,0
1,880,0.5593962083017117,0
1,881,0.620304255107323,0
1,882,0.56841551761825,0
1,883,0.6066786029774296,0
1,884,0.6589377851782966,0
1,885,0.5476356617220894,0
1,886,0.4060655545254067,1
1,887,0.5781578694621287,0
1,888,0.49223082154002,0
1,889,0.6353757047878075,0
1,890,0.7425840690373112,1
1,891,0.5170380213627419,0
1,892,0.3973877772233781,1
1,893,0.5313788170088379,0
1,894,0.5015045909086453,0
1,895,0.4605386357067144,0
1,896,0.6269208928397296,0
1,897,0.4361413559222252,0
1,898,0.6813745590716123,0
1,899,0.537143443827088,0
1,900,0.5274387728644634,0
1,901,0.627364070626632,0
1,902,0.6702642234772346,0
1,903,0.5826707107241129,0
1,904,0.6326831111796885,0
1,905,0.657254120257163,0
1,906,0.7784618132127077,1
1,907,0.7129455004257361,0
1,908,0.7219196645955944,1
1,909,0.4888086495632908,0
1,910,0.4429794075151505,0
1,911,0.5212428526077253,0
1,912,0.6757523880117814,0
1,913,0.510521178885018,0
1,914,0.5560220940912987,0
1,915,0.640954023131831,0
1,916,0.5651884160337372,0
1,917,0.6335203265671576,0
1,918,0.7090366124222666,0
1,919,0.6481289791662375,0
1,920,0.5794289656903177,0
1,921,0.6977501865137611,0
1,922,0.555452181476739,0
1,923,0.4340488477118491,0
1,924,0.5859943422370962,0
1,925,0.6291164230848904,0
1,926,0.5794172980877911,0
1,927,0.5911474461213038,0
1,928,0.3725557481408223,1
1,929,0.5572389609970204,0
1,930,0.3508248617724822,1
1,931,0.3820179988648622,1
1,932,0.4988344721772622,0
1,933,0.6667392585024662,0
1,934,0.6996320171089851,0
1,935,0.6276371421400606,0
1,936,0.7175230406123775,1
1,937,0.723395543913774,1
1,938,0.6088100585077324,0
1,939,0.6462121094158619,0
1,940,0.6169448305459608,0
1,941,0.7024108046261295,0
1,942,0.447803954591345,0
1,943,0.5512050511131076,0
1,944,0.5151461865307471,0
1,945,0.5857066561929466,0
1,946,0.4104353047784613,1
1,947,0.3439761854648318,1
1,948,0.5645125300552927,0
1,949,0.691671048552506,0
1,950,0.7225674540859512,1
1,951,0.4537984811073904,0
1,952,0.6614142365661101,0
1,953,0.6344583758284573,0
1,954,0.5517257924560586,0
1,955,0.3968405693433333,1
1,956,0.6497143377372722,0
1,957,0.6695039801458839,0
1,958,0.4922120239835038,0
1,959,0.4756712863985037,0
1,960,0.5673310930596418,0
1,961,0.5876600051980443,0
1,962,0.6295708253313198,0
1,963,0.6287598669118402,0
1,964,0.6513989731101584,0
1,965,0.6367886632954882,0
1,966,0.5256572495693524,0
1,967,0.5859442978847921,0
1,968,0.5683426982925384,0
1,969,0.4998296334226134,0
1,970,0.5388961635537438,0
1,971,0.6968358908548347,0
1,972,0.4993533732861652,0
1,973,0.5392494173439908,0
1,974,0.619215609964184,0
1,975,0.4106202642260954,1
1,976,0.4325304810906042,0
1,977,0.5313459026046007,0
1,978,0.4355345411468387,0
1,979,0.4647991258780852,0
1,980,0.4586401126415177,0
1,981,0.5140391965388478,0
1,982,0.6120057964128331,0
1,983,0.5564868474735593,0
1,984,0.5297298374624673,0
1,985,0.5803804816545981,0
1,986,0.5582794676622791,0
1,987,0.5750104620156578,0
1,988,0.6488925198249194,0
1,989,0.6716846247557846,0
1,990,0.6726852966653202,0
1,991,0.5356438378383754,0
1,992,0.6899893055240657,0
1,993,0.6779306378463554,0
1,994,0.6024423750589611,0
1,995,0.5085283139099762,0
1,996,0.446476144496189,0
1,997,0.5108415823170633,0
1,998,0.6525244040651291,0
1,999,0.6752742499452492,0
1,1000,0.5630299987165617,0
2,1,0.6950273529698067,0
2,2,0.6724771930476163,0
2,3,0.583965262729329,0
2,4,0.6761574693295168,0
2,5,0.6804369551839473,0
2,6,0.5932402151516933,0
2,7,0.5631343665750524,0
2,8,0.6175470457028983,0
2,9,0.701068111170542,0
2,10,0.5464904201231385,0
2,11,0.4735274157804148,0
2,12,0.5566368391040649,0
2,13,0.3886251197417959,1
2,14,0.5868611368033267,0
2,15,0.6201803670358486,0
2,16,0.6730603231810934,0
2,17,0.5721649113489167,0
2,18,0.4927880967989975,0
2,19,0.5298399907257906,0
2,20,0.5669185445404052,0
2,21,0.6237297787249564,0
2,22,0.5094008610539101,0
2,23,0.6270454885188426,0
2,24,0.4520432941418869,0
2,25,0.6345175441592024,0
2,26,0.7013264958419735,0
2,27,0.4820321217946491,0
2,28,0.5396326297375978,0
2,29,0.4685820648859682,0
2,30,0.4896846896820023,0
2,31,0.4659750526129963,0
2,32,0.5846779268971828,0
2,33,0.5411037653271115,0
2,34,0.5392776544873914,0
2,35,0.6019919980132894,0
2,36,0.5837717083353146,0
2,37,0.6937952234093568,0
2,38,0.6342370788714191,0
2,39,0.5990729923980526,0
2,40,0.5987666183412236,0
2,41,0.586085761144686,0
2,42,0.5450217837250133,0
2,43,0.6477389634505494,0
2,44,0.6733833886688403,0
2,45,0.6144088715207983,0
2,46,0.3599634915136652,1
2,47,0.4259536027119032,1
2,48,0.6243539029502341,0
2,49,0.5065497306336352,0
2,50,0.5178459673509571,0
2,51,0.5053321509180989,0
2,52,0.6141170893448538,0
2,53,0.6171218718919815,0
2,54,0.585049548363044,0
2,55,0.6890594041551746,0
2,56,0.6857257266005451,0
2,57,0.6954626675061828,0
2,58,0.8330415821851102,1
2,59,0.6026580031020711,0
2,60,0.6624665866415573,0
2,61,0.3452527683755552,1
2,62,0.5413250575589645,0
2,63,0.6297850951901005,0
2,64,0.7074923352065883,0
2,65,0.7354490294168425,1
2,66,0.6423334365111388,0
2,67,0.5376664218725911,0
2,68,0.5563351930970558,0
2,69,0.5394883320345841,0
2,70,0.6412859402190014,0
2,71,0.4473643759141537,0
2,72,0.6253107952186504,0
2,73,0.5917575571982778,0
2,74,0.6825683342885572,0
2,75,0.54785191264315,0
2,76,0.5537189398482848,0
2,77,0.486320832275591,0
2,78,0.4715114500250322,0
2,79,0.5367565627309299,0
2,80,0.5455575930178831,0
2,81,0.5391599818524936,0
2,82,0.6724197629955839,0
2,83,0.6561528222000101,0
2,84,0.6977863351727057,0
2,85,0.6182408362819926,0
2,86,0.5204684110788327,0
2,87,0.4938431742587563,0
2,88,0.5974541400699663,0
2,89,0.6992535923549374,0
2,90,0.591336975298949,0
2,91,0.4716683625496448,0
2,92,0.4997434594801954,0
2,93,0.7285849574597044,1
2,94,0.3963239795011533,1
2,95,0.3894909612457461,1
2,96,0.497109969458136,0
2,97,0.5904202813778597,0
2,98,0.5775041431422815,0
2,99,0.4409454990485291,0
2,100,0.6831794400591511,0
2,101,0.5865321430050624,0
2,102,0.5432281707529009,0
2,103,0.470545754822318,0
2,104,0.5542958672429018,0
2,105,0.3905618859708264,1
2,106,0.5395168575726335,0
2,107,0.4463345020610981,0
2,108,0.7288636577009442,1
2,109,0.5991452616013382,0
2,110,0.5140285718082807,0
2,111,0.4982854211475045,0
2,112,0.518377102745814,0
2,113,0.5016016861399173,0
2,114,0.6419656292446118,0
2,115,0.5752146456635655,0
2,116,0.5349782870668871,0
2,117,0.7863901913119841,1
2,118,0.5537853303530427,0
2,119,0.7441677571914848,1
2,120,0.4512398498513254,0
2,121,0.5098551807811113,0
2,122,0.5139067671618589,0
2,123,0.5633498822485955,0
2,124,0.688174234787692,0
2,125,0.5833415616815609,0
2,126,0.5598016808210922,0
2,127,0.587998570471561,0
2,128,0.6360975005477923,0
2,129,0.6274700594998786,0
2,130,0.5797076455123363,0
2,131,0.6898858013043134,0
2,132,0.6658066356486259,0
2,133,0.4467100374772668,0
2,134,0.4853795799876755,0
2,135,0.5723944869111347,0
2,136,0.6570247369464561,0
2,137,0.5431671264467239,0
2,138,0.7049866186625664,0
2,139,0.4013577209119017,1
2,140,0.6100284548876749,0
2,141,0.5207562204764049,0
2,142,0.6416347166317664,0
2,143,0.6585294919938564,0
2,144,0.5327401627513828,0
2,145,0.5417118170640681,0
2,146,0.4294099940954253,0
2,147,0.5669227090405266,0
2,148,0.4005752021618378,1
2,149,0.7289407446539473,1
2,150,0.6399634701590217,0
2,151,0.6297130977796606,0
2,152,0.6391008350565697,0
2,153,0.6748373506947604,0
2,154,0.5505619363924287,0
2,155,0.5514966403040481,0
2,156,0.5666609491463683,0
2,157,0.5350104046395632,0
2,158,0.4711150728976299,0
2,159,0.5664358141467535,0
2,160,0.5830261946154821,0
2,161,0.5905780467747143,0
2,162,0.4974224769102953,0
2,163,0.4287498797258571,0
2,164,0.4606542160220012,0
2,165,0.6001527331376021,0
2,166,0.6808712958266591,0
2,167,0.5872579543147709,0
2,168,0.4246819221492146,1
2,169,0.5975647838234517,0
2,170,0.6150243681234332,0
2,171,0.5917765449477245,0
2,172,0.7199633575839564,1
2,173,0.6585917385863519,0
2,174,0.5633075525397716,0
2,175,0.5685175774032076,0
2,176,0.5587424880416249,0
2,177,0.6498805291192771,0
2,178,0.5948277651234416,0
2,179,0.4730612197346893,0
2,180,0.4363661519910564,0
2,181,0.4816836840430311,0
2,182,0.5440364391826576,0
2,183,0.6516531493903237,0
2,184,0.6983400671871008,0
2,185,0.6936403287686773,0
2,186,0.6267572417235286,0
2,187,0.5839680706370499,0
2,188,0.5686203779116951,0
2,189,0.6576239069936999,0
2,190,0.5893294198199805,0
2,191,0.6949169620469183,0
2,192,0.3063036587842256,1
2,193,0.6431996056314653,0
2,194,0.4875939971095184,0
2,195,0.6621813741608247,0
2,196,0.6397916324930774,0
2,197,0.628944112879343,0
2,198,0.5987887489820553,0
2,199,0.6814182000942387,0
2,200,0.6787772988816677,0
2,201,0.5136964349843467,0
2,202,0.5712139705058147,0
2,203,0.5698042303922272,0
2,204,0.568995271488666,0
2,205,0.6238365652707153,0
2,206,0.606871816633842,0
2,207,0.6311302683958768,0
2,208,0.5732721201031585,0
2,209,0.5050671676442742,0
2,210,0.5993513467851445,0
2,211,0.6374493112331862,0
2,212,0.6038456927861817,0
2,213,0.4281210930860598,0
2,214,0.6117311783406364,0
2,215,0.5706142037229428,0
2,216,0.577604650694702,0
2,217,0.6043693385063431,0
2,218,0.5705943125625285,0
2,219,0.388522771464424,1
2,220,0.6287173465181495,0
2,221,0.5520943846454318,0
2,222,0.616958005104843,0
2,223,0.6210212595623369,0
2,224,0.5775041431422815,0
2,225,0.4415034074261301,0
2,226,0.5177685088098475,0
2,227,0.6299274319993358,0
2,228,0.4245824934368032,1
2,229,0.6021926942732405,0
2,230,0.5145151132016771,0
2,231,0.6389182649971861,0
2,232,0.4853277602879551,0
2,233,0.4905605115473071,0
2,234,0.6885430534302831,0
2,235,0.6555863681511471,0
2,236,0.6689585714307092,0
2,237,0.5428509217611179,0
2,238,0.459092864202366,0
2,239,0.4623979650307118,0
2,240,0.6454902233231598,0
2,241,0.497526044039986,0
2,242,0.5502860232494489,0
2,243,0.6690613767808319,0
2,244,0.4464632062921621,0
2,245,0.5277510369624491,0
2,246,0.7052291426892667,0
2,247,0.3729933534248684,1
2,248,0.5812931294910234,0
2,249,0.6469865991542297,0
2,250,0.7036199691896003,0
2,251,0.6129694991535318,0
2,252,0.5100104697467568,0
2,253,0.5034025456041917,0
2,254,0.5571917105828292,0
2,255,0.6019148706403334,0
2,256,0.4665615264209655,0
2,257,0.6548479724995863,0
2,258,0.6070709796425098,0
2,259,0.5063382496194699,0
2,260,0.6586763281106442,0
2,261,0.760829301151424,1
2,262,0.4669378035664257,0
2,263,0.6258186039568614,0
2,264,0.5263660518880722,0
2,265,0.473207467595134,0
2,266,0.3214849542055087,1
2,267,0.5798936595333383,0
2,268,0.5802583163203097,0
2,269,0.6697474119966625,0
2,270,0.5829044808162445,0
2,271,0.6206184384758923,0
2,272,0.5536750128340409,0
2,273,0.4903043476252886,0
2,274,0.3733500962191106,1
2,275,0.4891080523811538,0
2,276,0.4068456547810338,1
2,277,0.5863225004179435,0
2,278,0.4663955078535172,0
2,279,0.5540920871065707,0
2,280,0.598993813179873,0
2,281,0.7012457974625795,0
2,282,0.6949315434681204,0
2,283,0.4528676737352777,0
2,284,0.7522065621810566,1
2,285,0.578229383649449,0
2,286,0.5289787999291706,0
2,287,0.4889155697270637,0
2,288,0.67750829704134,0
2,289,0.7113009269701829,0
2,290,0.6008260655010725,0
2,291,0.6863674603707599,0
2,292,0.6987595607611143,0
2,293,0.5612754721359317,0
2,294,0.5756376307049693,0
2,295,0.5765301612409981,0
2,296,0.6040023480313533,0
2,297,0.5738625159117899,0
2,298,0.448259116176534,0
2,299,0.4658865357202551,0
2,300,0.5248839053265872,0
2,301,0.5550056372860022,0
2,302,0.6344032672459657,0
2,303,0.606633796318413,0
2,304,0.5716321697253185,0
2,305,0.5041677022421163,0
2,306,0.5335489356812547,0
2,307,0.7343619413403517,1
2,308,0.5798644165271387,0
2,309,0.4136038198498647,1
2,310,0.6069998701094764,0
2,311,0.5762745457452217,0
2,312,0.452808164817739,0
2,313,0.5580343432256224,0
2,314,0.618896587377136,0
2,315,0.6257442942091009,0
2,316,0.5513816684559442,0
2,317,0.5909230541923479,0
2,318,0.5921495694892477,0
2,319,0.6038936065228112,0
2,320,0.498522949835353,0
2,321,0.7069240479071217,0
2,322,0.6253371240394497,0
2,323,0.5364360586960272,0
2,324,0.581375733282224,0
2,325,0.4107572540485839,1
2,326,0.5597790546140143,0
2,327,0.6085445021592866,0
2,328,0.6586320696642737,0
2,329,0.5711475785833198,0
2,330,0.5596431902615924,0
2,331,0.5899273029308367,0
2,332,0.5053186184595354,0
2,333,0.4152770812162882,1
2,334,0.3970373486198824,1
2,335,0.5727805830427426,0
2,336,0.5879728305184475,0
2,337,0.6659568425386101,0
2,338,0.5992964327877851,0
2,339,0.5546649321639688,0
2,340,0.4464288203315426,0
2,341,0.6882852287325842,0
2,342,0.5347148065642606,0
2,343,0.5446140702712866,0
2,344,0.6096991549120606,0
2,345,0.5645969088971502,0
2,346,0.6682076179855078,0
2,347,0.6541806468452367,0
2,348,0.5174808043380762,0
2,349,0.5264879453850425,0
2,350,0.580623892715228,0
2,351,0.5739162902419946,0
2,352,0.6957209558246986,0
2,353,0.6647159280195518,0
2,354,0.5227482603333288,0
2,355,0.6142900171291432,0
2,356,0.5351716859484676,0
2,357,0.5933446113374684,0
2,358,0.4875302261634171,0
2,359,0.5882449952613723,0
2,360,0.5201696903169034,0
2,361,0.4399947252392809,0
2,362,0.4703767262089962,0
2,363,0.4337312188387418,0
2,364,0.6703149801499602,0
2,365,0.7817202471243984,1
2,366,0.6875330543647422,0
2,367,0.5460933097020864,0
2,368,0.5503689525391003,0
2,369,0.6943639092018088,0
2,370,0.5055631554458536,0
2,371,0.3513993586744791,1
2,372,0.6284390985970189,0
2,373,0.6230173231495835,0
2,374,0.5742629264837766,0
2,375,0.5014596195461131,0
2,376,0.4187296086448611,1
2,377,0.4844147158607716,0
2,378,0.673849234181253,0
2,379,0.5515958714031017,0
2,380,0.3715972664207033,1
2,381,0.5618729739199347,0
2,382,0.5591495928502063,0
2,383,0.4032288868947405,1
2,384,0.6570203959746296,0
2,385,0.6800427845419039,0
2,386,0.656497349113369,0
2,387,0.6727858486059337,0
2,388,0.7016591146169106,0
2,389,0.7560933440134501,1
2,390,0.3897814940514426,1
2,391,0.5399683034745484,0
2,392,0.5070031110138078,0
2,393,0.4291886829610155,0
2,394,0.4102832124022172,1
2,395,0.6237344905094144,0
2,396,0.5278053370816517,0
2,397,0.7168708944306403,1
2,398,0.4036249284445656,1
2,399,0.6387175742859773,0
2,400,0.4901715637802987,0
2,401,0.5533899969972165,0
2,402,0.6472520581580387,0
2,403,0.651581064274979,0
2,404,0.6490087618134541,0
2,405,0.6129433178615111,0
2,406,0.5408863561786222,0
2,407,0.5077085389745294,0
2,408,0.4634820109373243,0
2,409,0.3880496739245629,1
2,410,0.6036869278484218,0
2,411,0.6220037730223081,0
2,412,0.5783374675235753,0
2,413,0.6839616194199949,0
2,414,0.7063195614985862,0
2,415,0.5472544491306949,0
2,416,0.68905975154407,0
2,417,0.6906088193725212,0
2,418,0.6581494321707714,0
2,419,0.5267194069248283,0
2,420,0.7405892161055394,1
2,421,0.5694235782676338,0
2,422,0.6072227769738966,0
2,423,0.569868419791801,0
2,424,0.4031846246678585,1
2,425,0.6357604958191664,0
2,426,0.5747081974281492,0
2,427,0.2838078604368127,1
2,428,0.5255138838785621,0
2,429,0.5221611502804893,0
2,430,0.462633539912015,0
2,431,0.5466022709681188,0
2,432,0.6299044299913604,0
2,433,0.6491082343843847,0
2,434,0.5509173773540458,0
2,435,0.5068152643033715,0
2,436,0.5899589634812721,0
2,437,0.5943375612760677,0
2,438,0.7495634193956976,1
2,439,0.7936763542112181,1
2,440,0.6676405875056978,0
2,441,0.6415525330097104,0
2,442,0.7182006455741783,1
2,443,0.6713837953409358,0
2,444,0.7406619161178157,1
2,445,0.6798616076658237,0
2,446,0.5159870029776031,0
2,447,0.5829238836143883,0
2,448,0.5232586421288032,0
2,449,0.5567065125623857,0
2,450,0.5651481495052242,0
2,451,0.4498553729205654,0
2,452,0.6069732937643155,0
2,453,0.6718653451290869,0
2,454,0.5913496057116143,0
2,455,0.5105987935839995,0
2,456,0.6079118901235514,0
2,457,0.5140618545946671,0
2,458,0.4483925317056514,0
2,459,0.5390891144604743,0
2,460,0.2899378910976286,1
2,461,0.6435399394518947,0
2,462,0.5508966448508411,0
2,463,0.5136075248442028,0
2,464,0.4907877177096506,0
2,465,0.5917258133509505,0
2,466,0.3675692317281144,1
2,467,0.4746441319629781,0
2,468,0.5654780953127123,0
2,469,0.4857336778027313,0
2,470,0.489290042100775,0
2,471,0.5459034426542069,0
2,472,0.4959592007090009,0
2,473,0.5102889910742406,0
2,474,0.6716612661987514,0
2,475,0.5883682159526233,0
2,476,0.6006220710973198,0
2,477,0.5161421792125179,0
2,478,0.5030307608456045,0
2,479,0.5669849336275167,0
2,480,0.6053411795082806,0
2,481,0.5835753303253245,0
2,482,0.4711110567083031,0
2,483,0.524540177267594,0
2,484,0.5518510989196412,0
2,485,0.6614109302724571,0
2,486,0.4936028626736568,0
2,487,0.5506974775895068,0
2,488,0.5193838580042235,0
2,489,0.4748313297426324,0
2,490,0.5708666372854383,0
2,491,0.5904264534581186,0
2,492,0.6329719755256022,0
2,493,0.5587340221907063,0
2,494,0.5159205165362344,0
2,495,0.3626769419491415,1
2,496,0.4126526408357303,1
2,497,0.6529472938815878,0
2,498,0.4469408780294936,0
2,499,0.4791881138782897,0
2,500,0.4637441924786771,0
2,501,0.622185239078074,0
2,502,0.7042625278723754,0
2,503,0.568341275121705,0
2,504,0.6263455330369117,0
2,505,0.5991369624344764,0
2,506,0.5911885878620842,0
2,507,0.6010239437060523,0
2,508,0.5094255951018866,0
2,509,0.4907493042087352,0
2,510,0.5124578547852681,0
2,511,0.5014710414540378,0
2,512,0.5259128800331836,0
2,513,0.5718557590899327,0
2,514,0.5172928005500405,0
2,515,0.4938243487825187,0
2,516,0.3701555162206197,1
2,517,0.4755413901137489,0
2,518,0.5195498447753664,0
2,519,0.5093588293813425,0
2,520,0.556364310507775,0
2,521,0.6663930991699032,0
2,522,0.5964650316947316,0
2,523,0.6467125689885205,0
2,524,0.5543370407919247,0
2,525,0.4818741239506333,0
2,526,0.6242875152806782,0
2,527,0.6118106315113577,0
2,528,0.6112233308920253,0
2,529,0.4527043888523089,0
2,530,0.491533167058481,0
2,531,0.601337325395852,0
2,532,0.6118848821279573,0
2,533,0.6441266756784874,0
2,534,0.5342793092191268,0
2,535,0.4846210750745782,0
2,536,0.6191662021117557,0
2,537,0.6246812946892368,0
2,538,0.594994570461638,0
2,539,0.4987812114683501,0
2,540,0.4568687743340504,0
2,541,0.627744989535298,0
2,542,0.3717709495131471,1
2,543,0.4570198638144814,0
2,544,0.5267096171320851,0
2,545,0.459068210231918,0
2,546,0.5362300737949731,0
2,547,0.4777886080774178,0
2,548,0.678776520643723,0
2,549,0.6113266331352282,0
2,550,0.5229029843262227,0
2,551,0.625831965157669,0
2,552,0.6269919269326408,0
2,553,0.6376671817055108,0
2,554,0.6797730926630355,0
2,555,0.5301950847056696,0
2,556,0.6546010572051236,0
2,557,0.6341710552725376,0
2,558,0.5623534807911644,0
2,559,0.514006621191347,0
2,560,0.6062079399382828,0
2,561,0.7093440872319581,0
2,562,0.6196086713681914,0
2,563,0.6111439021094347,0
2,564,0.5178680672790741,0
2,565,0.643813207368483,0
2,566,0.5794660820044699,0
2,567,0.6197599207726044,0
2,568,0.6434926434619959,0
2,569,0.6303153348551028,0
2,570,0.6303922250871397,0
2,571,0.5250172876657005,0
2,572,0.3514732789079232,1
2,573,0.5612109208499072,0
2,574,0.5575508240423084,0
2,575,0.6830622292689927,0
2,576,0.6261154805481179,0
2,577,0.6007769789672466,0
2,578,0.7520534266047053,1
2,579,0.548420703077149,0
2,580,0.5594134455507132,0
2,581,0.4811912651738175,0
2,582,0.5058806682373156,0
2,583,0.7081130127066187,0
2,584,0.5471229140335149,0
2,585,0.6214062639120054,0
2,586,0.5579475009606643,0
2,587,0.5474327231581091,0
2,588,0.4514320590486475,0
2,589,0.5175139845870326,0
2,590,0.5712886196076417,0
2,591,0.5517168759331278,0
2,592,0.56215429226241,0
2,593,0.5123797855524295,0
2,594,0.5276391437474701,0
2,595,0.5784949513394289,0
2,596,0.6375242132310704,0
2,597,0.6514704205214937,0
2,598,0.5901857980799062,0
2,599,0.468100903844205,0
2,600,0.5314662054913286,0
2,601,0.6853638159154847,0
2,602,0.5655968412218221,0
2,603,0.6002144233469958,0
2,604,0.6512769445633588,0
2,605,0.4762424487148969,0
2,606,0.5707736050185501,0
2,607,0.5977434852473659,0
2,608,0.5076547700373052,0
2,609,0.6526244042611966,0
2,610,0.5283469192149014,0
2,611,0.6814479077666185,0
2,612,0.6829364832750066,0
2,613,0.6346354133940878,0
2,614,0.6255313358279693,0
2,615,0.7733611961776173,1
2,616,0.3474216382931834,1
2,617,0.6112925610519396,0
2,618,0.5336482005917808,0
2,619,0.6266460822815102,0
2,620,0.6746438236792636,0
2,621,0.64348425441007,0
2,622,0.7817924538595723,1
2,623,0.6097264864247466,0
2,624,0.6344570309766151,0
2,625,0.4923022087241771,0
2,626,0.5919219523957009,0
2,627,0.6810780581419933,0
2,628,0.6059423892600592,0
2,629,0.5463041327756585,0
2,630,0.694400419430058,0
2,631,0.68703157516803,0
2,632,0.6053615493090564,0
2,633,0.5975332844496427,0
2,634,0.310882395821359,1
2,635,0.4570758257465325,0
2,636,0.4875744827198953,0
2,637,0.5271976763985914,0
2,638,0.5100227486062922,0
2,639,0.5186758079060824,0
2,640,0.6537496818432911,0
2,641,0.5602048745316447,0
2,642,0.6527014378506115,0
2,643,0.5984567893695805,0
2,644,0.5358614064668296,0
2,645,0.6932569773135012,0
2,646,0.5537925960408872,0
2,647,0.5780791407177337,0
2,648,0.7632123831781419,1
2,649,0.6851946365838156,0
2,650,0.5834397558115256,0
2,651,0.5048101280398941,0
2,652,0.6101717595634676,0
2,653,0.6650194855954297,0
2,654,0.4816235390868414,0
2,655,0.3338328444396979,1
2,656,0.5423862279180972,0
2,657,0.6347054047315402,0
2,658,0.4585319931926224,0
2,659,0.6021242040134688,0
2,660,0.5253362377674792,0
2,661,0.5429404908514919,0
2,662,0.5654982053150961,0
2,663,0.3781985975929868,1
2,664,0.5697854419996718,0
2,665,0.5638848252625238,0
2,666,0.5541275804235986,0
2,667,0.6610983404069449,0
2,668,0.4924223081063894,0
2,669,0.6400383197871585,0
2,670,0.4010343455445868,1
2,671,0.3575868945578611,1
2,672,0.3764098697004113,1
2,673,0.5995097320028334,0
2,674,0.562438226139809,0
2,675,0.4839749843474357,0
2,676,0.4804205992968556,0
2,677,0.4298304852508041,0
2,678,0.5051329921618253,0
2,679,0.5374401475462927,0
2,680,0.5547147974196518,0
2,681,0.4646946303382264,0
2,682,0.5562364090268436,0
2,683,0.4949266778977856,0
2,684,0.5129111349890312,0
2,685,0.6045703774225701,0
2,686,0.6057027050736404,0
2,687,0.6488869374273465,0
2,688,0.4665128532943524,0
2,689,0.4530225683759572,0
2,690,0.5138957936340577,0
2,691,0.591944081146398,0
2,692,0.6470225416313843,0
2,693,0.6802938754070798,0
2,694,0.4733826046142003,0
2,695,0.4408329515917762,0
2,696,0.4478206358331898,0
2,697,0.5418782881385972,0
2,698,0.7400328263669176,1
2,699,0.662476393921586,0
2,700,0.7025357067048438,0
2,701,0.6106013688672295,0
2,702,0.5297967246637318,0
2,703,0.6724329336562087,0
2,704,0.6995412599720455,0
2,705,0.5383384729127284,0
2,706,0.5101769824693493,0
2,707,0.556929469742379,0
2,708,0.5448796493042537,0
2,709,0.6485604241393788,0
2,710,0.4630441083360141,0
2,711,0.4690025560413469,0
2,712,0.5533648571562433,0
2,713,0.5667477328572569,0
2,714,0.589639641455289,0
2,715,0.6578613962456922,0
2,716,0.453343409274912,0
2,717,0.5587272931089915,0
2,718,0.5404745103906476,0
2,719,0.5414165532132021,0
2,720,0.5798865462228425,0
2,721,0.6714813567409446,0
2,722,0.5062265797999254,0
2,723,0.4940001646441748,0
2,724,0.584189362868903,0
2,725,0.4083626495780217,1
2,726,0.5736064480368663,0
2,727,0.5621726641207777,0
2,728,0.6776546935629503,0
2,729,0.5626253835738646,0
2,730,0.5725616169448788,0
2,731,0.5156766582728813,0
2,732,0.4262452448733645,1
2,733,0.5029617772164315,0
2,734,0.5910304035221671,0
2,735,0.622964117007196,0
2,736,0.6319733987358473,0
2,737,0.6533046969849813,0
2,738,0.5735033102661086,0
2,739,0.6075044064612072,0
2,740,0.6145588891427031,0
2,741,0.6064589016233026,0
2,742,0.6089168329310443,0
2,743,0.6877319981529515,0
2,744,0.7064100553463875,0
2,745,0.5815473952836684,0
2,746,0.6322195176686088,0
2,747,0.6124302762224305,0
2,748,0.6262925181137485,0
2,749,0.7293726407021319,1
2,750,0.6380655162281795,0
2,751,0.4936492198456128,0
2,752,0.560003907632023,0
2,753,0.6739355826728423,0
2,754,0.5030750183469985,0
2,755,0.6479768316925051,0
2,756,0.5222608186101009,0
2,757,0.5857422656278405,0
2,758,0.5956528189318293,0
2,759,0.7019232705555815,0
2,760,0.3844452828841534,1
2,761,0.5107867295632418,0
2,762,0.6719604288219224,0
2,763,0.4832179484267518,0
2,764,0.4840738442946575,0
2,765,0.6143424824336868,0
2,766,0.7049777397069886,0
2,767,0.6454125752018471,0
2,768,0.5564290687767955,0
2,769,0.6411826186122076,0
2,770,0.7122290482190857,0
2,771,0.5195613644543835,0
2,772,0.5673653407621384,0
2,773,0.5062816569340317,0
2,774,0.4537474206572842,0
2,775,0.6457775502456872,0
2,776,0.6027815228642973,0
2,777,0.4021710083554786,1
2,778,0.5565483259911086,0
2,779,0.2793729776074173,1
2,780,0.6756407622398207,0
2,781,0.6427783038696655,0
2,782,0.5378941874355639,0
2,783,0.5565073410481124,0
2,784,0.4712337920205846,0
2,785,0.4688650694553191,0
2,786,0.655084517049361,0
2,787,0.5208228459198064,0
2,788,0.493324649712989,0
2,789,0.4476022928932872,0
2,790,0.3930348372052901,1
2,791,0.5794810743387424,0
2,792,0.5075007684864109,0
2,793,0.4488602835186589,0
2,794,0.4444275291812704,0
2,795,0.592067366322872,0
2,796,0.6538869451877576,0
2,797,0.6300689053376182,0
2,798,0.5184102614814889,0
2,799,0.5121366121775455,0
2,800,0.6995279809266927,0
2,801,0.5908498733159124,0
2,802,0.5795200967768034,0
2,803,0.5221611502804893,0
2,804,0.5432956306013106,0
2,805,0.6130147006914578,0
2,806,0.471855699434552,0
2,807,0.4217927756668114,1
2,808,0.6337686956094777,0
2,809,0.6172631185511266,0
2,810,0.5111401960329818,0
2,811,0.5765990393163429,0
2,812,0.5364506504580769,0
2,813,0.4011364286800487,1
2,814,0.5459617227088898,0
2,815,0.5850773882622179,0
2,816,0.5335596723567787,0
2,817,0.7656162987939392,1
2,818,0.6709137885321187,0
2,819,0.5688659577623412,0
2,820,0.6388064278470772,0
2,821,0.6658303722159524,0
2,822,0.6492191456597579,0
2,823,0.6437253577775222,0
2,824,0.611689836554079,0
2,825,0.574737576710948,0
2,826,0.5880870911445714,0
2,827,0.6306693948662558,0
2,828,0.6526899537096648,0
2,829,0.5677594729771503,0
2,830,0.55354794887148,0
2,831,0.600710589880135,0
2,832,0.7316780269584039,1
2,833,0.6888311733043306,0
2,834,0.5846319473326091,0
2,835,0.5086619172859929,0
2,836,0.5119265186258232,0
2,837,0.6975880257810712,0
2,838,0.3879280031380584,1
2,839,0.4345037234715329,0
2,840,0.5862444753879543,0
2,841,0.6245400213045871,0
2,842,0.6464886051631807,0
2,843,0.6104879742305356,0
2,844,0.4243158303643671,1
2,845,0.4786976694719735,0
2,846,0.5095910180921128,0
2,847,0.5956029834992551,0
2,848,0.4335948132917857,0
2,849,0.6021469224245428,0
2,850,0.6940609559839491,0
2,851,0.6822649751013116,0
2,852,0.7106800025961142,0
2,853,0.5348633243888551,0
2,854,0.4990877715628624,0
2,855,0.6394375573618163,0
2,856,0.5666107972128307,0
2,857,0.5312482757260303,0
2,858,0.6236504712169244,0
2,859,0.6115711888281701,0
2,860,0.6371123109862825,0
2,861,0.5033728070736216,0
2,862,0.5640937933412175,0
2,863,0.5550657313490902,0
2,864,0.6527481436292856,0
2,865,0.5982457482625664,0
2,866,0.7202908351893553,1
2,867,0.515102329162399,0
2,868,0.6267793714192325,0
2,869,0.5429984644874032,0
2,870,0.6177985457080728,0
2,871,0.6868530166012081,0
2,872,0.622645579798578,0
2,873,0.3963376466540868,1
2,874,0.6365878835225198,0
2,875,0.6845896484606381,0
2,876,0.5824438982401586,0
2,877,0.5992057705722754,0
2,878,0.6060145986691726,0
2,879,0.4847481299232766,0
2,880,0.6152179767342199,0
2,881,0.5918334373929127,0
2,882,0.5475680087568425,0
2,883,0.4298617964434005,0
2,884,0.5179123276155794,0
2,885,0.5017731665726486,0
2,886,0.6215125038417239,0
2,887,0.6009447188993315,0
2,888,0.5311467225836318,0
2,889,0.5877521678017373,0
2,890,0.6603381797442178,0
2,891,0.5628182540249247,0
2,892,0.5176688744980722,0
2,893,0.586421501613867,0
2,894,0.6492188828629037,0
2,895,0.6463670073635355,0
2,896,0.5147921189597822,0
2,897,0.527482634931181,0
2,898,0.6411362939459659,0
2,899,0.4611978227683065,0
2,900,0.5631136642920537,0
2,901,0.4830160574026447,0
2,902,0.659265764712437,0
2,903,0.5837121858870911,0
2,904,0.6131596513093077,0
2,905,0.569829702336177,0
2,906,0.4967577181891136,0
2,907,0.412603264887087,1
2,908,0.5643593950645203,0
2,909,0.634162101446483,0
2,910,0.5027948021338133,0
2,911,0.3917871012457514,1
2,912,0.461138599076156,0
2,913,0.5203028514127291,0
2,914,0.6388894701690119,0
2,915,0.4101877500834431,1
2,916,0.7179809151611725,1
2,917,0.5740664362527385,0
2,918,0.6337895487145415,0
2,919,0.4885133574750989,0
2,920,0.5661962553033476,0
2,921,0.6896574096934198,0
2,922,0.6755186473079056,0
2,923,0.6586099404410883,0
2,924,0.6848702114995352,0
2,925,0.5340901606712828,0
2,926,0.5517004821662141,0
2,927,0.5557019948976648,0
2,928,0.4347343084970061,0
2,929,0.74682939056896,1
2,930,0.4777408952498388,0
2,931,0.5787800614376516,0
2,932,0.3745168347940762,1
2,933,0.5317856262495316,0
2,934,0.5900600697657049,0
2,935,0.6095663710670707,0
2,936,0.6368177216367948,0
2,937,0.6745208519113236,0
2,938,0.5801892699688539,0
2,939,0.6013452507294981,0
2,940,0.6122210286544263,0
2,941,0.6573523697658386,0
2,942,0.6230792333771636,0
2,943,0.5707270964075183,0
2,944,0.6718366556167169,0
2,945,0.6322540356273885,0
2,946,0.7139831862149659,0
2,947,0.7386070822559709,1
2,948,0.6930579485178756,0
2,949,0.5603274963885092,0
2,950,0.4575165081654759,0
2,951,0.5243858005936226,0
2,952,0.5783817269149829,0
2,953,0.6450058838902566,0
2,954,0.5831451616376028,0
2,955,0.5182332196632171,0
2,956,0.572659448917732,0
2,957,0.6914423422657882,0
2,958,0.5118819913250103,0
2,959,0.5265764679483691,0
2,960,0.5053542796687959,0
2,961,0.6668277735052545,0
2,962,0.6672688331523714,0
2,963,0.5256360753368267,0
2,964,0.5419657906315547,0
2,965,0.4062165872092734,1
2,966,0.5819861433327203,0
2,967,0.5396856619649023,0
2,968,0.4680445010530735,0
2,969,0.4167158716223501,1
2,970,0.4178000820294761,1
2,971,0.4743260249448346,0
2,972,0.5342779309577846,0
2,973,0.6303199440011386,0
2,974,0.4120109481667274,1
2,975,0.4924150770219325,0
2,976,0.6181122998091576,0
2,977,0.6485024504741672,0
2,978,0.4682694632952887,0
2,979,0.4856583019159862,0
2,980,0.5777816807002786,0
2,981,0.5038548065497462,0
2,982,0.5816693423513176,0
2,983,0.561212759831733,0
2,984,0.6415230164279787,0
2,985,0.6046496757154146,0
2,986,0.368198253807712,1
2,987,0.5313459026046007,0
2,988,0.5646713880194628,0
2,989,0.3850864574539569,1
2,990,0.7406651000122044,1
2,991,0.5785145050892058,0
2,992,0.5711819067983731,0
2,993,0.3418212085542331,1
2,994,0.4939569378049178,0
2,995,0.5067813401667013,0
2,996,0.7435544053895762,1
2,997,0.6081774408017752,0
2,998,0.616989090882466,0
2,999,0.6408791943602437,0
2,1000,0.6861309100108475,0
3,1,0.536635238716996,0
3,2,0.6091641336389935,0
3,3,0.6469478398224319,0
3,4,0.7918564595974025,1
3,5,0.650117952756607,0
3,6,0.6166971917281181,0
3,7,0.6514179429058637,0
3,8,0.4944427774608079,0
3,9,0.4988115152302811,0
3,10,0.4929894624021141,0
3,11,0.5656732026584974,0
3,12,0.6514786396367631,0
3,13,0.5971101924544584,0
3,14,0.620322023876138,0
3,15,0.5359033978785644,0
3,16,0.6095208021443276,0
3,17,0.5916152849458659,0
3,18,0.514836234228468,0
3,19,0.4357465337418678,0
3,20,0.6508400162181048,0
3,21,0.7197191793409558,1
3,22,0.48068458480593,0
3,23,0.6859021158098063,0
3,24,0.6538545339198535,0
3,25,0.6712691170933932,0
3,26,0.6055497956533927,0
3,27,0.463440087429353,0
3,28,0.5294977125381474,0
3,29,0.6664800455118817,0
3,30,0.655519981899056,0
3,31,0.5589483747949339,0
3,32,0.5504409211971224,0
3,33,0.4327980081218773,0
3,34,0.6305019572938151,0
3,35,0.5849542465390167,0
3,36,0.5581160455914963,0
3,37,0.4663423980965533,0
3,38,0.6995633882502845,0
3,39,0.3835518859385707,1
3,40,0.5092147891636161,0
3,41,0.5159205165362344,0
3,42,0.5082811111888067,0
3,43,0.632911678517983,0
3,44,0.6050701399337872,0
3,45,0.6445082319914528,0
3,46,0.6887271419246613,0
3,47,0.696524201202591,0
3,48,0.6152013981290098,0
3,49,0.5199150708654962,0
3,50,0.5760384502071152,0
3,51,0.5198599279902263,0
3,52,0.6482092055439943,0
3,53,0.5811452508062319,0
3,54,0.5677231065018441,0
3,55,0.6055495338336563,0
3,56,0.6321039957989912,0
3,57,0.6151875538383107,0
3,58,0.5439816658171411,0
3,59,0.6429455256548534,0
3,60,0.5709560874040898,0
3,61,0.6147678260381289,0
3,62,0.5471149394983938,0
3,63,0.6021140336490012,0
3,64,0.6029472999025299,0
3,65,0.4939263364649671,0
3,66,0.7186140662131829,1
3,67,0.6801036402566903,0
3,68,0.6133647118211536,0
3,69,0.5766161814326932,0
3,70,0.6667819694508142,0
3,71,0.6118186320985064,0
3,72,0.5471930205470797,0
3,73,0.604177609873352,0
3,74,0.5175581466056945,0
3,75,0.54742103474391,0
3,76,0.5506649766294262,0
3,77,0.6891999404599838,0
3,78,0.5974005091105309,0
3,79,0.616408366113073,0
3,80,0.6435445884856763,0
3,81,0.4998541103214584,0
3,82,0.4988967712263283,0
3,83,0.6108760389965886,0
3,84,0.5743271998338285,0
3,85,0.5821562060528749,0
3,86,0.4501526580355023,0
3,87,0.4818236595481818,0
3,88,0.3872332283026433,1
3,89,0.4762687244006788,0
3,90,0.5813816501640339,0
3,91,0.4019981295679311,1
3,92,0.5838300012278628,0
3,93,0.5255247922046558,0
3,94,0.5744621235214069,0
3,95,0.7029561350152596,0
3,96,0.6367409336198789,0
3,97,0.5357484933162674,0
3,98,0.561442368568442,0
3,99,0.534988993137709,0
3,100,0.5446909640095144,0
3,101,0.5968003502493301,0
3,102,0.7217015476597954,1
3,103,0.5388704811745355,0
3,104,0.6192067020051779,0
3,105,0.5714452046186168,0
3,106,0.5627158044264596,0
3,107,0.6935673148821554,0
3,108,0.5877898204887234,0
3,109,0.6347410849945151,0
3,110,0.4366911304175093,0
3,111,0.6357932253154416,0
3,112,0.56257290366983,0
3,113,0.679417561088192,0
3,114,0.6060697298156693,0
3,115,0.4840119629839616,0
3,116,0.6863303825582062,0
3,117,0.5741573457364246,0
3,118,0.4839293910483797,0
3,119,0.3613135759321559,1
3,120,0.654753624816147,0
3,121,0.5476916232782316,0
3,122,0.4711412215342817,0
3,123,0.4754122528051185,0
3,124,0.6696953222066738,0
3,125,0.5923139532808178,0
3,126,0.3412396381465424,1
3,127,0.5394892416618635,0
3,128,0.6820360891837868,0
3,129,0.6495039172660179,0
3,130,0.6566086951758012,0
3,131,0.4661742156216641,0
3,132,0.613174590004915,0
3,133,0.6778232530473159,0
3,134,0.6110984982622355,0
3,135,0.6443533340437793,0
3,136,0.7451355295169971,1
3,137,0.7247077681278257,1
3,138,0.6590263134132985,0
3,139,0.4938905487178064,0
3,140,0.421960820212628,1
3,141,0.5235226687364793,0
3,142,0.6231457611578051,0
3,143,0.582845003581772,0
3,144,0.7056335995184341,0
3,145,0.6631924679722471,0
3,146,0.6745805621183629,0
3,147,0.6258941835910797,0
3,148,0.5558040009967085,0
3,149,0.6713329896282162,0
3,150,0.6147456977598897,0
3,151,0.6924676519146071,0
3,152,0.5248721227031513,0
3,153,0.6054150128863566,0
3,154,0.7632928295788358,1
3,155,0.678880308878829,0
3,156,0.6559830866499934,0
3,157,0.5582317840725386,0
3,158,0.6196759722561332,0
3,159,0.5551913865436974,0
3,160,0.602615304839813,0
3,161,0.5667957934452522,0
3,162,0.638346472100168,0
3,163,0.7589454087631892,1
3,164,0.5173810750078309,0
3,165,0.4455688075978325,0
3,166,0.5707659118231571,0
3,167,0.6387481961336993,0
3,168,0.725694661748122,1
3,169,0.6594045742199549,0
3,170,0.6070305151687964,0
3,171,0.5438815313127309,0
3,172,0.4743444140507177,0
3,173,0.5139288973301115,0
3,174,0.5846279779050026,0
3,175,0.7082738152453694,0
3,176,0.7087466237195029,0
3,177,0.6240971559092285,0
3,178,0.5696847565033825,0
3,179,0.4583796215896742,0
3,180,0.6465131908543587,0
3,181,0.6065879118037444,0
3,182,0.5091604247886905,0
3,183,0.5364329439530597,0
3,184,0.6051069777174292,0
3,185,0.5744378388628852,0
3,186,0.532529610332084,0
3,187,0.4966682851710163,0
3,188,0.4866903425468016,0
3,189,0.5661681843961976,0
3,190,0.616359900436299,0
3,191,0.5906068375926419,0
3,192,0.6354356379134298,0
3,193,0.4084384211173843,1
3,194,0.5735207154004832,0
3,195,0.5610385387093111,0
3,196,0.5547306913415165,0
3,197,0.6302393831927237,0
3,198,0.5946347224850986,0
3,199,0.604415472860273,0
3,200,0.4637790075385138,0
3,201,0.5703021629646717,0
3,202,0.5212868493040004,0
3,203,0.4543350812175252,0
3,204,0.653058842066203,0
3,205,0.6527120810430787,0
3,206,0.5699989995057293,0
3,207,0.6787040598460099,0
3,208,0.6595675346004669,0
3,209,0.6902990300911621,0
3,210,0.4771418767103388,0
3,211,0.5801848310779775,0
3,212,0.5484819226461609,0
3,213,0.6330543964571759,0
3,214,0.7116107559418261,0
3,215,0.6780675343372756,0
3,216,0.624933491724407,0
3,217,0.626469555679379,0
3,218,0.6642148699335128,0
3,219,0.6269831854015822,0
3,220,0.5972557374406849,0
3,221,0.5372524673666306,0
3,222,0.5805601702665127,0
3,223,0.5697998152310039,0
3,224,0.4875978926466069,0
3,225,0.6156923938716198,0
3,226,0.5556577317255036,0
3,227,0.5871480319046054,0
3,228,0.6611571008989199,0
3,229,0.6242875152806782,0
3,230,0.5470756272362852,0
3,231,0.6380689030238804,0
3,232,0.6507350255277405,0
3,233,0.6414018389543307,0
3,234,0.6028756839907464,0
3,235,0.6315448679944781,0
3,236,0.6622932164112952,0
3,237,0.5748828143589635,0
3,238,0.6272889411650979,0
3,239,0.6330863346948206,0
3,240,0.4827253600939465,0
3,241,0.5643716577778592,0
3,242,0.7469302667194441,1
3,243,0.5080756836639536,0
3,244,0.5001318945042894,0
3,245,0.5990764473128668,0
3,246,0.6789131240511277,0
3,247,0.7050432245669406,0
3,248,0.6072075565148172,0
3,249,0.7196251372866975,1
3,250,0.496070796145013,0
3,251,0.5929683904433304,0
3,252,0.6502203582748186,0
3,253,0.4698576991834602,0
3,254,0.5577414854588927,0
3,255,0.566146053755366,0
3,256,0.5281364653482802,0
3,257,0.5921495567325592,0
3,258,0.6215125409294865,0
3,259,0.6748682297354709,0
3,260,0.5313345557271747,0
3,261,0.5534091174927485,0
3,262,0.6305692891205887,0
3,263,0.5749196410342748,0
3,264,0.3987073173117488,1
3,265,0.4560487690642779,0
3,266,0.5851966305492582,0
3,267,0.5984312312226419,0
3,268,0.543814048380289,0
3,269,0.6057653554745768,0
3,270,0.5500087412471447,0
3,271,0.6124785644792505,0
3,272,0.5834992670148923,0
3,273,0.6228270954801101,0
3,274,0.6448062236204548,0
3,275,0.5551178778670932,0
3,276,0.6413407111923446,0
3,277,0.6267042347453571,0
3,278,0.5359613816093776,0
3,279,0.5791836077291763,0
3,280,0.58048138828532,0
3,281,0.5860953760018375,0
3,282,0.6382731843337918,0
3,283,0.6730525651359156,0
3,284,0.4994794964125205,0
3,285,0.5240202540532967,0
3,286,0.5268093944378798,0
3,287,0.6890298551868995,0
3,288,0.4974189056995712,0
3,289,0.5586795590385832,0
3,290,0.4649281581715137,0
3,291,0.6549504740501926,0
3,292,0.5178459673509571,0
3,293,0.6807675878391082,0
3,294,0.5677273363521801,0
3,295,0.7010388220829117,0
3,296,0.5972388561744435,0
3,297,0.5353630672895978,0
3,298,0.5535197683340114,0
3,299,0.521386357231611,0
3,300,0.366112499607623,1
3,301,0.4992483657963495,0
3,302,0.4769799432089877,0
3,303,0.3575678823485056,1
3,304,0.5121592591980167,0
3,305,0.611336822333603,0
3,306,0.6223976916698766,0
3,307,0.5735941981634405,0
3,308,0.5751901842604715,0
3,309,0.5738230095999964,0
3,310,0.5928008169823751,0
3,311,0.7911628062138205,1
3,312,0.6031319779155253,0
3,313,0.6355527574764522,0
3,314,0.7100083437937784,0
3,315,0.5462811679543251,0
3,316,0.5414819525605717,0
3,317,0.7207334102032965,1
3,318,0.6521621323915116,0
3,319,0.6147614520234477,0
3,320,0.5061277558199211,0
3,321,0.5253150214209649,0
3,322,0.641670541669545,0
3,323,0.4743969446264316,0
3,324,0.5096693860547229,0
3,325,0.6046865494070133,0
3,326,0.7152149394347526,0
3,327,0.6578090501820216,0
3,328,0.6010739601592918,0
3,329,0.5170381617499263,0
3,330,0.7015120338523317,0
3,331,0.3763215343542297,1
3,332,0.5635427976370122,0
3,333,0.4490211138452379,0
3,334,0.6289868518513538,0
3,335,0.6158610913417497,0
3,336,0.6402173086189111,0
3,337,0.4164856356156984,1
3,338,0.4775416982122086,0
3,339,0.7321869664920652,1
3,340,0.5789128396118746,0
3,341,0.5157211304246697,0
3,342,0.538095892204101,0
3,343,0.6464443448266756,0
3,344,0.6316835226021918,0
3,345,0.582741276968635,0
3,346,0.6487707129364522,0
3,347,0.7287858533200501,1
3,348,0.4372295727722061,0
3,349,0.438544179762558,0
3,350,0.6403142882207056,0
3,351,0.5751385105861127,0
3,352,0.5003081604719136,0
3,353,0.5097803902820937,0
3,354,0.5135186032600269,0
3,355,0.5961928012802338,0
3,356,0.6652060983010808,0
3,357,0.5797271469102979,0
3,358,0.62442029061979,0
3,359,0.7053822033072653,0
3,360,0.6427043463919863,0
3,361,0.4998442207452275,0
3,362,0.5435002217981856,0
3,363,0.6183304788346208,0
3,364,0.669527481090296,0
3,365,0.6256465769766364,0
3,366,0.669173421079143,0
3,367,0.4347914156588167,0
3,368,0.6355648606136481,0
3,369,0.702587834631706,0
3,370,0.6629277412334108,0
3,371,0.6758274633118573,0
3,372,0.513773611833842,0
3,373,0.7190294963996228,1
3,374,0.5453094759122972,0
3,375,0.6160063875490819,0
3,376,0.6220480295787862,0
3,377,0.6735460537113817,0
3,378,0.6111348215583697,0
3,379,0.5449880160979218,0
3,380,0.5566622522258805,0
3,381,0.7116163649161071,0
3,382,0.4875185066069643,0
3,383,0.3616599720417339,1
3,384,0.5258362438058198,0
3,385,0.569920433332237,0
3,386,0.6665495621703335,0
3,387,0.4833243635902765,0
3,388,0.5592360362704815,0
3,389,0.6030378320217328,0
3,390,0.5974413841769289,0
3,391,0.4713303938715091,0
3,392,0.4805906015998119,0
3,393,0.4441493156471212,0
3,394,0.5647477274363554,0
3,395,0.5919345536481171,0
3,396,0.3765870793625944,1
3,397,0.4859784948270786,0
3,398,0.4424948174918476,0
3,399,0.5200810033010704,0
3,400,0.5827744478801795,0
3,401,0.7178839906151736,1
3,402,0.6415799433420383,0
3,403,0.7450218028773076,1
3,404,0.6036241831594477,0
3,405,0.5801397150259919,0
3,406,0.6193440622549248,0
3,407,0.5833389413933793,0
3,408,0.5640979887587538,0
3,409,0.4722239003240057,0
3,410,0.6011323935596767,0
3,411,0.5955006975091921,0
3,412,0.3478358206655535,1
3,413,0.4939242614960383,0
3,414,0.4229910695743326,1
3,415,0.5250925394988775,0
3,416,0.6332215604337434,0
3,417,0.5352461121599194,0
3,418,0.7304595302331397,1
3,419,0.5790013583946898,0
3,420,0.5254026211849132,0
3,421,0.3989813750680208,1
3,422,0.5338232508991457,0
3,423,0.5162189238429055,0
3,424,0.4272322333341704,0
3,425,0.4089486180168122,1
3,426,0.5426412245933447,0
3,427,0.5836763197035371,0
3,428,0.6462201819672991,0
3,429,0.6452935760775403,0
3,430,0.5805132513240325,0
3,431,0.581954311327187,0
3,432,0.6289567813727778,0
3,433,0.5018886962848296,0
3,434,0.5123805325321557,0
3,435,0.6197195626756135,0
3,436,0.5943092455832638,0
3,437,0.4286865193274196,0
3,438,0.3798008565439107,1
3,439,0.5086631405186213,0
3,440,0.4768201394957023,0
3,441,0.4716624102098238,0
3,442,0.3085825768546267,1
3,443,0.4639048110391332,0
3,444,0.4501083995891317,0
3,445,0.4893884094487282,0
3,446,0.5794491867621434,0
3,447,0.5432187098537727,0
3,448,0.6209104286510702,0
3,449,0.5120920933651457,0
3,450,0.6676435572933153,0
3,451,0.5905147396404657,0
3,452,0.6513711515980646,0
3,453,0.4686906081590967,0
3,454,0.5349654176940976,0
3,455,0.5925700389083606,0
3,456,0.5511061742068699,0
3,457,0.4441777736834572,0
3,458,0.457172173666855,0
3,459,0.4554636715999758,0
3,460,0.6352928726336254,0
3,461,0.6224994330851575,0
3,462,0.588899868776644,0
3,463,0.5858836937585772,0
3,464,0.6040079145400039,0
3,465,0.5675645250368638,0
3,466,0.6138154541067482,0
3,467,0.4917102084045018,0
3,468,0.5691908212389505,0
3,469,0.518532004465197,0
3,470,0.5443042280661583,0
3,471,0.5105307791418238,0
3,472,0.5788698161441846,0
3,473,0.5190632551875355,0
3,474,0.5633855220790767,0
3,475,0.6619680283782913,0
3,476,0.6735615481371033,0
3,477,0.6408285207971518,0
3,478,0.4727504783878695,0
3,479,0.7025507058125604,0
3,480,0.5226699320070767,0
3,481,0.676075691590022,0
3,482,0.6532849780786527,0
3,483,0.4181013794324569,1
3,484,0.5864436298921061,0
3,485,0.681270264982842,0
3,486,0.7327466460011374,1
3,487,0.5423976431074296,0
3,488,0.5357713733954269,0
3,489,0.6669620837616271,0
3,490,0.6917963106246009,0
3,491,0.5458732039260745,0
3,492,0.7333910556020158,1
3,493,0.61040855522503,0
3,494,0.489031213705438,0
3,495,0.5759081329892481,0
3,496,0.4164235792443194,1
3,497,0.3747277689789338,1
3,498,0.5743738530929311,0
3,499,0.5998661738959461,0
3,500,0.6904834080004133,0
3,501,0.6743968677886959,0
3,502,0.6542178444289476,0
3,503,0.5002028416661541,0
3,504,0.62902790241188,0
3,505,0.5912959655411983,0
3,506,0.6778623646123049,0
3,507,0.5449752364720696,0
3,508,0.597132324040539,0
3,509,0.667194559792697,0
3,510,0.5333357621183134,0
3,511,0.4951192395480448,0
3,512,0.3022224851500865,1
3,513,0.560322096400297,0
3,514,0.6021747370292984,0
3,515,0.7805089041009216,1
3,516,0.4574527079494783,0
3,517,0.6076814440268377,0
3,518,0.6149531154032268,0
3,519,0.4774210891897372,0
3,520,0.5539608439977745,0
3,521,0.674926896260379,0
3,522,0.5340573037108427,0
3,523,0.3777820319002357,1
3,524,0.4457584605620026,0
3,525,0.6763489578699322,0
3,526,0.6069350356273682,0
3,527,0.6653213783461427,0
3,528,0.6546464864411493,0
3,529,0.6765530780834708,0
3,530,0.5895507309543904,0
3,531,0.4670606304279358,0
3,532,0.5151012781853366,0
3,533,0.4161355160884214,1
3,534,0.719170850982672,1
3,535,0.5582012239092645,0
3,536,0.5423692674587585,0
3,537,0.6101729990606655,0
3,538,0.5632849564099327,0
3,539,0.6015922164503168,0
3,540,0.4777068328369888,0
3,541,0.5420321754662719,0
3,542,0.5941696425254762,0
3,543,0.7112193473020334,0
3,544,0.5928039176863135,0
3,545,0.6688207797683943,0
3,546,0.542264009213169,0
3,547,0.4092613803134014,1
3,548,0.4721087857188665,0
3,549,0.5511179418078793,0
3,550,0.6130106518100006,0
3,551,0.5402320162273287,0
3,552,0.4168128185814089,1
3,553,0.6289299241111402,0
3,554,0.620919389813709,0
3,555,0.5836679283856969,0
3,556,0.5304422240658379,0
3,557,0.4863470439278642,0
3,558,0.5085399956705713,0
3,559,0.5848118262431867,0
3,560,0.5939105603022643,0
3,561,0.5225821712165364,0
3,562,0.505009877609829,0
3,563,0.5155664187211787,0
3,564,0.5847369127955928,0
3,565,0.6272930143732253,0
3,566,0.5932464738025406,0
3,567,0.7290251286167332,1
3,568,0.5412567026372889,0
3,569,0.4152416101864378,1
3,570,0.4880418829000142,0
3,571,0.5241980710260451,0
3,572,0.6053118068258627,0
3,573,0.402551419219946,1
3,574,0.577398219878566,0
3,575,0.6701886896925837,0
3,576,0.4393877623734498,0
3,577,0.5609380543945068,0
3,578,0.5336790805610347,0
3,579,0.5087733732729343,0
3,580,0.5260994792487707,0
3,581,0.3567092864417908,1
3,582,0.536622204403744,0
3,583,0.5757015781347548,0
3,584,0.5712551086578442,0
3,585,0.4703062484478824,0
3,586,0.660865196514844,0
3,587,0.561992988653969,0
3,588,0.5865120834427034,0
3,589,0.556558571767307,0
3,590,0.5422323557095621,0
3,591,0.628310332320446,0
3,592,0.5463169995702043,0
3,593,0.5479767976325783,0
3,594,0.5074994004141284,0
3,595,0.4933235895483905,0
3,596,0.3695926926408882,1
3,597,0.5900975535377116,0
3,598,0.4879025269199478,0
3,599,0.4957350276491031,0
3,600,0.6865956633931081,0
3,601,0.6272743838124679,0
3,602,0.5295542580378803,0
3,603,0.4794606721387516,0
3,604,0.5389474961732635,0
3,605,0.5785366347849096,0
3,606,0.4694351533210392,0
3,607,0.643974144981099,0
3,608,0.627212655722977,0
3,609,0.6116677035498979,0
3,610,0.6127631985281594,0
3,611,0.5688837596042341,0
3,612,0.5990612287752322,0
3,613,0.5045128026556389,0
3,614,0.5982644576430082,0
3,615,0.6307444429267448,0
3,616,0.6540863407058578,0
3,617,0.5292326179452729,0
3,618,0.400302546620087,1
3,619,0.4875731744418554,0
3,620,0.6576162609077846,0
3,621,0.7741628810992199,1
3,622,0.4772860484668701,0
3,623,0.625252791760053,0
3,624,0.4588984373811414,0
3,625,0.3745181666917077,1
3,626,0.5808035917215512,0
3,627,0.5099352849227732,0
3,628,0.5128116686537056,0
3,629,0.3497155812074332,1
3,630,0.676069897534295,0
3,631,0.4538026777397387,0
3,632,0.5737933781844093,0
3,633,0.4815303310083062,0
3,634,0.5326636344232281,0
3,635,0.517845887952223,0
3,636,0.5663413718171281,0
3,637,0.5155551876118616,0
3,638,0.6740827753407038,0
3,639,0.8093687531620861,1
3,640,0.4924499218793237,0
3,641,0.4376742463298506,0
3,642,0.6640094708983031,0
3,643,0.6770666022159694,0
3,644,0.6800158100658685,0
3,645,0.7142359288407205,0
3,646,0.6211319033158222,0
3,647,0.521884613783136,0
3,648,0.4104970900874332,1
3,649,0.5616996547255061,0
3,650,0.5558758263842002,0
3,651,0.5664075028419889,0
3,652,0.5368328252523473,0
3,653,0.5720648493296896,0
3,654,0.6332953356962315,0
3,655,0.4082083874189621,1
3,656,0.588359223533474,0
3,657,0.4333050700610387,0
3,658,0.462457245554666,0
3,659,0.5875212912406597,0
3,660,0.5625248533704881,0
3,661,0.446555492358617,0
3,662,0.4769237340142784,0
3,663,0.4931581326339027,0
3,664,0.4281812575840209,0
3,665,0.5628106287327683,0
3,666,0.559466130009987,0
3,667,0.5989682353754255,0
3,668,0.4121170539246315,1
3,669,0.5167505243798503,0
3,670,0.4749650647857999,0
3,671,0.5973783798873455,0
3,672,0.7584877854379942,1
3,673,0.5608633402477292,0
3,674,0.4350427820012371,0
3,675,0.5532557049111755,0
3,676,0.5217962495287319,0
3,677,0.603207283450097,0
3,678,0.4187649285303118,1
3,679,0.5091600387534407,0
3,680,0.4748949792889023,0
3,681,0.6003926955259304,0
3,682,0.6102133293348233,0
3,683,0.6872379372711168,0
3,684,0.5084832272151829,0
3,685,0.5551099879055683,0
3,686,0.6084651207031841,0
3,687,0.7142496862490575,0
3,688,0.6145203035706956,0
3,689,0.466246123959899,0
3,690,0.4374470358491286,0
3,691,0.5911158097259039,0
3,692,0.7360872447016351,1
3,693,0.6290950739537887,0
3,694,0.5931011742883203,0
3,695,0.3680840891257746,1
3,696,0.5149907412866922,0
3,697,0.6547233468739617,0
3,698,0.6742342430721153,0
3,699,0.6844406142244203,0
3,700,0.451214860748397,0
3,701,0.6726243338695004,0
3,702,0.6060789179339345,0
3,703,0.6167846432585333,0
3,704,0.6022925783670298,0
3,705,0.6587648450033855,0
3,706,0.6452772970160099,0
3,707,0.6139269514650438,0
3,708,0.5482606445880474,0
3,709,0.5746295384528507,0
3,710,0.5641344065431497,0
3,711,0.5233782575556811,0
3,712,0.6498831499680149,0
3,713,0.5994305375661733,0
3,714,0.457629749295499,0
3,715,0.5969297751521964,0
3,716,0.4963616463861846,0
3,717,0.5879004736928817,0
3,718,0.5307472888763881,0
3,719,0.6686044962994482,0
3,720,0.6919072686521838,0
3,721,0.6739267635111222,0
3,722,0.5772730150524112,0
3,723,0.6290508088908874,0
3,724,0.6379020998811722,0
3,725,0.6358520384759323,0
3,726,0.5580394344190033,0
3,727,0.5799192293546747,0
3,728,0.5471007848103295,0
3,729,0.6794777979048322,0
3,730,0.643153073008276,0
3,731,0.51936187903725,0
3,732,0.5674596701408113,0
3,733,0.4704208468551702,0
3,734,0.4607033885009777,0
3,735,0.6234739962369203,0
3,736,0.4777867665604938,0
3,737,0.577690997505253,0
3,738,0.5710026012535648,0
3,739,0.6101508688924129,0
3,740,0.6775534139438192,0
3,741,0.6302671918340255,0
3,742,0.5948335192210353,0
3,743,0.6603078226541561,0
3,744,0.6741070551424245,0
3,745,0.6078059276752706,0
3,746,0.6085300908720455,0
3,747,0.6679927310716582,0
3,748,0.4867671479925413,0
3,749,0.390467573219941,1
3,750,0.6809509635343708,0
3,751,0.4860123770472472,0
3,752,0.5642669187108551,0
3,753,0.5394440735882136,0
3,754,0.503229919601878,0
3,755,0.6638607872414711,0
3,756,0.5499111961548634,0
3,757,0.5420985603009891,0
3,758,0.5055313096743724,0
3,759,0.6420572814984792,0
3,760,0.6810477118700347,0
3,761,0.5352609223251134,0
3,762,0.5151791879200674,0
3,763,0.5532866519868535,0
3,764,0.5471149394983938,0
3,765,0.5665140233782714,0
3,766,0.6072091192695083,0
3,767,0.5891749575332506,0
3,768,0.5927850615730862,0
3,769,0.5551336928265957,0
3,770,0.4731670501482209,0
3,771,0.5047687298377758,0
3,772,0.6901958362755743,0
3,773,0.6260624598660317,0
3,774,0.4937862845925005,0
3,775,0.5083729730365323,0
3,776,0.7557954973724904,1
3,777,0.6351037137398436,0
3,778,0.5666025308224582,0
3,779,0.5480991554794261,0
3,780,0.5042460572602809,0
3,781,0.5825088461568767,0
3,782,0.7227558616866904,1
3,783,0.5443440229594367,0
3,784,0.5923614163984844,0
3,785,0.6449399781110655,0
3,786,0.5097466560735323,0
3,787,0.3958975417663474,1
3,788,0.4944492935785562,0
3,789,0.7072710571484746,0
3,790,0.6581392513867262,0
3,791,0.5196606747077608,0
3,792,0.5712826314984037,0
3,793,0.6202821258841377,0
3,794,0.6217205253911826,0
3,795,0.4163172657620762,1
3,796,0.5961800723173014,0
3,797,0.5682870153548697,0
3,798,0.508340400685191,0
3,799,0.5774722120900415,0
3,800,0.6556143649213071,0
3,801,0.5263439217198196,0
3,802,0.7347686578757605,1
3,803,0.4510378269629145,0
3,804,0.656610201227979,0
3,805,0.637244934634191,0
3,806,0.4509050516238027,0
3,807,0.7022487685625125,0
3,808,0.6439436358141318,0
3,809,0.6841169786877178,0
3,810,0.6029843168130681,0
3,811,0.56878526385732,0
3,812,0.5351952627366346,0
3,813,0.5165734182924616,0
3,814,0.5399867048688589,0
3,815,0.5664216564252768,0
3,816,0.7128984279288734,0
3,817,0.6983039801250078,0
3,818,0.7047192770799903,0
3,819,0.6113306165275294,0
3,820,0.460489470155261,0
3,821,0.5333591850558935,0
3,822,0.5538517208578004,0
3,823,0.5788418645602784,0
3,824,0.6169358744640113,0
3,825,0.5025995836442309,0
3,826,0.533970131223294,0
3,827,0.6328084408024585,0
3,828,0.5787507475951899,0
3,829,0.5568511846060714,0
3,830,0.6355970206486135,0
3,831,0.592468864458586,0
3,832,0.4258208103594003,1
3,833,0.5955859128093358,0
3,834,0.5735894649631412,0
3,835,0.5499997130476046,0
3,836,0.4633463616869641,0
3,837,0.5839169583431839,0
3,838,0.6521564117931026,0
3,839,0.5277381223197334,0
3,840,0.5345549140535435,0
3,841,0.650511125887793,0
3,842,0.5588106143848627,0
3,843,0.7238556733742676,1
3,844,0.6316171320974341,0
3,845,0.5099444163333929,0
3,846,0.5239648051792948,0
3,847,0.6557692727912339,0
3,848,0.6492578101053473,0
3,849,0.6255973258987477,0
3,850,0.638302061498148,0
3,851,0.493902132272853,0
3,852,0.6556983767574918,0
3,853,0.557113427549223,0
3,854,0.5051670218392259,0
3,855,0.5589416595558983,0
3,856,0.7173613365984545,1
3,857,0.704940559862381,0
3,858,0.5740123041359183,0
3,859,0.5671381940075145,0
3,860,0.5605673218734095,0
3,861,0.7322090942978765,1
3,862,0.6777678807210027,0
3,863,0.3926334451376151,1
3,864,0.6928513076523761,0
3,865,0.5334610612536304,0
3,866,0.4983556816345428,0
3,867,0.7262481943966924,1
3,868,0.5940082654960148,0
3,869,0.3283560531832108,1
3,870,0.5616295472671928,0
3,871,0.663816526904966,0
3,872,0.4354145953940882,0
3,873,0.6251554833555698,0
3,874,0.5432165721114683,0
3,875,0.6275189917291962,0
3,876,0.6822066967228758,0
3,877,0.6797502480468374,0
3,878,0.5859885534964148,0
3,879,0.4673548730828637,0
3,880,0.5134308672943668,0
3,881,0.4926966342700767,0
3,882,0.5747031695739371,0
3,883,0.5866168965246458,0
3,884,0.5204685098573573,0
3,885,0.5502119923565754,0
3,886,0.2613963626838177,1
3,887,0.6273506727115922,0
3,888,0.6462173230766525,0
3,889,0.4767555257357845,0
3,890,0.4623581170644052,0
3,891,0.6755301066726158,0
3,892,0.5974098825685722,0
3,893,0.5278145520183514,0
3,894,0.7183606013954804,1
3,895,0.4400014010149397,0
3,896,0.5619329716749051,0
3,897,0.5413838518147912,0
3,898,0.3650683090893091,1
3,899,0.5418224608175535,0
3,900,0.4870511434230355,0
3,901,0.5191961066424305,0
3,902,0.6570689944478503,0
3,903,0.5270074501580714,0
3,904,0.6366662863051595,0
3,905,0.5817648558257497,0
3,906,0.5340787551902998,0
3,907,0.5090820024829702,0
3,908,0.3255195959927949,1
3,909,0.6541200675895898,0
3,910,0.631280349807235,0
3,911,0.568254185179582,0
3,912,0.6862935986459067,0
3,913,0.6174053268700479,0
3,914,0.6672973324725695,0
3,915,0.4760522149297036,0
3,916,0.5280279299094126,0
3,917,0.5792298111861659,0
3,918,0.4322795855738553,0
3,919,0.6066985626450073,0
3,920,0.6568838610326344,0
3,921,0.3558177753179554,1
3,922,0.6227960261925453,0
3,923,0.5236104989938718,0
3,924,0.611249429798115,0
3,925,0.5789603242385494,0
3,926,0.4806213905978638,0
3,927,0.6509918175155033,0
3,928,0.5618305787931935,0
3,929,0.5501442351969114,0
3,930,0.5461375672034805,0
3,931,0.6542446744166481,0
3,932,0.5638724585717985,0
3,933,0.7179163996825587,1
3,934,0.6146875533841957,0
3,935,0.5717061965848786,0
3,936,0.6400370070053794,0
3,937,0.628806600729354,0
3,938,0.6086772803335095,0
3,939,0.6738801981791336,0
3,940,0.5942516661635677,0
3,941,0.511913989423791,0
3,942,0.5119822405307056,0
3,943,0.6996225820382997,0
3,944,0.5913433511431101,0
3,945,0.5979852300866958,0
3,946,0.5324626083295608,0
3,947,0.6498827737340183,0
3,948,0.5282249860212905,0
3,949,0.5141380322804675,0
3,950,0.5990390962437815,0
3,951,0.5120928771977751,0
3,952,0.5646814602876181,0
3,953,0.6256202665160339,0
3,954,0.485961247179909,0
3,955,0.5538589794583212,0
3,956,0.5132207319460282,0
3,957,0.594697477675283,0
3,958,0.6117271842695711,0
3,959,0.5459034426542069,0
3,960,0.5942171477505414,0
3,961,0.6354556708440282,0
3,962,0.5613962629880375,0
3,963,0.4567535667021894,0
3,964,0.5102334989836091,0
3,965,0.5308930319071746,0
3,966,0.5478035543119804,0
3,967,0.4241156181636688,1
3,968,0.6402720023363762,0
3,969,0.5494126223066456,0
3,970,0.5627341302262767,0
3,971,0.5638281916179146,0
3,972,0.6328023728029792,0
3,973,0.5876164286387773,0
3,974,0.6553452337193322,0
3,975,0.5809504619625407,0
3,976,0.6156218443922539,0
3,977,0.5277155853000012,0
3,978,0.622211856672631,0
3,979,0.7059594226474927,0
3,980,0.4998228776669819,0
3,981,0.5335281212491244,0
3,982,0.3644420468465993,1
3,983,0.6679720740275007,0
3,984,0.6674522502666563,0
3,985,0.6789680607151368,0
3,986,0.5525976945270737,0
3,987,0.6558519131595119,0
3,988,0.4166942219823689,1
3,989,0.5426728519757782,0
3,990,0.6174406398322213,0
3,991,0.3607660028538723,1
3,992,0.518642567888288,0
3,993,0.5953589799170326,0
3,994,0.6436505855678212,0
3,995,0.5056408817216247,0
3,996,0.5238541567007757,0
3,997,0.4638337810771141,0
3,998,0.6689221584454411,0
3,999,0.5836956519348674,0
3,1000,0.4685441634342862,0
4,1,0.6726717069020219,0
4,2,0.6353506880945079,0
4,3,0.6720722874204581,0
4,4,0.4783163552461857,0
4,5,0.5491366733433777,0
4,6,0.5782638630994882,0
4,7,0.5063063247697103,0
4,8,0.7036863526070345,0
4,9,0.6930799397478707,0
4,10,0.7293988629598339,1
4,11,0.5290442668067383,0
4,12,0.6652629122481717,0
4,13,0.7240681826232246,1
4,14,0.6039193957571887,0
4,15,0.6517802230312526,0
4,16,0.6420657014752426,0
4,17,0.6669305283587635,0
4,18,0.6902842492441398,0
4,19,0.5421162772001973,0
4,20,0.3444184282194966,1
4,21,0.5006463204250708,0
4,22,0.6493543249258114,0
4,23,0.6717182274093051,0
4,24,0.525890748447103,0
4,25,0.5410624402731944,0
4,26,0.5012597373871778,0
4,27,0.5200812485777312,0
4,28,0.5518924811575129,0
4,29,0.7010752715212941,0
4,30,0.586727549728804,0
4,31,0.551086855793959,0
4,32,0.7875232942506287,1
4,33,0.6192992679561715,0
4,34,0.4962671533622055,0
4,35,0.3947748015602844,1
4,36,0.444756353875641,0
4,37,0.4057258410337961,1
4,38,0.636317270267578,0
4,39,0.5421986495794034,0
4,40,0.5860924760628393,0
4,41,0.6214416320976757,0
4,42,0.5777995184199374,0
4,43,0.650120566728973,0
4,44,0.6794266550527215,0
4,45,0.4424765591653388,0
4,46,0.5611140855011371,0
4,47,0.5848589349049016,0
4,48,0.6082433590271523,0
4,49,0.483443848967476,0
4,50,0.5387155633804486,0
4,51,0.4885585578897262,0
4,52,0.6758486053024421,0
4,53,0.667904214178917,0
4,54,0.5920894955460574,0
4,55,0.5506172861623546,0
4,56,0.6574894407110945,0
4,57,0.5133092526190387,0
4,58,0.4250371106778307,1
4,59,0.3771846373992918,1
4,60,0.5891779873092653,0
4,61,0.6710400376001101,0
4,62,0.6867428537323141,0
4,63,0.6660485529401432,0
4,64,0.5209116219199474,0
4,65,0.3497966308901378,1
4,66,0.6881598891772218,0
4,67,0.6894506696524446,0
4,68,0.7233688096727103,1
4,69,0.5824355028172866,0
4,70,0.4948180015899474,0
4,71,0.4314589736539213,0
4,72,0.43757047315159,0
4,73,0.6658019379763129,0
4,74,0.6447540899894001,0
4,75,0.6517234366164804,0
4,76,0.4915133162464516,0
4,77,0.5755048664734865,0
4,78,0.6981620844922937,0
4,79,0.4827681086016394,0
4,80,0.5712216380823134,0
4,81,0.5972047204646422,0
4,82,0.604636765092126,0
4,83,0.6073845978608379,0
4,84,0.5952605582221644,0
4,85,0.4387792472073481,0
4,86,0.5424536479414152,0
4,87,0.4044817224801354,1
4,88,0.4745233371540416,0
4,89,0.3833863634876098,1
4,90,0.6416168120625353,0
4,91,0.7098030165338671,0
4,92,0.477293276939943,0
4,93,0.6577609454045774,0
4,94,0.554052424995051,0
4,95,0.5014903192273208,0
4,96,0.6848255632503467,0
4,97,0.6190342795871302,0
4,98,0.5417329418736964,0
4,99,0.6451307606771426,0
4,100,0.6426357363734944,0
4,101,0.4188237735111884,1
4,102,0.4354296569513732,0
4,103,0.5903508110962096,0
4,104,0.6261957123337513,0
4,105,0.4897977679287616,0
4,106,0.6341214799749975,0
4,107,0.4996960491711996,0
4,108,0.6249868660672232,0
4,109,0.4712317460939269,0
4,110,0.5363360805551284,0
4,111,0.4877593239296484,0
4,112,0.4963681432131617,0
4,113,0.6111637496156364,0
4,114,0.5768399571363452,0
4,115,0.6040945435945859,0
4,116,0.5495846268218091,0
4,117,0.3832411532489673,1
4,118,0.5173369432410118,0
4,119,0.6540455199124964,0
4,120,0.5340237673309599,0
4,121,0.4749844151731353,0
4,122,0.6562000813358576,0
4,123,0.5342450784653697,0
4,124,0.6617202918854413,0
4,125,0.6532849780786527,0
4,126,0.7393879470409195,1
4,127,0.6495121777682057,0
4,128,0.5025211300422954,0
4,129,0.3200311970665447,1
4,130,0.6191929249714845,0
4,131,0.3962745119274981,1
4,132,0.3007525463603893,1
4,133,0.5300504714978448,0
4,134,0.6673528400124917,0
4,135,0.7392172628547165,1
4,136,0.6174495853164185,0
4,137,0.6641087387087456,0
4,138,0.5347655144654218,0
4,139,0.6573447879749126,0
4,140,0.5260218676628382,0
4,141,0.5796341234297553,0
4,142,0.6165865456121915,0
4,143,0.6203396299694215,0
4,144,0.7173272737397508,1
4,145,0.4139182146867361,1
4,146,0.5237544543498313,0
4,147,0.5009727870307777,0
4,148,0.5963067804350753,0
4,149,0.5867075376306389,0
4,150,0.7438363625451708,1
4,151,0.6041406927142269,0
4,152,0.6061323653275704,0
4,153,0.6672624667065431,0
4,154,0.5727660254186755,0
4,155,0.6244205696779128,0
4,156,0.5557327851592714,0
4,157,0.4737462083914948,0
4,158,0.5072997533807625,0
4,159,0.3368809079117584,1
4,160,0.4750019313737894,0
4,161,0.4723000919440536,0
4,162,0.6730911490397009,0
4,163,0.6510556476063206,0
4,164,0.7485738360703941,1
4,165,0.6779448956093762,0
4,166,0.5331593742035865,0
4,167,0.6734818976745292,0
4,168,0.5988876190938814,0
4,169,0.514625472376075,0
4,170,0.6509923760868712,0
4,171,0.632179017170964,0
4,172,0.5864782797242237,0
4,173,0.5861964143488443,0
4,174,0.6423396607240229,0
4,175,0.5534873271996601,0
4,176,0.5250609617965911,0
4,177,0.4771074781581844,0
4,178,0.3550640015030526,1
4,179,0.5640397265174033,0
4,180,0.5977733083505152,0
4,181,0.4854487690160659,0
4,182,0.5847432316609781,0
4,183,0.5144256506432147,0
4,184,0.5947199811577542,0
4,185,0.692194751919718,0
4,186,0.5255799578059103,0
4,187,0.3530661741638227,1
4,188,0.5835559930741324,0
4,189,0.4989803787296845,0
4,190,0.4563754365679535,0
4,191,0.454839166434373,0
4,192,0.7659145436666389,1
4,193,0.6050000440576644,0
4,194,0.6434598127691574,0
4,195,0.5000387399244511,0
4,196,0.6703136633760477,0
4,197,0.6245618596738668,0
4,198,0.6346832764533011,0
4,199,0.5025955965862168,0
4,200,0.6893398245625072,0
4,201,0.6794756086393328,0
4,202,0.5895225056565618,0
4,203,0.6283197370277968,0
4,204,0.5684962028418596,0
4,205,0.679964640814909,0
4,206,0.6987153032597202,0
4,207,0.5550807333395391,0
4,208,0.4168260479184308,1
4,209,0.6566161134751665,0
4,210,0.6005813308894192,0
4,211,0.5409478898325569,0
4,212,0.5661017924737027,0
4,213,0.5492667973331189,0
4,214,0.592715406463068,0
4,215,0.583690057136394,0
4,216,0.6946360800301885,0
4,217,0.5867216959818915,0
4,218,0.5724783700842949,0
4,219,0.7915948974466195,1
4,220,0.5749073646894834,0
4,221,0.5162525649966344,0
4,222,0.4247879008786375,1
4,223,0.5467583917542272,0
4,224,0.591431875596874,0
4,225,0.6705271728294393,0
4,226,0.559847217365066,0
4,227,0.5307143623689593,0
4,228,0.5488919417203868,0
4,229,0.7454830591745113,1
4,230,0.4879051127896349,0
4,231,0.6736380576012171,0
4,232,0.5364115927935456,0
4,233,0.520855639993175,0
4,234,0.665471631970817,0
4,235,0.4170297958316831,1
4,236,0.4288910865165787,0
4,237,0.5670976713111271,0
4,238,0.4900175278587692,0
4,239,0.3682538634387182,1
4,240,0.5493371665342702,0
4,241,0.4792614410547104,0
4,242,0.5647840239745845,0
4,243,0.6055440632427237,0
4,244,0.5664316912349212,0
4,245,0.5227698016112887,0
4,246,0.584888549601703,0
4,247,0.5993081551557775,0
4,248,0.5276838148468277,0
4,249,0.6716075836558197,0
4,250,0.7053026013620848,0
4,251,0.5589894078610901,0
4,252,0.5677737153284614,0
4,253,0.5218408265438513,0
4,254,0.4924288891451274,0
4,255,0.3011859208969102,1
4,256,0.4165691788499898,1
4,257,0.4094698608850982,1
4,258,0.5918429297824417,0
4,259,0.4623189597821696,0
4,260,0.5731421900867117,0
4,261,0.5474548523812944,0
4,262,0.6587648450033855,0
4,263,0.7057009273794204,0
4,264,0.4787214851677328,0
4,265,0.76779552763739,1
4,266,0.5644823015313445,0
4,267,0.5052538713750926,0
4,268,0.5355592840523271,0
4,269,0.6229995455430667,0
4,270,0.5794368121118604,0
4,271,0.645154938875958,0
4,272,0.6172409864923761,0
4,273,0.4620315422740433,0
4,274,0.5181114991298527,0
4,275,0.6302286224436092,0
4,276,0.4903019692266493,0
4,277,0.4751725019931278,0
4,278,0.4853028227973349,0
4,279,0.6307983158720879,0
4,280,0.5149581574713207,0
4,281,0.4663379764129744,0
4,282,0.6043583102874496,0
4,283,0.5553494791601628,0
4,284,0.6646971587674195,0
4,285,0.5859375715005422,0
4,286,0.5527894727816757,0
4,287,0.6260186520821459,0
4,288,0.5219069027328902,0
4,289,0.5937017051545244,0
4,290,0.6527605019704616,0
4,291,0.6892885631762473,0
4,292,0.5672605071321436,0
4,293,0.6718055176441542,0
4,294,0.5966192908388545,0
4,295,0.5352261873013988,0
4,296,0.498582881955495,0
4,297,0.5822626374041752,0
4,298,0.6296159007365517,0
4,299,0.4655622911754997,0
4,300,0.5851937654216686,0
4,301,0.4901401643313509,0
4,302,0.6029070689019818,0
4,303,0.6186402747299679,0
4,304,0.6268061402749289,0
4,305,0.6378305998700856,0
4,306,0.7129164637508936,0
4,307,0.7301627713262584,1
4,308,0.4165296860727723,1
4,309,0.6162994607333122,0
4,310,0.5367312684094336,0
4,311,0.6995794360076142,0
4,312,0.7590912709783346,1
4,313,0.5384517257186973,0
4,314,0.6883146231605932,0
4,315,0.5774595489270394,0
4,316,0.5356813596116559,0
4,317,0.5877581107656706,0
4,318,0.4444749382111811,0
4,319,0.6526252561496173,0
4,320,0.4679402625961796,0
4,321,0.6912800430255075,0
4,322,0.672982741630507,0
4,323,0.6941941547678249,0
4,324,0.5041904303948804,0
4,325,0.6217470770567748,0
4,326,0.6889712346513287,0
4,327,0.4655523495299296,0
4,328,0.5350731918549496,0
4,329,0.3825700104275766,1
4,330,0.5949982674481351,0
4,331,0.4349241966683322,0
4,332,0.5923518801819405,0
4,333,0.4600099845952612,0
4,334,0.6004473195194583,0
4,335,0.4880678678353659,0
4,336,0.6435811660253224,0
4,337,0.4884883679708972,0
4,338,0.6398612935612459,0
4,339,0.6237922964256067,0
4,340,0.4259223741210545,1
4,341,0.5598914758114366,0
4,342,0.5713178182434836,0
4,343,0.61787429761257,0
4,344,0.6202599966609524,0
4,345,0.5977988351278665,0
4,346,0.5576921489576743,0
4,347,0.5413230846375305,0
4,348,0.5694491122044923,0
4,349,0.6320338352896376,0
4,350,0.53930158642657,0
4,351,0.5493488973641408,0
4,352,0.5715901913999528,0
4,353,0.4523599587337265,0
4,354,0.5116155970136427,0
4,355,0.5289764913052145,0
4,356,0.4223854109129433,1
4,357,0.5107642832699898,0
4,358,0.6669083991355782,0
4,359,0.56703754577449,0
4,360,0.4745252007123195,0
4,361,0.5368762866365662,0
4,362,0.5240533239621101,0
4,363,0.6830697732847272,0
4,364,0.6072053208431248,0
4,365,0.5978669349763779,0
4,366,0.6187994679307222,0
4,367,0.5815473952836684,0
4,368,0.6211228385325772,0
4,369,0.5602665036947327,0
4,370,0.5893107598134476,0
4,371,0.6533455943861922,0
4,372,0.6107716960051371,0
4,373,0.5508759115815249,0
4,374,0.4974852990398942,0
4,375,0.5999453697768411,0
4,376,0.553956660901828,0
4,377,0.5914381377283389,0
4,378,0.6061728678446086,0
4,379,0.5608107485261515,0
4,380,0.5127434444894716,0
4,381,0.6008969263738093,0
4,382,0.6845975684925015,0
4,383,0.6703826871756713,0
4,384,0.612935223786616,0
4,385,0.4863664521785083,0
4,386,0.52827923594039,0
4,387,0.6435231626173324,0
4,388,0.7130492475958835,0
4,389,0.6223622728635565,0
4,390,0.4746035883452427,0
4,391,0.5877855494335337,0
4,392,0.5221391897518257,0
4,393,0.5062014062639059,0
4,394,0.6529202964562804,0
4,395,0.4845104360455214,0
4,396,0.5052856930187517,0
4,397,0.5462051493616318,0
4,398,0.5529296116142441,0
4,399,0.6881747607332717,0
4,400,0.5606797854699476,0
4,401,0.5047443042485371,0
4,402,0.6537030400135281,0
4,403,0.5090719097859022,0
4,404,0.5878311069805131,0
4,405,0.6100038032809664,0
4,406,0.4811778289413018,0
4,407,0.631477786518177,0
4,408,0.5181778901071341,0
4,409,0.5276045380543916,0
4,410,0.6113248911504211,0
4,411,0.6377046286880986,0
4,412,0.6017249889544992,0
4,413,0.6899007295865577,0
4,414,0.5911695748720008,0
4,415,0.6626073487637135,0
4,416,0.680288975631064,0
4,417,0.2968951091337403,1
4,418,0.2627081633640509,1
4,419,0.559183673689785,0
4,420,0.6401867185073633,0
4,421,0.5626310820074326,0
4,422,0.441130063697354,0
4,423,0.5981663282639199,0
4,424,0.5188306888433064,0
4,425,0.4942119413974473,0
4,426,0.5683327041526333,0
4,427,0.6333371574543635,0
4,428,0.580464578373446,0
4,429,0.6227696407141896,0
4,430,0.6781440373587964,0
4,431,0.5403379467600433,0
4,432,0.6800835924760669,0
4,433,0.5567147543555496,0
4,434,0.5580973054678442,0
4,435,0.7021452596177647,0
4,436,0.6225261724678287,0
4,437,0.5390944796958601,0
4,438,0.4383637335933973,0
4,439,0.4978836590818319,0
4,440,0.5706738732550481,0
4,441,0.672307929592793,0
4,442,0.5515605357219556,0
4,443,0.5388253366142856,0
4,444,0.5198600022065423,0
4,445,0.4236266782944781,1
4,446,0.4367236993264887,0
4,447,0.5524855192842981,0
4,448,0.6422670431708158,0
4,449,0.5684940516522488,0
4,450,0.365289629676814,1
4,451,0.4603567004858265,0
4,452,0.6801776404952226,0
4,453,0.5942344298404255,0
4,454,0.5246516580380862,0
4,455,0.5083036639183074,0
4,456,0.5426549015729438,0
4,457,0.4990131639278596,0
4,458,0.4692054893062952,0
4,459,0.6542120338833378,0
4,460,0.657545600390096,0
4,461,0.6204325157154127,0
4,462,0.6237254734121056,0
4,463,0.5502216002554909,0
4,464,0.5675239519976925,0
4,465,0.5503226455607336,0
4,466,0.5975077690116463,0
4,467,0.4288918193174495,0
4,468,0.308443698719813,1
4,469,0.5938155749545113,0
4,470,0.4755939938442686,0
4,471,0.4883255680301558,0
4,472,0.5449122751439243,0
4,473,0.4836326969923031,0
4,474,0.3849346766997922,1
4,475,0.3872280918769086,1
4,476,0.4998218659721495,0
4,477,0.5968888765936524,0
4,478,0.67339113922556,0
4,479,0.509334824305358,0
4,480,0.5600786801426293,0
4,481,0.4756574962333392,0
4,482,0.5901233841150841,0
4,483,0.6211761608172164,0
4,484,0.3640765618675881,1
4,485,0.3793353854214016,1
4,486,0.5532453888427187,0
4,487,0.58943703140798,0
4,488,0.7180527186261522,1
4,489,0.4802160188769339,0
4,490,0.545230229811674,0
4,491,0.5822337925077048,0
4,492,0.5810664582800096,0
4,493,0.533845380122331,0
4,494,0.5114290571953582,0
4,495,0.6409802433427975,0
4,496,0.5653373060738307,0
4,497,0.5544760207458402,0
4,498,0.546914526872659,0
4,499,0.6355784322146493,0
4,500,0.61745853070011,0
4,501,0.4327184809652152,0
4,502,0.5411317879897468,0
4,503,0.6733790104516567,0
4,504,0.6808649931382617,0
4,505,0.6111024661272746,0
4,506,0.6555317120744155,0
4,507,0.4708957756159283,0
4,508,0.5364360586960272,0
4,509,0.6526473910450232,0
4,510,0.377552683315188,1
4,511,0.5053607130641101,0
4,512,0.49108594272508,0
4,513,0.5960318215472545,0
4,514,0.5945995312300454,0
4,515,0.5501338525913637,0
4,516,0.6707029448080125,0
4,517,0.5631584172430928,0
4,518,0.5329709605387288,0
4,519,0.5137520454700728,0
4,520,0.4131880330155343,1
4,521,0.570902323842166,0
4,522,0.3991975808011699,1
4,523,0.59612700244441,0
4,524,0.4956137767748097,0
4,525,0.6280669212598161,0
4,526,0.5422977148051409,0
4,527,0.6999467534249147,0
4,528,0.6525965316008981,0
4,529,0.7168966526764159,1
4,530,0.5333604838280244,0
4,531,0.7368303481543186,1
4,532,0.6219152686511334,0
4,533,0.5592075678751903,0
4,534,0.591239080118901,0
4,535,0.6715944864889776,0
4,536,0.4864210981921306,0
4,537,0.6255668243883563,0
4,538,0.6739023259849449,0
4,539,0.6130287321978958,0
4,540,0.7498242544940013,1
4,541,0.5645123471807394,0
4,542,0.640242685197284,0
4,543,0.5627879182016454,0
4,544,0.5760458087367103,0
4,545,0.7223776431147764,1
4,546,0.6643096321580365,0
4,547,0.4748949792889023,0
4,548,0.6571855733162781,0
4,549,0.7033947885635875,0
4,550,0.4602976706394109,0
4,551,0.5676324840666519,0
4,552,0.4693023694760492,0
4,553,0.4460270990499737,0
4,554,0.5743714554454512,0
4,555,0.378021548685459,1
4,556,0.5582556243400677,0
4,557,0.5262107981234003,0
4,558,0.5604620939252671,0
4,559,0.6642449462457961,0
4,560,0.6510582023502205,0
4,561,0.588883777201665,0
4,562,0.4892211829243008,0
4,563,0.6443174496151577,0
4,564,0.5149248942988941,0
4,565,0.4201639770594823,1
4,566,0.5738158875236774,0
4,567,0.4562284531213191,0
4,568,0.6185160724918953,0
4,569,0.605092269629491,0
4,570,0.4957764353610254,0
4,571,0.4440449744761428,0
4,572,0.5288017358957215,0
4,573,0.7011286470332558,0
4,574,0.6477583229464517,0
4,575,0.3757301426768795,1
4,576,0.5137632049336793,0
4,577,0.6304086415146586,0
4,578,0.5168390431626655,0
4,579,0.6192331451842306,0
4,580,0.5872778645879176,0
4,581,0.644541150356952,0
4,582,0.6549387964046101,0
4,583,0.5438743117430758,0
4,584,0.5476982738363327,0
4,585,0.6165501336935162,0
4,586,0.6738049747898454,0
4,587,0.5159980216308386,0
4,588,0.6113237678098006,0
4,589,0.4953808995822049,0
4,590,0.5781753386457242,0
4,591,0.6770291275765998,0
4,592,0.4740548091415756,0
4,593,0.5073661509751145,0
4,594,0.5609213970046706,0
4,595,0.4867295779075756,0
4,596,0.6451440879181438,0
4,597,0.6525489933769834,0
4,598,0.5518260920704015,0
4,599,0.5044787308872454,0
4,600,0.5921210998105716,0
4,601,0.5936258661993746,0
4,602,0.6095038806595917,0
4,603,0.7226673429038751,1
4,604,0.4511302506668525,0
4,605,0.5581211379566121,0
4,606,0.610191200111638,0
4,607,0.4827726463420149,0
4,608,0.568437648731691,0
4,609,0.5480770243659852,0
4,610,0.7108544900773365,0
4,611,0.6912726970175362,0
4,612,0.5742458682997513,0
4,613,0.6336924351344334,0
4,614,0.4307545268748141,0
4,615,0.4926541972597034,0
4,616,0.5120475716840621,0
4,617,0.6522121159496674,0
4,618,0.5443788903585368,0
4,619,0.5889632334776468,0
4,620,0.4031294327825111,1
4,621,0.5017701245783815,0
4,622,0.5939513310761606,0
4,623,0.6340957109417251,0
4,624,0.7082236588225452,0
4,625,0.5855575045203877,0
4,626,0.5936991791290289,0
4,627,0.4174158782086049,1
4,628,0.6271159692465721,0
4,629,0.4162242044948859,1
4,630,0.4831531615680836,0
4,631,0.6376433372191451,0
4,632,0.4644359237360249,0
4,633,0.5077780471820655,0
4,634,0.5386429320365373,0
4,635,0.3591207018815558,1
4,636,0.6747766188679676,0
4,637,0.5476565332106064,0
4,638,0.537863936516705,0
4,639,0.5556118687194989,0
4,640,0.6006724160664852,0
4,641,0.6515589355242819,0
4,642,0.4144759164767869,1
4,643,0.5988039938624871,0
4,644,0.7141626596796291,0
4,645,0.6047474112080526,0
4,646,0.6701314453030116,0
4,647,0.5487370437727133,0
4,648,0.5338695211792855,0
4,649,0.6691462473595048,0
4,650,0.5162638373848218,0
4,651,0.5240764670302656,0
4,652,0.5650576490494681,0
4,653,0.6581494321707714,0
4,654,0.6909849939611916,0
4,655,0.5462598743292879,0
4,656,0.5909766327684816,0
4,657,0.5339909089526009,0
4,658,0.619959079528878,0
4,659,0.7010134580054598,0
4,660,0.6998503157554512,0
4,661,0.6430340368780988,0
4,662,0.6233624175118005,0
4,663,0.6587164645907917,0
4,664,0.4703162933266961,0
4,665,0.5319326714471055,0
4,666,0.341305767500752,1
4,667,0.5796378732285546,0
4,668,0.72344440525317,1
4,669,0.7069492541724524,0
4,670,0.5312800703054784,0
4,671,0.7462983118912222,1
4,672,0.6904612494810953,0
4,673,0.6781628961799199,0
4,674,0.5418647001722645,0
4,675,0.5349269265049025,0
4,676,0.4520086865593388,0
4,677,0.5611601880085436,0
4,678,0.6815952263201513,0
4,679,0.739659738399572,1
4,680,0.6655648101969213,0
4,681,0.5992033586107279,0
4,682,0.4725598267985963,0
4,683,0.6127320244401334,0
4,684,0.373295248519054,1
4,685,0.5147699897365969,0
4,686,0.570724852201462,0
4,687,0.4855594151319924,0
4,688,0.3923152454372825,1
4,689,0.4835663064875453,0
4,690,0.6053043620450936,0
4,691,0.563275322575789,0
4,692,0.5347733939470176,0
4,693,0.3727710822303224,1
4,694,0.5452058561903139,0
4,695,0.7470630307199275,1
4,696,0.6022133186007943,0
4,697,0.6191003670100077,0
4,698,0.572756125621222,0
4,699,0.587741926030089,0
4,700,0.665754459273447,0
4,701,0.5021435565826244,0
4,702,0.6220746572447097,0
4,703,0.6585112804364985,0
4,704,0.7183180988058574,1
4,705,0.5527452124451705,0
4,706,0.6270135054706748,0
4,707,0.670257729863299,0
4,708,0.5710712512311682,0
4,709,0.6949976731426138,0
4,710,0.6812930131259389,0
4,711,0.685268157164423,0
4,712,0.5829736491726566,0
4,713,0.5336931298197528,0
4,714,0.5186869288764504,0
4,715,0.5457544367282979,0
4,716,0.6237435136996331,0
4,717,0.5542572799629256,0
4,718,0.7298283267397888,1
4,719,0.6337957664377415,0
4,720,0.5505163028415183,0
4,721,0.520424053866684,0
4,722,0.6088244490937375,0
4,723,0.6118679577135626,0
4,724,0.4927786493266369,0
4,725,0.4650998146071394,0
4,726,0.4152815574506706,1
4,727,0.510741835991044,0
4,728,0.5702170405531912,0
4,729,0.441376369380231,0
4,730,0.4250041758341517,1
4,731,0.5111177647837833,0
4,732,0.4667651190478042,0
4,733,0.570036617956307,0
4,734,0.5287032715573001,0
4,735,0.6552078914547048,0
4,736,0.4601255014226576,0
4,737,0.5883490835531089,0
4,738,0.4467890161113357,0
4,739,0.4820763774062719,0
4,740,0.6617841629651835,0
4,741,0.6428363020942217,0
4,742,0.6164848656694393,0
4,743,0.5380720617507245,0
4,744,0.5524176513569946,0
4,745,0.5095478630113021,0
4,746,0.6769252618840836,0
4,747,0.6425441244085559,0
4,748,0.6357197684835749,0
4,749,0.4517334784020334,0
4,750,0.6077386805528795,0
4,751,0.4724006591924807,0
4,752,0.5825088461568767,0
4,753,0.5963355869416376,0
4,754,0.4949105047768602,0
4,755,0.5618001793224022,0
4,756,0.4443990989979638,0
4,757,0.5651361017063542,0
4,758,0.4479211706851662,0
4,759,0.6132490924477767,0
4,760,0.7291292140493899,1
4,761,0.6110060187374852,0
4,762,0.6817943808243031,0
4,763,0.4585519719445106,0
4,764,0.5145932658735453,0
4,765,0.5271188599373726,0
4,766,0.5733898536568147,0
4,767,0.4831281977589863,0
4,768,0.621928549918551,0
4,769,0.5764785730844546,0
4,770,0.414259003201992,1
4,771,0.4980845554548759,0
4,772,0.4775978961739659,0
4,773,0.6402108205444054,0
4,774,0.6141793781000864,0
4,775,0.6692098383468501,0
4,776,0.5812861084068328,0
4,777,0.6245618596738668,0
4,778,0.5424124958569742,0
4,779,0.7402825806841141,1
4,780,0.7616214743686895,1
4,781,0.7608704867701981,1
4,782,0.6963700044045393,0
4,783,0.6254027522003551,0
4,784,0.480496657220389,0
4,785,0.5298538071051088,0
4,786,0.569230007995636,0
4,787,0.4858927335737252,0
4,788,0.5663753382047314,0
4,789,0.5813109385517964,0
4,790,0.673199718244068,0
4,791,0.6655853197878199,0
4,792,0.7189852388982286,1
4,793,0.3685696304774728,1
4,794,0.5438466942818765,0
4,795,0.4370255022177799,0
4,796,0.6109503640272159,0
4,797,0.4258468848314268,1
4,798,0.6571434788659676,0
4,799,0.7935878335382077,1
4,800,0.5740664362527385,0
4,801,0.502477542078178,0
4,802,0.6703540609746985,0
4,803,0.5575813938700253,0
4,804,0.6348481366623135,0
4,805,0.6073204738087447,0
4,806,0.539621107373696,0
4,807,0.6510006045607077,0
4,808,0.4516199874515579,0
4,809,0.4414772168969188,0
4,810,0.5613197315273394,0
4,811,0.6568314981850171,0
4,812,0.6697644262982207,0
4,813,0.4816677937536692,0
4,814,0.3952238064316504,1
4,815,0.6398918884528858,0
4,816,0.4943924400650977,0
4,817,0.4665172585214995,0
4,818,0.5118598616293065,0
4,819,0.5369229431917288,0
4,820,0.6398339729961917,0
4,821,0.7025672001284945,0
4,822,0.5368376182809886,0
4,823,0.3357003157210977,1
4,824,0.4686405659197502,0
4,825,0.3986443384085744,1
4,826,0.6118287626273506,0
4,827,0.7099464376845424,0
4,828,0.7561453957076129,1
4,829,0.5832253533717557,0
4,830,0.5171156873942394,0
4,831,0.5982763233527151,0
4,832,0.5370589672350483,0
4,833,0.5241744012417618,0
4,834,0.4810387128728282,0
4,835,0.7377155359824713,1
4,836,0.6397662273519845,0
4,837,0.5365467142632321,0
4,838,0.5473583869452804,0
4,839,0.6240707447232977,0
4,840,0.6207203328844415,0
4,841,0.672404218680914,0
4,842,0.5222273664422951,0
4,843,0.6300324366876937,0
4,844,0.5007721407386608,0
4,845,0.4250143924491374,1
4,846,0.5078400332210675,0
4,847,0.6824652430348486,0
4,848,0.6171139343964238,0
4,849,0.5601139938167587,0
4,850,0.635684065221111,0
4,851,0.7055229604893772,0
4,852,0.6331846777658285,0
4,853,0.5123357751862132,0
4,854,0.4569463295533913,0
4,855,0.5269740690998251,0
4,856,0.5526876774098107,0
4,857,0.4956581324441607,0
4,858,0.4403112299865828,0
4,859,0.5282141353699115,0
4,860,0.557966233394315,0
4,861,0.625075735290049,0
4,862,0.3531527323744062,1
4,863,0.682205587875181,0
4,864,0.6542423237876704,0
4,865,0.6365199235471448,0
4,866,0.5950909962306802,0
4,867,0.5522657774399033,0
4,868,0.5534357695493268,0
4,869,0.7083144082506366,0
4,870,0.5747647298565067,0
4,871,0.6186577730959313,0
4,872,0.5475651290412219,0
4,873,0.6649309668126144,0
4,874,0.5979316104669783,0
4,875,0.5452547288102849,0
4,876,0.4522577506503231,0
4,877,0.5192401377107353,0
4,878,0.6312747581781606,0
4,879,0.6366476369845908,0
4,880,0.6058446792834208,0
4,881,0.449722600416383,0
4,882,0.4564099524934266,0
4,883,0.50504335441917,0
4,884,0.6532859308293689,0
4,885,0.4846624656093143,0
4,886,0.5865033252382841,0
4,887,0.4108148826080214,1
4,888,0.5356652212037976,0
4,889,0.5713138555115728,0
4,890,0.524152273908348,0
4,891,0.5945806641701775,0
4,892,0.6268550441467783,0
4,893,0.4092933728928515,1
4,894,0.5929998760511531,0
4,895,0.6203838893608291,0
4,896,0.6227562330027363,0
4,897,0.5469249781947368,0
4,898,0.4127499617992834,1
4,899,0.588320955868683,0
4,900,0.4713001359761399,0
4,901,0.4638902688364795,0
4,902,0.5823374655375405,0
4,903,0.6112261691294447,0
4,904,0.5163300601614776,0
4,905,0.6908005810903775,0
4,906,0.4818535464285164,0
4,907,0.5986048351062135,0
4,908,0.3924617731914085,1
4,909,0.4327924088658042,0
4,910,0.3792808546677338,1
4,911,0.6292168513560399,0
4,912,0.5157207294342535,0
4,913,0.5677594729771503,0
4,914,0.6083857429143148,0
4,915,0.4875067867722994,0
4,916,0.6347610020051597,0
4,917,0.7038508321211691,0
4,918,0.5527230822769179,0
4,919,0.596143067953086,0
4,920,0.6650006818970655,0
4,921,0.5968626915064074,0
4,922,0.6871193530442391,0
4,923,0.578617960914544,0
4,924,0.6565861721232942,0
4,925,0.5869340185275843,0
4,926,0.6143736232936609,0
4,927,0.6744179349943465,0
4,928,0.6474402023980425,0
4,929,0.6945784251800802,0
4,930,0.679271757105048,0
4,931,0.6356412838207747,0
4,932,0.5927217697310568,0
4,933,0.5901359821485832,0
4,934,0.6511245871849378,0
4,935,0.6238937033772769,0
4,936,0.5363001799525764,0
4,937,0.5678337478930395,0
4,938,0.5498141006764495,0
4,939,0.5943092455832638,0
4,940,0.6900629617371692,0
4,941,0.6062467749423226,0
4,942,0.6411362939459659,0
4,943,0.5070902022732815,0
4,944,0.5431407194235425,0
4,945,0.5587168972585385,0
4,946,0.5972107238122987,0
4,947,0.5038375406069262,0
4,948,0.656068737773164,0
4,949,0.4893152267464435,0
4,950,0.4765642980905325,0
4,951,0.4062686473483951,1
4,952,0.497007224730324,0
4,953,0.3316551027986027,1
4,954,0.3159332498686548,1
4,955,0.5172814896091028,0
4,956,0.6199059290899875,0
4,957,0.4234607695134859,1
4,958,0.6022503988262349,0
4,959,0.6714514349521127,0
4,960,0.6309397542115502,0
4,961,0.7079208635496979,0
4,962,0.6724915528599849,0
4,963,0.5536170849390872,0
4,964,0.5051949613667799,0
4,965,0.5548887051231776,0
4,966,0.6681997560484723,0
4,967,0.6053486223815988,0
4,968,0.5200701413079065,0
4,969,0.5813319976188785,0
4,970,0.469282327095161,0
4,971,0.6041738435403365,0
4,972,0.6995257790579572,0
4,973,0.5345206700300159,0
4,974,0.5730141051603233,0
4,975,0.6311793553368825,0
4,976,0.5859760434667709,0
4,977,0.6221498610529608,0
4,978,0.5699779814085247,0
4,979,0.6008574985417103,0
4,980,0.5956876745311172,0
4,981,0.5442051926157637,0
4,982,0.7330240404932619,1
4,983,0.7175468701029196,1
4,984,0.5908219294844139,0
4,985,0.3974102337685294,1
4,986,0.5615484434928991,0
4,987,0.4387646748868568,0
4,988,0.4244878217919504,1
4,989,0.7492733678312885,1
4,990,0.6393763442673083,0
4,991,0.6486102439425614,0
4,992,0.5936355334398049,0
4,993,0.3400289992793333,1
4,994,0.390517957655783,1
4,995,0.683962952091733,0
4,996,0.5168717936433864,0
4,997,0.5911758085359664,0
4,998,0.5312001063074894,0
4,999,0.5231460064382536,0
4,1000,0.5553360295746281,0
