phase,chain_id,seed,sequence_id,proposal_attempts,C_r,accepted_switches_cumulative
burn_in,1,2026080501,1,765,0.5881600647772004,453
burn_in,1,2026080501,2,1530,0.6054167669987882,908
burn_in,1,2026080501,3,2295,0.41900413626424987,1369
burn_in,1,2026080501,4,3060,0.5702535886324431,1845
burn_in,1,2026080501,5,3825,0.5444951634307013,2304
burn_in,1,2026080501,6,4590,0.4875340965991916,2768
burn_in,1,2026080501,7,5355,0.6699751971989286,3231
burn_in,1,2026080501,8,6120,0.6164585420986565,3702
burn_in,1,2026080501,9,6885,0.5005965982689277,4154
burn_in,1,2026080501,10,7650,0.5430205960734837,4575
burn_in,1,2026080501,11,8415,0.5661138818203876,5032
burn_in,1,2026080501,12,9180,0.5935184387763943,5483
burn_in,1,2026080501,13,9945,0.6565998958390983,5955
burn_in,1,2026080501,14,10710,0.6054906041521597,6406
burn_in,1,2026080501,15,11475,0.5496899039230103,6863
burn_in,1,2026080501,16,12240,0.5927438994267606,7340
burn_in,1,2026080501,17,13005,0.5641422490952591,7805
burn_in,1,2026080501,18,13770,0.6155900668317553,8251
burn_in,1,2026080501,19,14535,0.7104454016401717,8714
burn_in,1,2026080501,20,15300,0.6423892198462587,9192
retained,1,2026080501,1,153,0.5987607174357181,102
retained,1,2026080501,2,306,0.4788272622526606,188
retained,1,2026080501,3,459,0.4944417646265773,279
retained,1,2026080501,4,612,0.5846376237704918,373
retained,1,2026080501,5,765,0.5631906518603973,471
retained,1,2026080501,6,918,0.4133913066018943,559
retained,1,2026080501,7,1071,0.5694634595463443,647
retained,1,2026080501,8,1224,0.5349090118685993,743
retained,1,2026080501,9,1377,0.7073546478007517,834
retained,1,2026080501,10,1530,0.4769170721129781,926
retained,1,2026080501,11,1683,0.48901828240251066,1012
retained,1,2026080501,12,1836,0.49413500306538566,1101
retained,1,2026080501,13,1989,0.5920231078765015,1201
retained,1,2026080501,14,2142,0.5988271136119696,1281
retained,1,2026080501,15,2295,0.5965783813256048,1374
retained,1,2026080501,16,2448,0.5667836916038389,1467
retained,1,2026080501,17,2601,0.55538029180151,1563
retained,1,2026080501,18,2754,0.4881406815509138,1664
retained,1,2026080501,19,2907,0.7005454355259992,1764
retained,1,2026080501,20,3060,0.5749097875247009,1855
retained,1,2026080501,21,3213,0.5443695031770187,1948
retained,1,2026080501,22,3366,0.4908797442869116,2052
retained,1,2026080501,23,3519,0.6194145062371565,2139
retained,1,2026080501,24,3672,0.7081373517806326,2236
retained,1,2026080501,25,3825,0.6618229501541187,2328
retained,1,2026080501,26,3978,0.46219126550071815,2412
retained,1,2026080501,27,4131,0.6893547410684654,2504
retained,1,2026080501,28,4284,0.7559730828000909,2591
retained,1,2026080501,29,4437,0.5321306628940036,2682
retained,1,2026080501,30,4590,0.467252024340315,2770
retained,1,2026080501,31,4743,0.6304807571038642,2861
retained,1,2026080501,32,4896,0.6532662065509852,2958
retained,1,2026080501,33,5049,0.5345998791180517,3050
retained,1,2026080501,34,5202,0.612138571751945,3156
retained,1,2026080501,35,5355,0.6286168646901272,3254
retained,1,2026080501,36,5508,0.5916374146415697,3356
retained,1,2026080501,37,5661,0.5684576319045159,3452
retained,1,2026080501,38,5814,0.5448353861320925,3548
retained,1,2026080501,39,5967,0.6424715334679331,3653
retained,1,2026080501,40,6120,0.6396009377249101,3735
retained,1,2026080501,41,6273,0.4266266762430774,3819
retained,1,2026080501,42,6426,0.6301882408614119,3916
retained,1,2026080501,43,6579,0.7665851009623955,3994
retained,1,2026080501,44,6732,0.6735128508969634,4085
retained,1,2026080501,45,6885,0.6959488905338297,4190
retained,1,2026080501,46,7038,0.5790286866266121,4288
retained,1,2026080501,47,7191,0.6134613638534417,4372
retained,1,2026080501,48,7344,0.6248270907739255,4466
retained,1,2026080501,49,7497,0.6425264267979603,4559
retained,1,2026080501,50,7650,0.6076203921669059,4658
retained,1,2026080501,51,7803,0.646679455741754,4754
retained,1,2026080501,52,7956,0.4741729898457047,4845
retained,1,2026080501,53,8109,0.4233180155412278,4940
retained,1,2026080501,54,8262,0.5669836938611653,5030
retained,1,2026080501,55,8415,0.7304192696774076,5127
retained,1,2026080501,56,8568,0.5888556122201658,5219
retained,1,2026080501,57,8721,0.4915226712774979,5315
retained,1,2026080501,58,8874,0.39181517817277534,5414
retained,1,2026080501,59,9027,0.6540745395609561,5515
retained,1,2026080501,60,9180,0.6745208519113236,5610
retained,1,2026080501,61,9333,0.6130246852984029,5714
retained,1,2026080501,62,9486,0.6325368334641104,5805
retained,1,2026080501,63,9639,0.5362590097884993,5892
retained,1,2026080501,64,9792,0.5101558750601125,5978
retained,1,2026080501,65,9945,0.5284571334071698,6077
retained,1,2026080501,66,10098,0.5876540694148825,6175
retained,1,2026080501,67,10251,0.5466385019923211,6264
retained,1,2026080501,68,10404,0.5932814280625154,6350
retained,1,2026080501,69,10557,0.7170600375875843,6444
retained,1,2026080501,70,10710,0.5374213047950931,6535
retained,1,2026080501,71,10863,0.543530707365506,6618
retained,1,2026080501,72,11016,0.583652673458312,6709
retained,1,2026080501,73,11169,0.6330174405382885,6799
retained,1,2026080501,74,11322,0.6839173543570936,6896
retained,1,2026080501,75,11475,0.5768721113314849,6991
retained,1,2026080501,76,11628,0.3323880294713438,7077
retained,1,2026080501,77,11781,0.4729659558945503,7177
retained,1,2026080501,78,11934,0.6582678381886478,7269
retained,1,2026080501,79,12087,0.6251017319757793,7361
retained,1,2026080501,80,12240,0.7166191083556677,7444
retained,1,2026080501,81,12393,0.720519722987948,7541
retained,1,2026080501,82,12546,0.6287971544417058,7625
retained,1,2026080501,83,12699,0.5394007209888532,7714
retained,1,2026080501,84,12852,0.6670711897629221,7801
retained,1,2026080501,85,13005,0.6788291915402663,7898
retained,1,2026080501,86,13158,0.5641422490952591,7994
retained,1,2026080501,87,13311,0.6423103948904353,8101
retained,1,2026080501,88,13464,0.32093541565752387,8195
retained,1,2026080501,89,13617,0.42716309589630497,8282
retained,1,2026080501,90,13770,0.5017030358037807,8383
retained,1,2026080501,91,13923,0.6301122806562574,8478
retained,1,2026080501,92,14076,0.6586401357473417,8581
retained,1,2026080501,93,14229,0.6075066987638442,8677
retained,1,2026080501,94,14382,0.5443578786774353,8771
retained,1,2026080501,95,14535,0.5306387752427559,8869
retained,1,2026080501,96,14688,0.4523434511308476,8965
retained,1,2026080501,97,14841,0.6081942713355081,9057
retained,1,2026080501,98,14994,0.64299203857927,9162
retained,1,2026080501,99,15147,0.6582056362214435,9246
retained,1,2026080501,100,15300,0.6470666894917312,9345
retained,1,2026080501,101,15453,0.6350237711743868,9435
retained,1,2026080501,102,15606,0.3587462022838785,9526
retained,1,2026080501,103,15759,0.42536512195038934,9620
retained,1,2026080501,104,15912,0.7076715018737917,9709
retained,1,2026080501,105,16065,0.5278149616263135,9794
retained,1,2026080501,106,16218,0.5876385569170164,9883
retained,1,2026080501,107,16371,0.5790996415362826,9961
retained,1,2026080501,108,16524,0.5471880642959777,10055
retained,1,2026080501,109,16677,0.6518908667847378,10144
retained,1,2026080501,110,16830,0.6807834220727653,10229
retained,1,2026080501,111,16983,0.5723525415169733,10331
retained,1,2026080501,112,17136,0.7214011798830811,10427
retained,1,2026080501,113,17289,0.5511089869074001,10511
retained,1,2026080501,114,17442,0.6009376521387036,10609
retained,1,2026080501,115,17595,0.49828371846354363,10701
retained,1,2026080501,116,17748,0.6134342723872921,10794
retained,1,2026080501,117,17901,0.5720251904651279,10890
retained,1,2026080501,118,18054,0.49788997769965876,10988
retained,1,2026080501,119,18207,0.6057027050736404,11086
retained,1,2026080501,120,18360,0.4853325156839688,11178
retained,1,2026080501,121,18513,0.5171266843132529,11265
retained,1,2026080501,122,18666,0.6305635493845854,11370
retained,1,2026080501,123,18819,0.4880157589055615,11466
retained,1,2026080501,124,18972,0.7086895113520477,11555
retained,1,2026080501,125,19125,0.44885957913919766,11651
retained,1,2026080501,126,19278,0.46066650961420486,11738
retained,1,2026080501,127,19431,0.7169953212159618,11821
retained,1,2026080501,128,19584,0.6147089285108545,11907
retained,1,2026080501,129,19737,0.4780405468029793,12002
retained,1,2026080501,130,19890,0.621893199718606,12089
retained,1,2026080501,131,20043,0.5964723769807648,12181
retained,1,2026080501,132,20196,0.6047529328244474,12271
retained,1,2026080501,133,20349,0.4651829303603174,12355
retained,1,2026080501,134,20502,0.40360511582323727,12439
retained,1,2026080501,135,20655,0.603849181704172,12530
retained,1,2026080501,136,20808,0.6151522869175002,12625
retained,1,2026080501,137,20961,0.568316998963604,12712
retained,1,2026080501,138,21114,0.7082129840477508,12796
retained,1,2026080501,139,21267,0.6435788443054113,12890
retained,1,2026080501,140,21420,0.5512610787691671,12983
retained,1,2026080501,141,21573,0.6295226356253165,13079
retained,1,2026080501,142,21726,0.5488633347987608,13181
retained,1,2026080501,143,21879,0.5512431872984191,13261
retained,1,2026080501,144,22032,0.5751286616465217,13355
retained,1,2026080501,145,22185,0.5881092213128241,13455
retained,1,2026080501,146,22338,0.5449542501613548,13544
retained,1,2026080501,147,22491,0.4341696778246792,13630
retained,1,2026080501,148,22644,0.5414558486380139,13725
retained,1,2026080501,149,22797,0.6484112089892781,13812
retained,1,2026080501,150,22950,0.5809169166307293,13897
retained,1,2026080501,151,23103,0.6232652377418643,13975
retained,1,2026080501,152,23256,0.753445745762445,14064
retained,1,2026080501,153,23409,0.6155686013456675,14139
retained,1,2026080501,154,23562,0.5991998964146596,14220
retained,1,2026080501,155,23715,0.7454290959812173,14307
retained,1,2026080501,156,23868,0.6487901426614511,14393
retained,1,2026080501,157,24021,0.5073679959822285,14486
retained,1,2026080501,158,24174,0.5960284972730419,14576
retained,1,2026080501,159,24327,0.4900979951213963,14665
retained,1,2026080501,160,24480,0.6845533138256737,14763
retained,1,2026080501,161,24633,0.6082072595851404,14852
retained,1,2026080501,162,24786,0.7432397418123521,14941
retained,1,2026080501,163,24939,0.5533205968197381,15030
retained,1,2026080501,164,25092,0.6434071641127829,15111
retained,1,2026080501,165,25245,0.6519579789423289,15188
retained,1,2026080501,166,25398,0.5609352012751972,15280
retained,1,2026080501,167,25551,0.5181446937915091,15368
retained,1,2026080501,168,25704,0.3295825652613088,15468
retained,1,2026080501,169,25857,0.43702203891232627,15554
retained,1,2026080501,170,26010,0.6096836693073642,15656
retained,1,2026080501,171,26163,0.4249304346085835,15749
retained,1,2026080501,172,26316,0.603281269070881,15844
retained,1,2026080501,173,26469,0.3596315035419052,15934
retained,1,2026080501,174,26622,0.5853122234643541,16021
retained,1,2026080501,175,26775,0.6163341550470305,16108
retained,1,2026080501,176,26928,0.6095637808859832,16193
retained,1,2026080501,177,27081,0.6782888501980816,16282
retained,1,2026080501,178,27234,0.6763643323041897,16368
retained,1,2026080501,179,27387,0.6305192899931777,16456
retained,1,2026080501,180,27540,0.6258854185200109,16543
retained,1,2026080501,181,27693,0.6463586791104725,16632
retained,1,2026080501,182,27846,0.555573087356079,16725
retained,1,2026080501,183,27999,0.6824954718181815,16815
retained,1,2026080501,184,28152,0.6905571790069789,16914
retained,1,2026080501,185,28305,0.5465721086519981,16996
retained,1,2026080501,186,28458,0.6123719335672686,17087
retained,1,2026080501,187,28611,0.47490142160645765,17178
retained,1,2026080501,188,28764,0.6427584209303967,17264
retained,1,2026080501,189,28917,0.7251923252341853,17354
retained,1,2026080501,190,29070,0.5212538521298916,17437
retained,1,2026080501,191,29223,0.5786941271069137,17527
retained,1,2026080501,192,29376,0.5647699752904063,17627
retained,1,2026080501,193,29529,0.5917006648887303,17721
retained,1,2026080501,194,29682,0.4527679880368165,17806
retained,1,2026080501,195,29835,0.7443890446984553,17896
retained,1,2026080501,196,29988,0.6167809599781898,17978
retained,1,2026080501,197,30141,0.4737967850187398,18069
retained,1,2026080501,198,30294,0.6721596003361958,18160
retained,1,2026080501,199,30447,0.7263408723907089,18250
retained,1,2026080501,200,30600,0.6150195059079847,18348
retained,1,2026080501,201,30753,0.5525593096742203,18433
retained,1,2026080501,202,30906,0.7739914303715565,18519
retained,1,2026080501,203,31059,0.5494816812091308,18607
retained,1,2026080501,204,31212,0.6701093156073078,18694
retained,1,2026080501,205,31365,0.5693924675184664,18785
retained,1,2026080501,206,31518,0.5944260932927923,18872
retained,1,2026080501,207,31671,0.580358353376359,18966
retained,1,2026080501,208,31824,0.39060581067868855,19062
retained,1,2026080501,209,31977,0.5591292128760165,19154
retained,1,2026080501,210,32130,0.5392476114556544,19252
retained,1,2026080501,211,32283,0.31568201735871954,19342
retained,1,2026080501,212,32436,0.5853872106177543,19425
retained,1,2026080501,213,32589,0.4220575564632137,19517
retained,1,2026080501,214,32742,0.575286008418839,19608
retained,1,2026080501,215,32895,0.6175376464068477,19699
retained,1,2026080501,216,33048,0.6183704595847134,19798
retained,1,2026080501,217,33201,0.45311376410931076,19893
retained,1,2026080501,218,33354,0.664891308982178,19984
retained,1,2026080501,219,33507,0.5166619408557882,20063
retained,1,2026080501,220,33660,0.46150049542127786,20152
retained,1,2026080501,221,33813,0.573323453225989,20241
retained,1,2026080501,222,33966,0.5411731005669468,20325
retained,1,2026080501,223,34119,0.4727869764397553,20414
retained,1,2026080501,224,34272,0.6155997156415568,20508
retained,1,2026080501,225,34425,0.6546895646493104,20589
retained,1,2026080501,226,34578,0.7747163871992547,20680
retained,1,2026080501,227,34731,0.5194724769514198,20773
retained,1,2026080501,228,34884,0.5921337464311731,20868
retained,1,2026080501,229,35037,0.5228032928163806,20963
retained,1,2026080501,230,35190,0.4618099441730269,21056
retained,1,2026080501,231,35343,0.636989689389044,21158
retained,1,2026080501,232,35496,0.47427351130748624,21237
retained,1,2026080501,233,35649,0.49817221753426083,21331
retained,1,2026080501,234,35802,0.7006112060467998,21428
retained,1,2026080501,235,35955,0.4859266156174484,21538
retained,1,2026080501,236,36108,0.6094700516984708,21634
retained,1,2026080501,237,36261,0.5421373842148545,21726
retained,1,2026080501,238,36414,0.5772679629946439,21816
retained,1,2026080501,239,36567,0.32945782655977307,21912
retained,1,2026080501,240,36720,0.5331144793359226,22019
retained,1,2026080501,241,36873,0.48066725444645486,22114
retained,1,2026080501,242,37026,0.6793558597934415,22190
retained,1,2026080501,243,37179,0.6911841947777584,22285
retained,1,2026080501,244,37332,0.5997193680144247,22364
retained,1,2026080501,245,37485,0.6086200252654812,22447
retained,1,2026080501,246,37638,0.5517272247055509,22539
retained,1,2026080501,247,37791,0.5687110498924145,22626
retained,1,2026080501,248,37944,0.6178832337462977,22715
retained,1,2026080501,249,38097,0.6327469416431489,22806
retained,1,2026080501,250,38250,0.568381248479363,22894
retained,1,2026080501,251,38403,0.6188658556002781,22976
retained,1,2026080501,252,38556,0.6215080587631723,23077
retained,1,2026080501,253,38709,0.5149470235220793,23158
retained,1,2026080501,254,38862,0.5938441669619414,23260
retained,1,2026080501,255,39015,0.5144482490073079,23350
retained,1,2026080501,256,39168,0.5285009528979223,23448
retained,1,2026080501,257,39321,0.6318508568386988,23538
retained,1,2026080501,258,39474,0.656179395703567,23636
retained,1,2026080501,259,39627,0.5998067584603114,23731
retained,1,2026080501,260,39780,0.4634825749056043,23824
retained,1,2026080501,261,39933,0.5912263126416957,23920
retained,1,2026080501,262,40086,0.5603412668538416,24023
retained,1,2026080501,263,40239,0.6132400574451252,24122
retained,1,2026080501,264,40392,0.6571391514031575,24213
retained,1,2026080501,265,40545,0.5602134289526864,24299
retained,1,2026080501,266,40698,0.4710225305970632,24394
retained,1,2026080501,267,40851,0.4469161257941035,24490
retained,1,2026080501,268,41004,0.5980226735087506,24578
retained,1,2026080501,269,41157,0.6070709796425098,24669
retained,1,2026080501,270,41310,0.6437032290268251,24771
retained,1,2026080501,271,41463,0.5259782753184573,24869
retained,1,2026080501,272,41616,0.6016107843992344,24967
retained,1,2026080501,273,41769,0.651603193025676,25055
retained,1,2026080501,274,41922,0.637197376321889,25149
retained,1,2026080501,275,42075,0.5925638090679893,25233
retained,1,2026080501,276,42228,0.6745784687946534,25328
retained,1,2026080501,277,42381,0.5844464313786772,25423
retained,1,2026080501,278,42534,0.6686837418391033,25517
retained,1,2026080501,279,42687,0.7001249533501978,25615
retained,1,2026080501,280,42840,0.6850243543387982,25704
retained,1,2026080501,281,42993,0.6300545663833975,25797
retained,1,2026080501,282,43146,0.4838967953871296,25893
retained,1,2026080501,283,43299,0.4590166757091489,25979
retained,1,2026080501,284,43452,0.6075189085508673,26067
retained,1,2026080501,285,43605,0.6404470692302211,26170
retained,1,2026080501,286,43758,0.6095611621059566,26263
retained,1,2026080501,287,43911,0.53654436246298,26357
retained,1,2026080501,288,44064,0.6249692970859017,26444
retained,1,2026080501,289,44217,0.5316659392842235,26544
retained,1,2026080501,290,44370,0.4191190263453675,26644
retained,1,2026080501,291,44523,0.3724213491383185,26733
retained,1,2026080501,292,44676,0.516042374117328,26803
retained,1,2026080501,293,44829,0.5795793527401798,26891
retained,1,2026080501,294,44982,0.6413681019421571,26990
retained,1,2026080501,295,45135,0.36911059265216667,27076
retained,1,2026080501,296,45288,0.7313161304471877,27167
retained,1,2026080501,297,45441,0.7008689566663903,27252
retained,1,2026080501,298,45594,0.6285852990468279,27357
retained,1,2026080501,299,45747,0.5372639381739588,27446
retained,1,2026080501,300,45900,0.539897259506909,27539
retained,1,2026080501,301,46053,0.6380451217178353,27629
retained,1,2026080501,302,46206,0.6012895113960322,27721
retained,1,2026080501,303,46359,0.5880553881787032,27812
retained,1,2026080501,304,46512,0.5660977003322301,27909
retained,1,2026080501,305,46665,0.6214859276497312,28007
retained,1,2026080501,306,46818,0.44773810505765865,28099
retained,1,2026080501,307,46971,0.468058775118728,28192
retained,1,2026080501,308,47124,0.5415136538724223,28278
retained,1,2026080501,309,47277,0.6347731709743243,28369
retained,1,2026080501,310,47430,0.49123498523334824,28466
retained,1,2026080501,311,47583,0.6483391555289119,28565
retained,1,2026080501,312,47736,0.39478534162586576,28662
retained,1,2026080501,313,47889,0.5318196848702074,28767
retained,1,2026080501,314,48042,0.6097486156479318,28854
retained,1,2026080501,315,48195,0.6079484855467688,28949
retained,1,2026080501,316,48348,0.5992023113750342,29045
retained,1,2026080501,317,48501,0.6471994846804352,29143
retained,1,2026080501,318,48654,0.7308397249179284,29230
retained,1,2026080501,319,48807,0.6407327450737175,29324
retained,1,2026080501,320,48960,0.5190521677644546,29412
retained,1,2026080501,321,49113,0.7050167314968138,29513
retained,1,2026080501,322,49266,0.5948810527981194,29612
retained,1,2026080501,323,49419,0.5281139113173366,29699
retained,1,2026080501,324,49572,0.47237235556964713,29794
retained,1,2026080501,325,49725,0.4810268543782735,29888
retained,1,2026080501,326,49878,0.4279791764038253,29976
retained,1,2026080501,327,50031,0.5455762085471538,30060
retained,1,2026080501,328,50184,0.6971304756331423,30148
retained,1,2026080501,329,50337,0.620543168919571,30234
retained,1,2026080501,330,50490,0.6342271701651778,30327
retained,1,2026080501,331,50643,0.5097245268503471,30415
retained,1,2026080501,332,50796,0.4834423663445215,30506
retained,1,2026080501,333,50949,0.5642811759954713,30601
retained,1,2026080501,334,51102,0.547267374755415,30697
retained,1,2026080501,335,51255,0.5382154744539324,30779
retained,1,2026080501,336,51408,0.5123685965344474,30879
retained,1,2026080501,337,51561,0.6113680281463058,30976
retained,1,2026080501,338,51714,0.559343166668158,31063
retained,1,2026080501,339,51867,0.4415821064879669,31152
retained,1,2026080501,340,52020,0.6166913605018373,31254
retained,1,2026080501,341,52173,0.6896719666094827,31355
retained,1,2026080501,342,52326,0.6390392228391476,31440
retained,1,2026080501,343,52479,0.6832025542942428,31534
retained,1,2026080501,344,52632,0.5566331659843016,31615
retained,1,2026080501,345,52785,0.5828934221112998,31701
retained,1,2026080501,346,52938,0.39676141722000885,31786
retained,1,2026080501,347,53091,0.370762754837221,31888
retained,1,2026080501,348,53244,0.7165303524880071,31982
retained,1,2026080501,349,53397,0.6274438655763513,32081
retained,1,2026080501,350,53550,0.5850245681299734,32182
retained,1,2026080501,351,53703,0.5653734843108943,32276
retained,1,2026080501,352,53856,0.6898565471918073,32369
retained,1,2026080501,353,54009,0.6666728722503751,32458
retained,1,2026080501,354,54162,0.7100243182163931,32547
retained,1,2026080501,355,54315,0.5780544581045964,32645
retained,1,2026080501,356,54468,0.6280099146722604,32732
retained,1,2026080501,357,54621,0.5591594628233201,32826
retained,1,2026080501,358,54774,0.7213222138386878,32920
retained,1,2026080501,359,54927,0.6455812682648242,33001
retained,1,2026080501,360,55080,0.5129218625552388,33095
retained,1,2026080501,361,55233,0.5490897786658078,33179
retained,1,2026080501,362,55386,0.6283854294309791,33271
retained,1,2026080501,363,55539,0.4799947313699633,33370
retained,1,2026080501,364,55692,0.571120926740463,33468
retained,1,2026080501,365,55845,0.5430111245800114,33550
retained,1,2026080501,366,55998,0.6657765913321976,33647
retained,1,2026080501,367,56151,0.503461327746632,33748
retained,1,2026080501,368,56304,0.5768965306723961,33833
retained,1,2026080501,369,56457,0.6700272818191487,33932
retained,1,2026080501,370,56610,0.5667515349988815,34032
retained,1,2026080501,371,56763,0.5377835460443685,34120
retained,1,2026080501,372,56916,0.6161481444888672,34220
retained,1,2026080501,373,57069,0.5293856262309579,34318
retained,1,2026080501,374,57222,0.5164850412694179,34409
retained,1,2026080501,375,57375,0.4929948341222554,34498
retained,1,2026080501,376,57528,0.621410673970952,34601
retained,1,2026080501,377,57681,0.5870240754530239,34685
retained,1,2026080501,378,57834,0.5208884359000073,34784
retained,1,2026080501,379,57987,0.568741823499016,34876
retained,1,2026080501,380,58140,0.6221365426917426,34959
retained,1,2026080501,381,58293,0.32996785479995727,35052
retained,1,2026080501,382,58446,0.46271968799359686,35146
retained,1,2026080501,383,58599,0.3304245801832863,35254
retained,1,2026080501,384,58752,0.5012154779957702,35347
retained,1,2026080501,385,58905,0.7227229639646429,35439
retained,1,2026080501,386,59058,0.579798813254765,35528
retained,1,2026080501,387,59211,0.6047234580661831,35626
retained,1,2026080501,388,59364,0.5908372503415305,35733
retained,1,2026080501,389,59517,0.49212017306150097,35827
retained,1,2026080501,390,59670,0.4853560483982146,35924
retained,1,2026080501,391,59823,0.6680104675834295,36014
retained,1,2026080501,392,59976,0.698634493369529,36111
retained,1,2026080501,393,60129,0.4469287130078341,36209
retained,1,2026080501,394,60282,0.5557154689799839,36293
retained,1,2026080501,395,60435,0.5779144532044609,36381
retained,1,2026080501,396,60588,0.3664496717788085,36481
retained,1,2026080501,397,60741,0.5044804872945526,36579
retained,1,2026080501,398,60894,0.4964797231151531,36676
retained,1,2026080501,399,61047,0.6653735607266907,36771
retained,1,2026080501,400,61200,0.5502458734832016,36871
retained,1,2026080501,401,61353,0.6136130829007259,36962
retained,1,2026080501,402,61506,0.6077935942128715,37053
retained,1,2026080501,403,61659,0.6448981815644664,37132
retained,1,2026080501,404,61812,0.5625608899406381,37223
retained,1,2026080501,405,61965,0.5035384708426176,37317
retained,1,2026080501,406,62118,0.6821775631334396,37410
retained,1,2026080501,407,62271,0.37942016632232034,37505
retained,1,2026080501,408,62424,0.4918778704942854,37596
retained,1,2026080501,409,62577,0.6683503272577894,37681
retained,1,2026080501,410,62730,0.4737727589240433,37779
retained,1,2026080501,411,62883,0.47567780915356433,37864
retained,1,2026080501,412,63036,0.6516645521431256,37960
retained,1,2026080501,413,63189,0.5691015821349206,38048
retained,1,2026080501,414,63342,0.5084397856749742,38136
retained,1,2026080501,415,63495,0.6541432897841523,38228
retained,1,2026080501,416,63648,0.5001295822492903,38312
retained,1,2026080501,417,63801,0.4956041543974105,38411
retained,1,2026080501,418,63954,0.5727904822185935,38502
retained,1,2026080501,419,64107,0.5857701597019178,38588
retained,1,2026080501,420,64260,0.4278541188910763,38679
retained,1,2026080501,421,64413,0.5991487177421702,38774
retained,1,2026080501,422,64566,0.5732768296352039,38856
retained,1,2026080501,423,64719,0.3495324003146724,38953
retained,1,2026080501,424,64872,0.40914720747312955,39058
retained,1,2026080501,425,65025,0.411218218846936,39151
retained,1,2026080501,426,65178,0.5645123471807394,39249
retained,1,2026080501,427,65331,0.6388485441366097,39334
retained,1,2026080501,428,65484,0.47162211268228554,39426
retained,1,2026080501,429,65637,0.2924342879494725,39511
retained,1,2026080501,430,65790,0.4435328321185934,39601
retained,1,2026080501,431,65943,0.48729721909999363,39692
retained,1,2026080501,432,66096,0.5576581097972475,39789
retained,1,2026080501,433,66249,0.664067287969592,39876
retained,1,2026080501,434,66402,0.4394253040483622,39963
retained,1,2026080501,435,66555,0.525104632297674,40060
retained,1,2026080501,436,66708,0.5454189638482463,40145
retained,1,2026080501,437,66861,0.498659081235818,40237
retained,1,2026080501,438,67014,0.45586199761731133,40336
retained,1,2026080501,439,67167,0.596594466479225,40429
retained,1,2026080501,440,67320,0.6060421647646289,40523
retained,1,2026080501,441,67473,0.6319982065341989,40617
retained,1,2026080501,442,67626,0.5807221357133113,40708
retained,1,2026080501,443,67779,0.6340649904677114,40791
retained,1,2026080501,444,67932,0.5394662028113988,40881
retained,1,2026080501,445,68085,0.5449216270108104,40963
retained,1,2026080501,446,68238,0.5859751079405278,41055
retained,1,2026080501,447,68391,0.661313923674265,41136
retained,1,2026080501,448,68544,0.4784116760431385,41231
retained,1,2026080501,449,68697,0.5881283645958876,41325
retained,1,2026080501,450,68850,0.6668104479768678,41415
retained,1,2026080501,451,69003,0.6273943397630907,41516
retained,1,2026080501,452,69156,0.671732569789975,41613
retained,1,2026080501,453,69309,0.6184978796644032,41699
retained,1,2026080501,454,69462,0.49772699802540543,41787
retained,1,2026080501,455,69615,0.6262348869209852,41875
retained,1,2026080501,456,69768,0.5653231940578328,41971
retained,1,2026080501,457,69921,0.7939315635818838,42062
retained,1,2026080501,458,70074,0.7196644672093486,42151
retained,1,2026080501,459,70227,0.3205812800264535,42244
retained,1,2026080501,460,70380,0.48428626078234943,42337
retained,1,2026080501,461,70533,0.5694955586738596,42433
retained,1,2026080501,462,70686,0.4935786327694341,42532
retained,1,2026080501,463,70839,0.5442239857962397,42628
retained,1,2026080501,464,70992,0.6097043572015612,42717
retained,1,2026080501,465,71145,0.7025585776871068,42818
retained,1,2026080501,466,71298,0.5312607539894686,42902
retained,1,2026080501,467,71451,0.5750647020105225,42993
retained,1,2026080501,468,71604,0.4885731090413178,43084
retained,1,2026080501,469,71757,0.7084519535664273,43173
retained,1,2026080501,470,71910,0.6767857113189322,43258
retained,1,2026080501,471,72063,0.5205902859289925,43356
retained,1,2026080501,472,72216,0.5888329792603157,43452
retained,1,2026080501,473,72369,0.5030616953986055,43546
retained,1,2026080501,474,72522,0.6271654656832893,43622
retained,1,2026080501,475,72675,0.6451332435212368,43707
retained,1,2026080501,476,72828,0.5080856727349664,43791
retained,1,2026080501,477,72981,0.5789349693075784,43892
retained,1,2026080501,478,73134,0.6902179111796309,43989
retained,1,2026080501,479,73287,0.6194015402715672,44081
retained,1,2026080501,480,73440,0.591615201761788,44180
retained,1,2026080501,481,73593,0.544583699229633,44280
retained,1,2026080501,482,73746,0.5593926888710203,44375
retained,1,2026080501,483,73899,0.5563860073657779,44480
retained,1,2026080501,484,74052,0.6640219276833037,44570
retained,1,2026080501,485,74205,0.5447025966156089,44659
retained,1,2026080501,486,74358,0.6108993352535678,44744
retained,1,2026080501,487,74511,0.4724751902054303,44831
retained,1,2026080501,488,74664,0.4906700904966297,44914
retained,1,2026080501,489,74817,0.5666270400412844,45010
retained,1,2026080501,490,74970,0.5015352927995944,45103
retained,1,2026080501,491,75123,0.6924306445210204,45199
retained,1,2026080501,492,75276,0.48296578605316187,45288
retained,1,2026080501,493,75429,0.37223566320003854,45387
retained,1,2026080501,494,75582,0.30063546531880514,45480
retained,1,2026080501,495,75735,0.5783945957667138,45587
retained,1,2026080501,496,75888,0.467119231987812,45676
retained,1,2026080501,497,76041,0.41244853291548517,45768
retained,1,2026080501,498,76194,0.5976124324816006,45858
retained,1,2026080501,499,76347,0.48097866593263405,45951
retained,1,2026080501,500,76500,0.5694712404827315,46045
retained,1,2026080501,501,76653,0.6496145728332228,46136
retained,1,2026080501,502,76806,0.491974651793089,46241
retained,1,2026080501,503,76959,0.6298766729599389,46337
retained,1,2026080501,504,77112,0.5461926189138495,46435
retained,1,2026080501,505,77265,0.4861459818476903,46538
retained,1,2026080501,506,77418,0.5364581898094681,46628
retained,1,2026080501,507,77571,0.644983753722004,46714
retained,1,2026080501,508,77724,0.5777182219798672,46805
retained,1,2026080501,509,77877,0.4832933062939474,46892
retained,1,2026080501,510,78030,0.5451871833592561,46974
retained,1,2026080501,511,78183,0.6038843715038257,47066
retained,1,2026080501,512,78336,0.6196002179614521,47160
retained,1,2026080501,513,78489,0.7538098585842764,47253
retained,1,2026080501,514,78642,0.7340484622797978,47344
retained,1,2026080501,515,78795,0.5776343967035347,47427
retained,1,2026080501,516,78948,0.5455086474265706,47515
retained,1,2026080501,517,79101,0.5698706308230529,47587
retained,1,2026080501,518,79254,0.629112465926999,47674
retained,1,2026080501,519,79407,0.6671915289365793,47766
retained,1,2026080501,520,79560,0.6003600244811027,47853
retained,1,2026080501,521,79713,0.5356927968744674,47941
retained,1,2026080501,522,79866,0.6287006706314923,48027
retained,1,2026080501,523,80019,0.6222383408506753,48123
retained,1,2026080501,524,80172,0.532198851262764,48222
retained,1,2026080501,525,80325,0.5749172183542597,48320
retained,1,2026080501,526,80478,0.6274968601431156,48407
retained,1,2026080501,527,80631,0.7325501630755274,48500
retained,1,2026080501,528,80784,0.5861964143488443,48585
retained,1,2026080501,529,80937,0.6252302927199652,48678
retained,1,2026080501,530,81090,0.4836902327363726,48769
retained,1,2026080501,531,81243,0.6544554657341164,48865
retained,1,2026080501,532,81396,0.41822445871861763,48959
retained,1,2026080501,533,81549,0.5446549409067774,49044
retained,1,2026080501,534,81702,0.39121711436944884,49132
retained,1,2026080501,535,81855,0.6557471430955301,49226
retained,1,2026080501,536,82008,0.6561956312993651,49320
retained,1,2026080501,537,82161,0.5138961621630065,49410
retained,1,2026080501,538,82314,0.3857288326428042,49509
retained,1,2026080501,539,82467,0.6572217367656914,49608
retained,1,2026080501,540,82620,0.4628402223532063,49703
retained,1,2026080501,541,82773,0.5791243730022687,49796
retained,1,2026080501,542,82926,0.6607664304057365,49891
retained,1,2026080501,543,83079,0.5878879196302981,49985
retained,1,2026080501,544,83232,0.389894783301913,50073
retained,1,2026080501,545,83385,0.4299281912016423,50167
retained,1,2026080501,546,83538,0.6155464721224821,50257
retained,1,2026080501,547,83691,0.4440323442971048,50343
retained,1,2026080501,548,83844,0.41709159859665457,50437
retained,1,2026080501,549,83997,0.4466470776436101,50534
retained,1,2026080501,550,84150,0.49752868071098333,50630
retained,1,2026080501,551,84303,0.45940997302430003,50710
retained,1,2026080501,552,84456,0.4652791121564174,50800
retained,1,2026080501,553,84609,0.4122362500652213,50899
retained,1,2026080501,554,84762,0.5624078654800851,50993
retained,1,2026080501,555,84915,0.46807091051408306,51081
retained,1,2026080501,556,85068,0.5074994004141284,51172
retained,1,2026080501,557,85221,0.5726035530371661,51264
retained,1,2026080501,558,85374,0.6120199148949255,51350
retained,1,2026080501,559,85527,0.5572666615532705,51443
retained,1,2026080501,560,85680,0.5591952807397729,51538
retained,1,2026080501,561,85833,0.6770512563272969,51625
retained,1,2026080501,562,85986,0.5959527053038143,51719
retained,1,2026080501,563,86139,0.5013818097094865,51817
retained,1,2026080501,564,86292,0.5306042445797301,51904
retained,1,2026080501,565,86445,0.7040474945633154,51995
retained,1,2026080501,566,86598,0.6388946269746221,52086
retained,1,2026080501,567,86751,0.5163632938059389,52172
retained,1,2026080501,568,86904,0.5638825475228234,52274
retained,1,2026080501,569,87057,0.39553689593709007,52354
retained,1,2026080501,570,87210,0.588766584502074,52437
retained,1,2026080501,571,87363,0.6352022193543552,52525
retained,1,2026080501,572,87516,0.6382306793922042,52619
retained,1,2026080501,573,87669,0.5084289270295135,52715
retained,1,2026080501,574,87822,0.5983741949306843,52804
retained,1,2026080501,575,87975,0.6865738092109482,52894
retained,1,2026080501,576,88128,0.5947196059535221,52985
retained,1,2026080501,577,88281,0.6852010411812323,53073
retained,1,2026080501,578,88434,0.5335804867384195,53162
retained,1,2026080501,579,88587,0.5291681142913467,53253
retained,1,2026080501,580,88740,0.4099197861133537,53344
retained,1,2026080501,581,88893,0.5789128396118746,53440
retained,1,2026080501,582,89046,0.6028607868950796,53529
retained,1,2026080501,583,89199,0.46228457005147244,53629
retained,1,2026080501,584,89352,0.5917923225114965,53730
retained,1,2026080501,585,89505,0.6913759253018249,53812
retained,1,2026080501,586,89658,0.6504091821434899,53916
retained,1,2026080501,587,89811,0.4959043510268538,54009
retained,1,2026080501,588,89964,0.5112065893733047,54100
retained,1,2026080501,589,90117,0.36193784640113963,54199
retained,1,2026080501,590,90270,0.5319536253283731,54296
retained,1,2026080501,591,90423,0.6409706709348333,54393
retained,1,2026080501,592,90576,0.6031907629485225,54481
retained,1,2026080501,593,90729,0.455566297320057,54573
retained,1,2026080501,594,90882,0.5861704827332282,54668
retained,1,2026080501,595,91035,0.5482306581216403,54764
retained,1,2026080501,596,91188,0.5945396659423777,54863
retained,1,2026080501,597,91341,0.6769108080153368,54963
retained,1,2026080501,598,91494,0.35353646960845464,55069
retained,1,2026080501,599,91647,0.4066552882533565,55167
retained,1,2026080501,600,91800,0.5854439725605681,55260
retained,1,2026080501,601,91953,0.5761023682574896,55348
retained,1,2026080501,602,92106,0.516584586037792,55439
retained,1,2026080501,603,92259,0.41089922262280554,55533
retained,1,2026080501,604,92412,0.53635821119596,55631
retained,1,2026080501,605,92565,0.25928260594457625,55722
retained,1,2026080501,606,92718,0.5762548968600789,55816
retained,1,2026080501,607,92871,0.5444974218426799,55903
retained,1,2026080501,608,93024,0.7146167010781959,55997
retained,1,2026080501,609,93177,0.737159332978482,56080
retained,1,2026080501,610,93330,0.5933729904908052,56170
retained,1,2026080501,611,93483,0.5810577587673856,56265
retained,1,2026080501,612,93636,0.6434339187370115,56359
retained,1,2026080501,613,93789,0.5516697548777458,56449
retained,1,2026080501,614,93942,0.6678456960373192,56535
retained,1,2026080501,615,94095,0.5393440407394825,56636
retained,1,2026080501,616,94248,0.5638708373862896,56729
retained,1,2026080501,617,94401,0.5631425529063545,56829
retained,1,2026080501,618,94554,0.6106428754854151,56921
retained,1,2026080501,619,94707,0.675075099692947,57005
retained,1,2026080501,620,94860,0.4136216771436084,57102
retained,1,2026080501,621,95013,0.46606579627150924,57205
retained,1,2026080501,622,95166,0.4872191068708905,57300
retained,1,2026080501,623,95319,0.6255004324658614,57392
retained,1,2026080501,624,95472,0.5983929001412094,57483
retained,1,2026080501,625,95625,0.6083766038104429,57577
retained,1,2026080501,626,95778,0.5345113508830498,57670
retained,1,2026080501,627,95931,0.5633013027016603,57765
retained,1,2026080501,628,96084,0.5065575735884158,57852
retained,1,2026080501,629,96237,0.5203797013921008,57948
retained,1,2026080501,630,96390,0.647102744384729,58050
retained,1,2026080501,631,96543,0.5689167209394224,58151
retained,1,2026080501,632,96696,0.6876205257864557,58245
retained,1,2026080501,633,96849,0.432759340082118,58338
retained,1,2026080501,634,97002,0.5029289030461026,58435
retained,1,2026080501,635,97155,0.4624596196339009,58520
retained,1,2026080501,636,97308,0.3895959594184516,58615
retained,1,2026080501,637,97461,0.6733158717922235,58710
retained,1,2026080501,638,97614,0.5542485238991834,58799
retained,1,2026080501,639,97767,0.5419371651010579,58894
retained,1,2026080501,640,97920,0.6487347331351171,58982
retained,1,2026080501,641,98073,0.7183148363117415,59074
retained,1,2026080501,642,98226,0.6015772097268437,59167
retained,1,2026080501,643,98379,0.602414576449329,59244
retained,1,2026080501,644,98532,0.6241152543773885,59329
retained,1,2026080501,645,98685,0.6143105429447425,59432
retained,1,2026080501,646,98838,0.5059507106932678,59530
retained,1,2026080501,647,98991,0.4567914249910942,59627
retained,1,2026080501,648,99144,0.6374935677896644,59715
retained,1,2026080501,649,99297,0.6026446623229372,59813
retained,1,2026080501,650,99450,0.7893820696227115,59907
retained,1,2026080501,651,99603,0.5943720589283096,60004
retained,1,2026080501,652,99756,0.5965213890626218,60103
retained,1,2026080501,653,99909,0.6478274737273149,60202
retained,1,2026080501,654,100062,0.6818147638692801,60291
retained,1,2026080501,655,100215,0.6108084768306354,60382
retained,1,2026080501,656,100368,0.47176085301398857,60486
retained,1,2026080501,657,100521,0.6086667474248222,60574
retained,1,2026080501,658,100674,0.5831825271687748,60665
retained,1,2026080501,659,100827,0.4924720534654043,60751
retained,1,2026080501,660,100980,0.6500463327999892,60848
retained,1,2026080501,661,101133,0.5877462301398825,60930
retained,1,2026080501,662,101286,0.6647255421890336,61030
retained,1,2026080501,663,101439,0.6802737685242044,61133
retained,1,2026080501,664,101592,0.6289970737172627,61226
retained,1,2026080501,665,101745,0.5598339905956392,61315
retained,1,2026080501,666,101898,0.6425388152281746,61405
retained,1,2026080501,667,102051,0.6417696015970702,61491
retained,1,2026080501,668,102204,0.6624284875155528,61580
retained,1,2026080501,669,102357,0.4929748611281697,61668
retained,1,2026080501,670,102510,0.5965468612913868,61755
retained,1,2026080501,671,102663,0.5668984955436422,61856
retained,1,2026080501,672,102816,0.6278281909903272,61955
retained,1,2026080501,673,102969,0.647099767702865,62047
retained,1,2026080501,674,103122,0.6051439582017144,62132
retained,1,2026080501,675,103275,0.6482645749133227,62225
retained,1,2026080501,676,103428,0.6403262792806171,62322
retained,1,2026080501,677,103581,0.6564958550568547,62412
retained,1,2026080501,678,103734,0.5208446319729708,62500
retained,1,2026080501,679,103887,0.5322526766432636,62602
retained,1,2026080501,680,104040,0.6404035681509482,62690
retained,1,2026080501,681,104193,0.7590470078061734,62783
retained,1,2026080501,682,104346,0.6805254701867356,62883
retained,1,2026080501,683,104499,0.5616415400827154,62985
retained,1,2026080501,684,104652,0.6117743679810054,63076
retained,1,2026080501,685,104805,0.6605855223400864,63162
retained,1,2026080501,686,104958,0.6967969812211516,63251
retained,1,2026080501,687,105111,0.6989510021634036,63346
retained,1,2026080501,688,105264,0.568441203488007,63433
retained,1,2026080501,689,105417,0.6526653730591351,63522
retained,1,2026080501,690,105570,0.5385252769636912,63617
retained,1,2026080501,691,105723,0.4942177998680597,63705
retained,1,2026080501,692,105876,0.5892244098528151,63795
retained,1,2026080501,693,106029,0.6108096442383468,63892
retained,1,2026080501,694,106182,0.7029497840317734,63983
retained,1,2026080501,695,106335,0.6620461134447579,64070
retained,1,2026080501,696,106488,0.510576339278485,64155
retained,1,2026080501,697,106641,0.558332222607324,64248
retained,1,2026080501,698,106794,0.7370831235390595,64345
retained,1,2026080501,699,106947,0.5682406084187943,64441
retained,1,2026080501,700,107100,0.6482811487916412,64527
retained,1,2026080501,701,107253,0.4153036058468141,64617
retained,1,2026080501,702,107406,0.6303201227318433,64715
retained,1,2026080501,703,107559,0.6494511005633931,64813
retained,1,2026080501,704,107712,0.5536392136897843,64913
retained,1,2026080501,705,107865,0.7067188716459444,65003
retained,1,2026080501,706,108018,0.7606419007316265,65097
retained,1,2026080501,707,108171,0.4518844029785664,65187
retained,1,2026080501,708,108324,0.462795961071543,65282
retained,1,2026080501,709,108477,0.7199300178875723,65370
retained,1,2026080501,710,108630,0.7346173785839368,65455
retained,1,2026080501,711,108783,0.509215554717085,65553
retained,1,2026080501,712,108936,0.5819636988139796,65641
retained,1,2026080501,713,109089,0.4462231841717828,65736
retained,1,2026080501,714,109242,0.5603340602751428,65825
retained,1,2026080501,715,109395,0.484615340406793,65921
retained,1,2026080501,716,109548,0.49829520819643325,66026
retained,1,2026080501,717,109701,0.4980190300487412,66120
retained,1,2026080501,718,109854,0.42409348846796496,66209
retained,1,2026080501,719,110007,0.640859097203029,66305
retained,1,2026080501,720,110160,0.6589640080120532,66398
retained,1,2026080501,721,110313,0.668099001491197,66492
retained,1,2026080501,722,110466,0.5078665565157211,66599
retained,1,2026080501,723,110619,0.6760824382235571,66698
retained,1,2026080501,724,110772,0.659126968262677,66787
retained,1,2026080501,725,110925,0.35992505646027356,66878
retained,1,2026080501,726,111078,0.408048767182758,66967
retained,1,2026080501,727,111231,0.6462618339036874,67060
retained,1,2026080501,728,111384,0.5247284194373799,67154
retained,1,2026080501,729,111537,0.5559573158122731,67247
retained,1,2026080501,730,111690,0.5050342578387426,67340
retained,1,2026080501,731,111843,0.6229951934538797,67428
retained,1,2026080501,732,111996,0.36565677003769675,67525
retained,1,2026080501,733,112149,0.6052250478037139,67612
retained,1,2026080501,734,112302,0.3983294043289357,67703
retained,1,2026080501,735,112455,0.6246679580546707,67791
retained,1,2026080501,736,112608,0.567578219061364,67892
retained,1,2026080501,737,112761,0.5550096253605119,67981
retained,1,2026080501,738,112914,0.6921579226508024,68081
retained,1,2026080501,739,113067,0.6788497736887635,68178
retained,1,2026080501,740,113220,0.5462389429789063,68265
retained,1,2026080501,741,113373,0.5603884826523882,68354
retained,1,2026080501,742,113526,0.5174143509782351,68438
retained,1,2026080501,743,113679,0.5826721346043292,68529
retained,1,2026080501,744,113832,0.580813319545776,68626
retained,1,2026080501,745,113985,0.40327194988138515,68712
retained,1,2026080501,746,114138,0.5768625354477921,68807
retained,1,2026080501,747,114291,0.5532305796326594,68903
retained,1,2026080501,748,114444,0.44141489431317377,69003
retained,1,2026080501,749,114597,0.5744544507490442,69090
retained,1,2026080501,750,114750,0.5776884541500226,69177
retained,1,2026080501,751,114903,0.6081004462284243,69275
retained,1,2026080501,752,115056,0.5405947931938494,69370
retained,1,2026080501,753,115209,0.41449362930666095,69465
retained,1,2026080501,754,115362,0.45137084640492425,69557
retained,1,2026080501,755,115515,0.5999989464001284,69648
retained,1,2026080501,756,115668,0.7282619715680655,69737
retained,1,2026080501,757,115821,0.611010516542016,69830
retained,1,2026080501,758,115974,0.588645848881025,69927
retained,1,2026080501,759,116127,0.6224330496677234,70020
retained,1,2026080501,760,116280,0.5555185648941732,70115
retained,1,2026080501,761,116433,0.5839901998602353,70211
retained,1,2026080501,762,116586,0.525738452874701,70288
retained,1,2026080501,763,116739,0.543099656596736,70382
retained,1,2026080501,764,116892,0.5113072088830775,70473
retained,1,2026080501,765,117045,0.5504893157310524,70566
retained,1,2026080501,766,117198,0.6289851878560414,70649
retained,1,2026080501,767,117351,0.4957937025483347,70758
retained,1,2026080501,768,117504,0.5254144546532105,70856
retained,1,2026080501,769,117657,0.7484668831586521,70963
retained,1,2026080501,770,117810,0.5652326607778728,71059
retained,1,2026080501,771,117963,0.45181748502665814,71151
retained,1,2026080501,772,118116,0.6220480524961234,71235
retained,1,2026080501,773,118269,0.6414871871380933,71319
retained,1,2026080501,774,118422,0.5318447307595533,71412
retained,1,2026080501,775,118575,0.608683960246876,71504
retained,1,2026080501,776,118728,0.5685647556834809,71593
retained,1,2026080501,777,118881,0.6384247267115472,71677
retained,1,2026080501,778,119034,0.6362046612179217,71764
retained,1,2026080501,779,119187,0.6226057796193041,71853
retained,1,2026080501,780,119340,0.5431407194235425,71940
retained,1,2026080501,781,119493,0.6927700068308869,72030
retained,1,2026080501,782,119646,0.6459908266334712,72119
retained,1,2026080501,783,119799,0.49422590914491754,72219
retained,1,2026080501,784,119952,0.6196401470845043,72306
retained,1,2026080501,785,120105,0.6556608842239492,72404
retained,1,2026080501,786,120258,0.46155442486550613,72502
retained,1,2026080501,787,120411,0.5907239039400457,72594
retained,1,2026080501,788,120564,0.5205691286436043,72687
retained,1,2026080501,789,120717,0.49000738899223906,72783
retained,1,2026080501,790,120870,0.5775901335313735,72875
retained,1,2026080501,791,121023,0.6060438465447552,72966
retained,1,2026080501,792,121176,0.5518407528846824,73047
retained,1,2026080501,793,121329,0.7218632089794912,73147
retained,1,2026080501,794,121482,0.557715969230999,73248
retained,1,2026080501,795,121635,0.42675816458312316,73353
retained,1,2026080501,796,121788,0.472927932037875,73447
retained,1,2026080501,797,121941,0.6623018581083708,73542
retained,1,2026080501,798,122094,0.6141515137365167,73632
retained,1,2026080501,799,122247,0.5377524415683542,73717
retained,1,2026080501,800,122400,0.6390561913804421,73805
retained,1,2026080501,801,122553,0.5530726986803088,73900
retained,1,2026080501,802,122706,0.5855710009456443,73978
retained,1,2026080501,803,122859,0.5537807733495534,74073
retained,1,2026080501,804,123012,0.5294082316765019,74166
retained,1,2026080501,805,123165,0.6034381475797197,74253
retained,1,2026080501,806,123318,0.5463845971577342,74351
retained,1,2026080501,807,123471,0.5857095402505479,74447
retained,1,2026080501,808,123624,0.6198352017548783,74541
retained,1,2026080501,809,123777,0.5184766288321534,74647
retained,1,2026080501,810,123930,0.4854756832435951,74732
retained,1,2026080501,811,124083,0.62590428238742,74828
retained,1,2026080501,812,124236,0.5964898682126485,74928
retained,1,2026080501,813,124389,0.6458138004075585,75014
retained,1,2026080501,814,124542,0.554071490113701,75100
retained,1,2026080501,815,124695,0.7050963645150438,75194
retained,1,2026080501,816,124848,0.5918302356388118,75275
retained,1,2026080501,817,125001,0.621419577074884,75372
retained,1,2026080501,818,125154,0.6522588533869054,75465
retained,1,2026080501,819,125307,0.623300678951892,75563
retained,1,2026080501,820,125460,0.5294657260211556,75660
retained,1,2026080501,821,125613,0.55171401237914,75741
retained,1,2026080501,822,125766,0.5087182556031484,75827
retained,1,2026080501,823,125919,0.6327052399303855,75916
retained,1,2026080501,824,126072,0.36056204114984236,76006
retained,1,2026080501,825,126225,0.5603304640400665,76110
retained,1,2026080501,826,126378,0.5480223345276982,76193
retained,1,2026080501,827,126531,0.4560629430724659,76279
retained,1,2026080501,828,126684,0.47954885618110493,76369
retained,1,2026080501,829,126837,0.3693807821078462,76462
retained,1,2026080501,830,126990,0.5785098836790211,76550
retained,1,2026080501,831,127143,0.4232142126060354,76644
retained,1,2026080501,832,127296,0.560987786091782,76737
retained,1,2026080501,833,127449,0.42193378790405656,76836
retained,1,2026080501,834,127602,0.5633451229279166,76933
retained,1,2026080501,835,127755,0.5717550269741531,77016
retained,1,2026080501,836,127908,0.6404197189827665,77119
retained,1,2026080501,837,128061,0.3765527946567131,77212
retained,1,2026080501,838,128214,0.5111177647837833,77307
retained,1,2026080501,839,128367,0.5921179557061613,77394
retained,1,2026080501,840,128520,0.7457707452186609,77480
retained,1,2026080501,841,128673,0.6623940376057758,77575
retained,1,2026080501,842,128826,0.6732140940989069,77675
retained,1,2026080501,843,128979,0.5588193110992136,77775
retained,1,2026080501,844,129132,0.6680984424436014,77870
retained,1,2026080501,845,129285,0.4916205539780332,77958
retained,1,2026080501,846,129438,0.46409705198905843,78046
retained,1,2026080501,847,129591,0.639617882500616,78138
retained,1,2026080501,848,129744,0.6795434573767598,78219
retained,1,2026080501,849,129897,0.6589077343989693,78307
retained,1,2026080501,850,130050,0.5378426467826843,78396
retained,1,2026080501,851,130203,0.539499851563375,78490
retained,1,2026080501,852,130356,0.42478967613267193,78578
retained,1,2026080501,853,130509,0.6174491200625254,78677
retained,1,2026080501,854,130662,0.6983833719992644,78772
retained,1,2026080501,855,130815,0.6182772944759013,78865
retained,1,2026080501,856,130968,0.5824535909244853,78957
retained,1,2026080501,857,131121,0.6471414971019033,79052
retained,1,2026080501,858,131274,0.5215308259892258,79152
retained,1,2026080501,859,131427,0.5987248243147957,79247
retained,1,2026080501,860,131580,0.6398378184766249,79338
retained,1,2026080501,861,131733,0.6409476197663556,79425
retained,1,2026080501,862,131886,0.6617528311062509,79511
retained,1,2026080501,863,132039,0.7611156240570237,79602
retained,1,2026080501,864,132192,0.5132985011690411,79687
retained,1,2026080501,865,132345,0.4092269866407603,79780
retained,1,2026080501,866,132498,0.4444243401536887,79873
retained,1,2026080501,867,132651,0.5117604153833952,79966
retained,1,2026080501,868,132804,0.5244631263244545,80054
retained,1,2026080501,869,132957,0.5519851452071624,80141
retained,1,2026080501,870,133110,0.6113396916242263,80241
retained,1,2026080501,871,133263,0.6457749909936107,80327
retained,1,2026080501,872,133416,0.6910587895476358,80427
retained,1,2026080501,873,133569,0.6115240414027233,80515
retained,1,2026080501,874,133722,0.5864340222228297,80610
retained,1,2026080501,875,133875,0.526200935239633,80704
retained,1,2026080501,876,134028,0.5801742322669922,80781
retained,1,2026080501,877,134181,0.5522538427300719,80871
retained,1,2026080501,878,134334,0.543273500433058,80957
retained,1,2026080501,879,134487,0.5863676359707385,81052
retained,1,2026080501,880,134640,0.5593962083017117,81150
retained,1,2026080501,881,134793,0.620304255107323,81239
retained,1,2026080501,882,134946,0.56841551761825,81332
retained,1,2026080501,883,135099,0.6066786029774296,81421
retained,1,2026080501,884,135252,0.6589377851782966,81510
retained,1,2026080501,885,135405,0.5476356617220894,81587
retained,1,2026080501,886,135558,0.40606555452540677,81685
retained,1,2026080501,887,135711,0.5781578694621287,81773
retained,1,2026080501,888,135864,0.49223082154002007,81872
retained,1,2026080501,889,136017,0.6353757047878075,81957
retained,1,2026080501,890,136170,0.7425840690373112,82046
retained,1,2026080501,891,136323,0.5170380213627419,82135
retained,1,2026080501,892,136476,0.3973877772233781,82220
retained,1,2026080501,893,136629,0.5313788170088379,82321
retained,1,2026080501,894,136782,0.5015045909086453,82407
retained,1,2026080501,895,136935,0.4605386357067144,82494
retained,1,2026080501,896,137088,0.6269208928397296,82591
retained,1,2026080501,897,137241,0.43614135592222525,82679
retained,1,2026080501,898,137394,0.6813745590716123,82772
retained,1,2026080501,899,137547,0.537143443827088,82868
retained,1,2026080501,900,137700,0.5274387728644634,82974
retained,1,2026080501,901,137853,0.627364070626632,83053
retained,1,2026080501,902,138006,0.6702642234772346,83141
retained,1,2026080501,903,138159,0.5826707107241129,83242
retained,1,2026080501,904,138312,0.6326831111796885,83334
retained,1,2026080501,905,138465,0.657254120257163,83431
retained,1,2026080501,906,138618,0.7784618132127077,83528
retained,1,2026080501,907,138771,0.7129455004257361,83629
retained,1,2026080501,908,138924,0.7219196645955944,83718
retained,1,2026080501,909,139077,0.48880864956329084,83809
retained,1,2026080501,910,139230,0.4429794075151505,83894
retained,1,2026080501,911,139383,0.5212428526077253,83985
retained,1,2026080501,912,139536,0.6757523880117814,84072
retained,1,2026080501,913,139689,0.510521178885018,84165
retained,1,2026080501,914,139842,0.5560220940912987,84259
retained,1,2026080501,915,139995,0.640954023131831,84345
retained,1,2026080501,916,140148,0.5651884160337372,84440
retained,1,2026080501,917,140301,0.6335203265671576,84528
retained,1,2026080501,918,140454,0.7090366124222666,84621
retained,1,2026080501,919,140607,0.6481289791662375,84702
retained,1,2026080501,920,140760,0.5794289656903177,84804
retained,1,2026080501,921,140913,0.6977501865137611,84901
retained,1,2026080501,922,141066,0.555452181476739,84999
retained,1,2026080501,923,141219,0.4340488477118491,85096
retained,1,2026080501,924,141372,0.5859943422370962,85195
retained,1,2026080501,925,141525,0.6291164230848904,85286
retained,1,2026080501,926,141678,0.5794172980877911,85384
retained,1,2026080501,927,141831,0.5911474461213038,85481
retained,1,2026080501,928,141984,0.3725557481408223,85578
retained,1,2026080501,929,142137,0.5572389609970204,85673
retained,1,2026080501,930,142290,0.3508248617724822,85772
retained,1,2026080501,931,142443,0.3820179988648622,85865
retained,1,2026080501,932,142596,0.4988344721772622,85968
retained,1,2026080501,933,142749,0.6667392585024662,86070
retained,1,2026080501,934,142902,0.6996320171089851,86158
retained,1,2026080501,935,143055,0.6276371421400606,86244
retained,1,2026080501,936,143208,0.7175230406123775,86329
retained,1,2026080501,937,143361,0.723395543913774,86413
retained,1,2026080501,938,143514,0.6088100585077324,86504
retained,1,2026080501,939,143667,0.6462121094158619,86597
retained,1,2026080501,940,143820,0.6169448305459608,86683
retained,1,2026080501,941,143973,0.7024108046261295,86773
retained,1,2026080501,942,144126,0.44780395459134503,86864
retained,1,2026080501,943,144279,0.5512050511131076,86959
retained,1,2026080501,944,144432,0.5151461865307471,87053
retained,1,2026080501,945,144585,0.5857066561929466,87152
retained,1,2026080501,946,144738,0.41043530477846135,87236
retained,1,2026080501,947,144891,0.34397618546483183,87335
retained,1,2026080501,948,145044,0.5645125300552927,87421
retained,1,2026080501,949,145197,0.691671048552506,87512
retained,1,2026080501,950,145350,0.7225674540859512,87601
retained,1,2026080501,951,145503,0.45379848110739046,87689
retained,1,2026080501,952,145656,0.6614142365661101,87792
retained,1,2026080501,953,145809,0.6344583758284573,87889
retained,1,2026080501,954,145962,0.5517257924560586,87983
retained,1,2026080501,955,146115,0.3968405693433333,88089
retained,1,2026080501,956,146268,0.6497143377372722,88178
retained,1,2026080501,957,146421,0.6695039801458839,88270
retained,1,2026080501,958,146574,0.4922120239835038,88373
retained,1,2026080501,959,146727,0.4756712863985037,88463
retained,1,2026080501,960,146880,0.5673310930596418,88552
retained,1,2026080501,961,147033,0.5876600051980443,88641
retained,1,2026080501,962,147186,0.6295708253313198,88728
retained,1,2026080501,963,147339,0.6287598669118402,88821
retained,1,2026080501,964,147492,0.6513989731101584,88913
retained,1,2026080501,965,147645,0.6367886632954882,89008
retained,1,2026080501,966,147798,0.5256572495693524,89104
retained,1,2026080501,967,147951,0.5859442978847921,89198
retained,1,2026080501,968,148104,0.5683426982925384,89298
retained,1,2026080501,969,148257,0.49982963342261344,89390
retained,1,2026080501,970,148410,0.5388961635537438,89482
retained,1,2026080501,971,148563,0.6968358908548347,89566
retained,1,2026080501,972,148716,0.49935337328616525,89661
retained,1,2026080501,973,148869,0.5392494173439908,89753
retained,1,2026080501,974,149022,0.619215609964184,89841
retained,1,2026080501,975,149175,0.4106202642260954,89946
retained,1,2026080501,976,149328,0.4325304810906042,90044
retained,1,2026080501,977,149481,0.5313459026046007,90147
retained,1,2026080501,978,149634,0.43553454114683876,90251
retained,1,2026080501,979,149787,0.4647991258780852,90345
retained,1,2026080501,980,149940,0.4586401126415177,90443
retained,1,2026080501,981,150093,0.5140391965388478,90534
retained,1,2026080501,982,150246,0.6120057964128331,90632
retained,1,2026080501,983,150399,0.5564868474735593,90718
retained,1,2026080501,984,150552,0.5297298374624673,90806
retained,1,2026080501,985,150705,0.5803804816545981,90903
retained,1,2026080501,986,150858,0.5582794676622791,91004
retained,1,2026080501,987,151011,0.5750104620156578,91097
retained,1,2026080501,988,151164,0.6488925198249194,91193
retained,1,2026080501,989,151317,0.6716846247557846,91289
retained,1,2026080501,990,151470,0.6726852966653202,91388
retained,1,2026080501,991,151623,0.5356438378383754,91481
retained,1,2026080501,992,151776,0.6899893055240657,91576
retained,1,2026080501,993,151929,0.6779306378463554,91662
retained,1,2026080501,994,152082,0.6024423750589611,91757
retained,1,2026080501,995,152235,0.5085283139099762,91852
retained,1,2026080501,996,152388,0.44647614449618905,91930
retained,1,2026080501,997,152541,0.5108415823170633,92020
retained,1,2026080501,998,152694,0.6525244040651291,92109
retained,1,2026080501,999,152847,0.6752742499452492,92207
retained,1,2026080501,1000,153000,0.5630299987165617,92305
burn_in,2,2026080502,1,765,0.5336468772431774,462
burn_in,2,2026080502,2,1530,0.6191354348009881,932
burn_in,2,2026080502,3,2295,0.7440321447601987,1374
burn_in,2,2026080502,4,3060,0.47471696052231876,1839
burn_in,2,2026080502,5,3825,0.588892842247508,2301
burn_in,2,2026080502,6,4590,0.7823691713800992,2770
burn_in,2,2026080502,7,5355,0.5880141105753338,3234
burn_in,2,2026080502,8,6120,0.5039487995989821,3686
burn_in,2,2026080502,9,6885,0.7135415662267515,4146
burn_in,2,2026080502,10,7650,0.5322311471422401,4617
burn_in,2,2026080502,11,8415,0.5256906015593955,5052
burn_in,2,2026080502,12,9180,0.6640838084188189,5505
burn_in,2,2026080502,13,9945,0.6388894701690119,5981
burn_in,2,2026080502,14,10710,0.6209593575941391,6446
burn_in,2,2026080502,15,11475,0.5306166422385747,6900
burn_in,2,2026080502,16,12240,0.6664673832323282,7357
burn_in,2,2026080502,17,13005,0.6331441137068634,7839
burn_in,2,2026080502,18,13770,0.5974005091105309,8293
burn_in,2,2026080502,19,14535,0.6980952418749775,8756
burn_in,2,2026080502,20,15300,0.6176044898787156,9233
retained,2,2026080502,1,153,0.6950273529698067,102
retained,2,2026080502,2,306,0.6724771930476163,193
retained,2,2026080502,3,459,0.583965262729329,280
retained,2,2026080502,4,612,0.6761574693295168,379
retained,2,2026080502,5,765,0.6804369551839473,473
retained,2,2026080502,6,918,0.5932402151516933,564
retained,2,2026080502,7,1071,0.5631343665750524,662
retained,2,2026080502,8,1224,0.6175470457028983,767
retained,2,2026080502,9,1377,0.701068111170542,861
retained,2,2026080502,10,1530,0.5464904201231385,947
retained,2,2026080502,11,1683,0.4735274157804148,1028
retained,2,2026080502,12,1836,0.5566368391040649,1118
retained,2,2026080502,13,1989,0.3886251197417959,1220
retained,2,2026080502,14,2142,0.5868611368033267,1312
retained,2,2026080502,15,2295,0.6201803670358486,1404
retained,2,2026080502,16,2448,0.6730603231810934,1489
retained,2,2026080502,17,2601,0.5721649113489167,1589
retained,2,2026080502,18,2754,0.49278809679899754,1680
retained,2,2026080502,19,2907,0.5298399907257906,1772
retained,2,2026080502,20,3060,0.5669185445404052,1865
retained,2,2026080502,21,3213,0.6237297787249564,1964
retained,2,2026080502,22,3366,0.5094008610539101,2064
retained,2,2026080502,23,3519,0.6270454885188426,2150
retained,2,2026080502,24,3672,0.4520432941418869,2255
retained,2,2026080502,25,3825,0.6345175441592024,2343
retained,2,2026080502,26,3978,0.7013264958419735,2448
retained,2,2026080502,27,4131,0.48203212179464916,2536
retained,2,2026080502,28,4284,0.5396326297375978,2632
retained,2,2026080502,29,4437,0.4685820648859682,2728
retained,2,2026080502,30,4590,0.48968468968200235,2818
retained,2,2026080502,31,4743,0.4659750526129963,2905
retained,2,2026080502,32,4896,0.5846779268971828,3008
retained,2,2026080502,33,5049,0.5411037653271115,3103
retained,2,2026080502,34,5202,0.5392776544873914,3192
retained,2,2026080502,35,5355,0.6019919980132894,3292
retained,2,2026080502,36,5508,0.5837717083353146,3389
retained,2,2026080502,37,5661,0.6937952234093568,3481
retained,2,2026080502,38,5814,0.6342370788714191,3582
retained,2,2026080502,39,5967,0.5990729923980526,3672
retained,2,2026080502,40,6120,0.5987666183412236,3760
retained,2,2026080502,41,6273,0.586085761144686,3852
retained,2,2026080502,42,6426,0.5450217837250133,3942
retained,2,2026080502,43,6579,0.6477389634505494,4031
retained,2,2026080502,44,6732,0.6733833886688403,4134
retained,2,2026080502,45,6885,0.6144088715207983,4219
retained,2,2026080502,46,7038,0.3599634915136652,4311
retained,2,2026080502,47,7191,0.42595360271190325,4398
retained,2,2026080502,48,7344,0.6243539029502341,4494
retained,2,2026080502,49,7497,0.5065497306336352,4589
retained,2,2026080502,50,7650,0.5178459673509571,4675
retained,2,2026080502,51,7803,0.5053321509180989,4770
retained,2,2026080502,52,7956,0.6141170893448538,4854
retained,2,2026080502,53,8109,0.6171218718919815,4945
retained,2,2026080502,54,8262,0.585049548363044,5030
retained,2,2026080502,55,8415,0.6890594041551746,5131
retained,2,2026080502,56,8568,0.6857257266005451,5219
retained,2,2026080502,57,8721,0.6954626675061828,5317
retained,2,2026080502,58,8874,0.8330415821851102,5401
retained,2,2026080502,59,9027,0.6026580031020711,5503
retained,2,2026080502,60,9180,0.6624665866415573,5591
retained,2,2026080502,61,9333,0.3452527683755552,5683
retained,2,2026080502,62,9486,0.5413250575589645,5781
retained,2,2026080502,63,9639,0.6297850951901005,5878
retained,2,2026080502,64,9792,0.7074923352065883,5978
retained,2,2026080502,65,9945,0.7354490294168425,6068
retained,2,2026080502,66,10098,0.6423334365111388,6152
retained,2,2026080502,67,10251,0.5376664218725911,6234
retained,2,2026080502,68,10404,0.5563351930970558,6332
retained,2,2026080502,69,10557,0.5394883320345841,6420
retained,2,2026080502,70,10710,0.6412859402190014,6506
retained,2,2026080502,71,10863,0.4473643759141537,6603
retained,2,2026080502,72,11016,0.6253107952186504,6695
retained,2,2026080502,73,11169,0.5917575571982778,6788
retained,2,2026080502,74,11322,0.6825683342885572,6868
retained,2,2026080502,75,11475,0.54785191264315,6958
retained,2,2026080502,76,11628,0.5537189398482848,7046
retained,2,2026080502,77,11781,0.486320832275591,7147
retained,2,2026080502,78,11934,0.4715114500250322,7232
retained,2,2026080502,79,12087,0.5367565627309299,7331
retained,2,2026080502,80,12240,0.5455575930178831,7417
retained,2,2026080502,81,12393,0.5391599818524936,7515
retained,2,2026080502,82,12546,0.6724197629955839,7614
retained,2,2026080502,83,12699,0.6561528222000101,7709
retained,2,2026080502,84,12852,0.6977863351727057,7808
retained,2,2026080502,85,13005,0.6182408362819926,7900
retained,2,2026080502,86,13158,0.5204684110788327,7993
retained,2,2026080502,87,13311,0.4938431742587563,8089
retained,2,2026080502,88,13464,0.5974541400699663,8178
retained,2,2026080502,89,13617,0.6992535923549374,8266
retained,2,2026080502,90,13770,0.591336975298949,8362
retained,2,2026080502,91,13923,0.47166836254964484,8442
retained,2,2026080502,92,14076,0.4997434594801954,8534
retained,2,2026080502,93,14229,0.7285849574597044,8629
retained,2,2026080502,94,14382,0.3963239795011533,8722
retained,2,2026080502,95,14535,0.3894909612457461,8817
retained,2,2026080502,96,14688,0.49710996945813607,8909
retained,2,2026080502,97,14841,0.5904202813778597,8995
retained,2,2026080502,98,14994,0.5775041431422815,9081
retained,2,2026080502,99,15147,0.4409454990485291,9177
retained,2,2026080502,100,15300,0.6831794400591511,9279
retained,2,2026080502,101,15453,0.5865321430050624,9373
retained,2,2026080502,102,15606,0.5432281707529009,9460
retained,2,2026080502,103,15759,0.47054575482231803,9551
retained,2,2026080502,104,15912,0.5542958672429018,9654
retained,2,2026080502,105,16065,0.3905618859708264,9746
retained,2,2026080502,106,16218,0.5395168575726335,9834
retained,2,2026080502,107,16371,0.44633450206109815,9918
retained,2,2026080502,108,16524,0.7288636577009442,10007
retained,2,2026080502,109,16677,0.5991452616013382,10106
retained,2,2026080502,110,16830,0.5140285718082807,10192
retained,2,2026080502,111,16983,0.4982854211475045,10290
retained,2,2026080502,112,17136,0.518377102745814,10372
retained,2,2026080502,113,17289,0.5016016861399173,10466
retained,2,2026080502,114,17442,0.6419656292446118,10563
retained,2,2026080502,115,17595,0.5752146456635655,10654
retained,2,2026080502,116,17748,0.5349782870668871,10741
retained,2,2026080502,117,17901,0.7863901913119841,10829
retained,2,2026080502,118,18054,0.5537853303530427,10923
retained,2,2026080502,119,18207,0.7441677571914848,11013
retained,2,2026080502,120,18360,0.4512398498513254,11108
retained,2,2026080502,121,18513,0.5098551807811113,11200
retained,2,2026080502,122,18666,0.5139067671618589,11286
retained,2,2026080502,123,18819,0.5633498822485955,11376
retained,2,2026080502,124,18972,0.688174234787692,11461
retained,2,2026080502,125,19125,0.5833415616815609,11555
retained,2,2026080502,126,19278,0.5598016808210922,11656
retained,2,2026080502,127,19431,0.587998570471561,11768
retained,2,2026080502,128,19584,0.6360975005477923,11857
retained,2,2026080502,129,19737,0.6274700594998786,11954
retained,2,2026080502,130,19890,0.5797076455123363,12047
retained,2,2026080502,131,20043,0.6898858013043134,12143
retained,2,2026080502,132,20196,0.6658066356486259,12239
retained,2,2026080502,133,20349,0.4467100374772668,12329
retained,2,2026080502,134,20502,0.48537957998767556,12420
retained,2,2026080502,135,20655,0.5723944869111347,12518
retained,2,2026080502,136,20808,0.6570247369464561,12617
retained,2,2026080502,137,20961,0.5431671264467239,12702
retained,2,2026080502,138,21114,0.7049866186625664,12788
retained,2,2026080502,139,21267,0.40135772091190175,12886
retained,2,2026080502,140,21420,0.6100284548876749,12982
retained,2,2026080502,141,21573,0.5207562204764049,13084
retained,2,2026080502,142,21726,0.6416347166317664,13179
retained,2,2026080502,143,21879,0.6585294919938564,13274
retained,2,2026080502,144,22032,0.5327401627513828,13369
retained,2,2026080502,145,22185,0.5417118170640681,13460
retained,2,2026080502,146,22338,0.42940999409542535,13565
retained,2,2026080502,147,22491,0.5669227090405266,13656
retained,2,2026080502,148,22644,0.4005752021618378,13745
retained,2,2026080502,149,22797,0.7289407446539473,13838
retained,2,2026080502,150,22950,0.6399634701590217,13941
retained,2,2026080502,151,23103,0.6297130977796606,14038
retained,2,2026080502,152,23256,0.6391008350565697,14133
retained,2,2026080502,153,23409,0.6748373506947604,14215
retained,2,2026080502,154,23562,0.5505619363924287,14303
retained,2,2026080502,155,23715,0.5514966403040481,14393
retained,2,2026080502,156,23868,0.5666609491463683,14489
retained,2,2026080502,157,24021,0.5350104046395632,14584
retained,2,2026080502,158,24174,0.47111507289762994,14677
retained,2,2026080502,159,24327,0.5664358141467535,14760
retained,2,2026080502,160,24480,0.5830261946154821,14845
retained,2,2026080502,161,24633,0.5905780467747143,14944
retained,2,2026080502,162,24786,0.49742247691029534,15040
retained,2,2026080502,163,24939,0.4287498797258571,15137
retained,2,2026080502,164,25092,0.4606542160220012,15237
retained,2,2026080502,165,25245,0.6001527331376021,15337
retained,2,2026080502,166,25398,0.6808712958266591,15429
retained,2,2026080502,167,25551,0.5872579543147709,15520
retained,2,2026080502,168,25704,0.42468192214921463,15623
retained,2,2026080502,169,25857,0.5975647838234517,15714
retained,2,2026080502,170,26010,0.6150243681234332,15811
retained,2,2026080502,171,26163,0.5917765449477245,15895
retained,2,2026080502,172,26316,0.7199633575839564,15993
retained,2,2026080502,173,26469,0.6585917385863519,16088
retained,2,2026080502,174,26622,0.5633075525397716,16181
retained,2,2026080502,175,26775,0.5685175774032076,16278
retained,2,2026080502,176,26928,0.5587424880416249,16374
retained,2,2026080502,177,27081,0.6498805291192771,16473
retained,2,2026080502,178,27234,0.5948277651234416,16562
retained,2,2026080502,179,27387,0.4730612197346893,16661
retained,2,2026080502,180,27540,0.43636615199105644,16757
retained,2,2026080502,181,27693,0.48168368404303114,16847
retained,2,2026080502,182,27846,0.5440364391826576,16946
retained,2,2026080502,183,27999,0.6516531493903237,17037
retained,2,2026080502,184,28152,0.6983400671871008,17134
retained,2,2026080502,185,28305,0.6936403287686773,17230
retained,2,2026080502,186,28458,0.6267572417235286,17315
retained,2,2026080502,187,28611,0.5839680706370499,17406
retained,2,2026080502,188,28764,0.5686203779116951,17505
retained,2,2026080502,189,28917,0.6576239069936999,17595
retained,2,2026080502,190,29070,0.5893294198199805,17687
retained,2,2026080502,191,29223,0.6949169620469183,17767
retained,2,2026080502,192,29376,0.30630365878422566,17851
retained,2,2026080502,193,29529,0.6431996056314653,17946
retained,2,2026080502,194,29682,0.4875939971095184,18039
retained,2,2026080502,195,29835,0.6621813741608247,18127
retained,2,2026080502,196,29988,0.6397916324930774,18224
retained,2,2026080502,197,30141,0.628944112879343,18321
retained,2,2026080502,198,30294,0.5987887489820553,18418
retained,2,2026080502,199,30447,0.6814182000942387,18505
retained,2,2026080502,200,30600,0.6787772988816677,18595
retained,2,2026080502,201,30753,0.5136964349843467,18693
retained,2,2026080502,202,30906,0.5712139705058147,18789
retained,2,2026080502,203,31059,0.5698042303922272,18887
retained,2,2026080502,204,31212,0.568995271488666,18987
retained,2,2026080502,205,31365,0.6238365652707153,19079
retained,2,2026080502,206,31518,0.606871816633842,19176
retained,2,2026080502,207,31671,0.6311302683958768,19273
retained,2,2026080502,208,31824,0.5732721201031585,19370
retained,2,2026080502,209,31977,0.5050671676442742,19469
retained,2,2026080502,210,32130,0.5993513467851445,19560
retained,2,2026080502,211,32283,0.6374493112331862,19652
retained,2,2026080502,212,32436,0.6038456927861817,19740
retained,2,2026080502,213,32589,0.4281210930860598,19839
retained,2,2026080502,214,32742,0.6117311783406364,19933
retained,2,2026080502,215,32895,0.5706142037229428,20021
retained,2,2026080502,216,33048,0.577604650694702,20102
retained,2,2026080502,217,33201,0.6043693385063431,20198
retained,2,2026080502,218,33354,0.5705943125625285,20287
retained,2,2026080502,219,33507,0.38852277146442404,20376
retained,2,2026080502,220,33660,0.6287173465181495,20467
retained,2,2026080502,221,33813,0.5520943846454318,20556
retained,2,2026080502,222,33966,0.616958005104843,20642
retained,2,2026080502,223,34119,0.6210212595623369,20740
retained,2,2026080502,224,34272,0.5775041431422815,20827
retained,2,2026080502,225,34425,0.4415034074261301,20919
retained,2,2026080502,226,34578,0.5177685088098475,21023
retained,2,2026080502,227,34731,0.6299274319993358,21115
retained,2,2026080502,228,34884,0.4245824934368032,21218
retained,2,2026080502,229,35037,0.6021926942732405,21315
retained,2,2026080502,230,35190,0.5145151132016771,21407
retained,2,2026080502,231,35343,0.6389182649971861,21493
retained,2,2026080502,232,35496,0.48532776028795516,21575
retained,2,2026080502,233,35649,0.4905605115473071,21671
retained,2,2026080502,234,35802,0.6885430534302831,21758
retained,2,2026080502,235,35955,0.6555863681511471,21850
retained,2,2026080502,236,36108,0.6689585714307092,21946
retained,2,2026080502,237,36261,0.5428509217611179,22026
retained,2,2026080502,238,36414,0.45909286420236606,22109
retained,2,2026080502,239,36567,0.4623979650307118,22192
retained,2,2026080502,240,36720,0.6454902233231598,22293
retained,2,2026080502,241,36873,0.497526044039986,22384
retained,2,2026080502,242,37026,0.5502860232494489,22480
retained,2,2026080502,243,37179,0.6690613767808319,22572
retained,2,2026080502,244,37332,0.4464632062921621,22667
retained,2,2026080502,245,37485,0.5277510369624491,22760
retained,2,2026080502,246,37638,0.7052291426892667,22852
retained,2,2026080502,247,37791,0.37299335342486845,22952
retained,2,2026080502,248,37944,0.5812931294910234,23044
retained,2,2026080502,249,38097,0.6469865991542297,23139
retained,2,2026080502,250,38250,0.7036199691896003,23234
retained,2,2026080502,251,38403,0.6129694991535318,23326
retained,2,2026080502,252,38556,0.5100104697467568,23416
retained,2,2026080502,253,38709,0.5034025456041917,23513
retained,2,2026080502,254,38862,0.5571917105828292,23604
retained,2,2026080502,255,39015,0.6019148706403334,23702
retained,2,2026080502,256,39168,0.4665615264209655,23800
retained,2,2026080502,257,39321,0.6548479724995863,23889
retained,2,2026080502,258,39474,0.6070709796425098,23976
retained,2,2026080502,259,39627,0.5063382496194699,24063
retained,2,2026080502,260,39780,0.6586763281106442,24166
retained,2,2026080502,261,39933,0.760829301151424,24256
retained,2,2026080502,262,40086,0.4669378035664257,24352
retained,2,2026080502,263,40239,0.6258186039568614,24445
retained,2,2026080502,264,40392,0.5263660518880722,24544
retained,2,2026080502,265,40545,0.473207467595134,24646
retained,2,2026080502,266,40698,0.3214849542055087,24740
retained,2,2026080502,267,40851,0.5798936595333383,24832
retained,2,2026080502,268,41004,0.5802583163203097,24933
retained,2,2026080502,269,41157,0.6697474119966625,25027
retained,2,2026080502,270,41310,0.5829044808162445,25125
retained,2,2026080502,271,41463,0.6206184384758923,25219
retained,2,2026080502,272,41616,0.5536750128340409,25306
retained,2,2026080502,273,41769,0.49030434762528863,25404
retained,2,2026080502,274,41922,0.37335009621911064,25495
retained,2,2026080502,275,42075,0.48910805238115385,25588
retained,2,2026080502,276,42228,0.4068456547810338,25680
retained,2,2026080502,277,42381,0.5863225004179435,25782
retained,2,2026080502,278,42534,0.4663955078535172,25877
retained,2,2026080502,279,42687,0.5540920871065707,25978
retained,2,2026080502,280,42840,0.598993813179873,26061
retained,2,2026080502,281,42993,0.7012457974625795,26161
retained,2,2026080502,282,43146,0.6949315434681204,26260
retained,2,2026080502,283,43299,0.45286767373527775,26354
retained,2,2026080502,284,43452,0.7522065621810566,26450
retained,2,2026080502,285,43605,0.578229383649449,26544
retained,2,2026080502,286,43758,0.5289787999291706,26649
retained,2,2026080502,287,43911,0.48891556972706374,26741
retained,2,2026080502,288,44064,0.67750829704134,26838
retained,2,2026080502,289,44217,0.7113009269701829,26937
retained,2,2026080502,290,44370,0.6008260655010725,27041
retained,2,2026080502,291,44523,0.6863674603707599,27135
retained,2,2026080502,292,44676,0.6987595607611143,27218
retained,2,2026080502,293,44829,0.5612754721359317,27310
retained,2,2026080502,294,44982,0.5756376307049693,27400
retained,2,2026080502,295,45135,0.5765301612409981,27495
retained,2,2026080502,296,45288,0.6040023480313533,27598
retained,2,2026080502,297,45441,0.5738625159117899,27700
retained,2,2026080502,298,45594,0.448259116176534,27784
retained,2,2026080502,299,45747,0.4658865357202551,27880
retained,2,2026080502,300,45900,0.5248839053265872,27975
retained,2,2026080502,301,46053,0.5550056372860022,28067
retained,2,2026080502,302,46206,0.6344032672459657,28159
retained,2,2026080502,303,46359,0.606633796318413,28253
retained,2,2026080502,304,46512,0.5716321697253185,28337
retained,2,2026080502,305,46665,0.5041677022421163,28434
retained,2,2026080502,306,46818,0.5335489356812547,28537
retained,2,2026080502,307,46971,0.7343619413403517,28617
retained,2,2026080502,308,47124,0.5798644165271387,28715
retained,2,2026080502,309,47277,0.4136038198498647,28805
retained,2,2026080502,310,47430,0.6069998701094764,28895
retained,2,2026080502,311,47583,0.5762745457452217,28992
retained,2,2026080502,312,47736,0.45280816481773906,29083
retained,2,2026080502,313,47889,0.5580343432256224,29165
retained,2,2026080502,314,48042,0.618896587377136,29261
retained,2,2026080502,315,48195,0.6257442942091009,29347
retained,2,2026080502,316,48348,0.5513816684559442,29438
retained,2,2026080502,317,48501,0.5909230541923479,29529
retained,2,2026080502,318,48654,0.5921495694892477,29633
retained,2,2026080502,319,48807,0.6038936065228112,29720
retained,2,2026080502,320,48960,0.498522949835353,29811
retained,2,2026080502,321,49113,0.7069240479071217,29912
retained,2,2026080502,322,49266,0.6253371240394497,30000
retained,2,2026080502,323,49419,0.5364360586960272,30089
retained,2,2026080502,324,49572,0.581375733282224,30180
retained,2,2026080502,325,49725,0.41075725404858393,30275
retained,2,2026080502,326,49878,0.5597790546140143,30378
retained,2,2026080502,327,50031,0.6085445021592866,30470
retained,2,2026080502,328,50184,0.6586320696642737,30550
retained,2,2026080502,329,50337,0.5711475785833198,30631
retained,2,2026080502,330,50490,0.5596431902615924,30728
retained,2,2026080502,331,50643,0.5899273029308367,30815
retained,2,2026080502,332,50796,0.5053186184595354,30909
retained,2,2026080502,333,50949,0.41527708121628826,30994
retained,2,2026080502,334,51102,0.39703734861988244,31083
retained,2,2026080502,335,51255,0.5727805830427426,31175
retained,2,2026080502,336,51408,0.5879728305184475,31275
retained,2,2026080502,337,51561,0.6659568425386101,31371
retained,2,2026080502,338,51714,0.5992964327877851,31455
retained,2,2026080502,339,51867,0.5546649321639688,31533
retained,2,2026080502,340,52020,0.4464288203315426,31631
retained,2,2026080502,341,52173,0.6882852287325842,31718
retained,2,2026080502,342,52326,0.5347148065642606,31807
retained,2,2026080502,343,52479,0.5446140702712866,31904
retained,2,2026080502,344,52632,0.6096991549120606,31992
retained,2,2026080502,345,52785,0.5645969088971502,32080
retained,2,2026080502,346,52938,0.6682076179855078,32165
retained,2,2026080502,347,53091,0.6541806468452367,32262
retained,2,2026080502,348,53244,0.5174808043380762,32348
retained,2,2026080502,349,53397,0.5264879453850425,32440
retained,2,2026080502,350,53550,0.580623892715228,32536
retained,2,2026080502,351,53703,0.5739162902419946,32628
retained,2,2026080502,352,53856,0.6957209558246986,32721
retained,2,2026080502,353,54009,0.6647159280195518,32813
retained,2,2026080502,354,54162,0.5227482603333288,32909
retained,2,2026080502,355,54315,0.6142900171291432,32992
retained,2,2026080502,356,54468,0.5351716859484676,33091
retained,2,2026080502,357,54621,0.5933446113374684,33187
retained,2,2026080502,358,54774,0.4875302261634171,33285
retained,2,2026080502,359,54927,0.5882449952613723,33379
retained,2,2026080502,360,55080,0.5201696903169034,33465
retained,2,2026080502,361,55233,0.4399947252392809,33556
retained,2,2026080502,362,55386,0.47037672620899623,33650
retained,2,2026080502,363,55539,0.4337312188387418,33748
retained,2,2026080502,364,55692,0.6703149801499602,33834
retained,2,2026080502,365,55845,0.7817202471243984,33929
retained,2,2026080502,366,55998,0.6875330543647422,34016
retained,2,2026080502,367,56151,0.5460933097020864,34109
retained,2,2026080502,368,56304,0.5503689525391003,34204
retained,2,2026080502,369,56457,0.6943639092018088,34293
retained,2,2026080502,370,56610,0.5055631554458536,34379
retained,2,2026080502,371,56763,0.35139935867447913,34467
retained,2,2026080502,372,56916,0.6284390985970189,34563
retained,2,2026080502,373,57069,0.6230173231495835,34662
retained,2,2026080502,374,57222,0.5742629264837766,34752
retained,2,2026080502,375,57375,0.5014596195461131,34847
retained,2,2026080502,376,57528,0.4187296086448611,34932
retained,2,2026080502,377,57681,0.48441471586077167,35029
retained,2,2026080502,378,57834,0.673849234181253,35124
retained,2,2026080502,379,57987,0.5515958714031017,35220
retained,2,2026080502,380,58140,0.3715972664207033,35311
retained,2,2026080502,381,58293,0.5618729739199347,35401
retained,2,2026080502,382,58446,0.5591495928502063,35484
retained,2,2026080502,383,58599,0.4032288868947405,35583
retained,2,2026080502,384,58752,0.6570203959746296,35678
retained,2,2026080502,385,58905,0.6800427845419039,35752
retained,2,2026080502,386,59058,0.656497349113369,35849
retained,2,2026080502,387,59211,0.6727858486059337,35940
retained,2,2026080502,388,59364,0.7016591146169106,36031
retained,2,2026080502,389,59517,0.7560933440134501,36133
retained,2,2026080502,390,59670,0.3897814940514426,36218
retained,2,2026080502,391,59823,0.5399683034745484,36314
retained,2,2026080502,392,59976,0.5070031110138078,36399
retained,2,2026080502,393,60129,0.42918868296101553,36489
retained,2,2026080502,394,60282,0.4102832124022172,36578
retained,2,2026080502,395,60435,0.6237344905094144,36669
retained,2,2026080502,396,60588,0.5278053370816517,36769
retained,2,2026080502,397,60741,0.7168708944306403,36871
retained,2,2026080502,398,60894,0.40362492844456566,36969
retained,2,2026080502,399,61047,0.6387175742859773,37066
retained,2,2026080502,400,61200,0.4901715637802987,37160
retained,2,2026080502,401,61353,0.5533899969972165,37261
retained,2,2026080502,402,61506,0.6472520581580387,37351
retained,2,2026080502,403,61659,0.651581064274979,37440
retained,2,2026080502,404,61812,0.6490087618134541,37535
retained,2,2026080502,405,61965,0.6129433178615111,37626
retained,2,2026080502,406,62118,0.5408863561786222,37708
retained,2,2026080502,407,62271,0.5077085389745294,37807
retained,2,2026080502,408,62424,0.46348201093732433,37910
retained,2,2026080502,409,62577,0.38804967392456297,38004
retained,2,2026080502,410,62730,0.6036869278484218,38090
retained,2,2026080502,411,62883,0.6220037730223081,38188
retained,2,2026080502,412,63036,0.5783374675235753,38290
retained,2,2026080502,413,63189,0.6839616194199949,38379
retained,2,2026080502,414,63342,0.7063195614985862,38472
retained,2,2026080502,415,63495,0.5472544491306949,38571
retained,2,2026080502,416,63648,0.68905975154407,38659
retained,2,2026080502,417,63801,0.6906088193725212,38755
retained,2,2026080502,418,63954,0.6581494321707714,38840
retained,2,2026080502,419,64107,0.5267194069248283,38932
retained,2,2026080502,420,64260,0.7405892161055394,39021
retained,2,2026080502,421,64413,0.5694235782676338,39111
retained,2,2026080502,422,64566,0.6072227769738966,39206
retained,2,2026080502,423,64719,0.569868419791801,39306
retained,2,2026080502,424,64872,0.40318462466785854,39393
retained,2,2026080502,425,65025,0.6357604958191664,39484
retained,2,2026080502,426,65178,0.5747081974281492,39581
retained,2,2026080502,427,65331,0.2838078604368127,39670
retained,2,2026080502,428,65484,0.5255138838785621,39767
retained,2,2026080502,429,65637,0.5221611502804893,39870
retained,2,2026080502,430,65790,0.46263353991201506,39960
retained,2,2026080502,431,65943,0.5466022709681188,40059
retained,2,2026080502,432,66096,0.6299044299913604,40152
retained,2,2026080502,433,66249,0.6491082343843847,40225
retained,2,2026080502,434,66402,0.5509173773540458,40308
retained,2,2026080502,435,66555,0.5068152643033715,40394
retained,2,2026080502,436,66708,0.5899589634812721,40484
retained,2,2026080502,437,66861,0.5943375612760677,40574
retained,2,2026080502,438,67014,0.7495634193956976,40669
retained,2,2026080502,439,67167,0.7936763542112181,40760
retained,2,2026080502,440,67320,0.6676405875056978,40845
retained,2,2026080502,441,67473,0.6415525330097104,40936
retained,2,2026080502,442,67626,0.7182006455741783,41029
retained,2,2026080502,443,67779,0.6713837953409358,41119
retained,2,2026080502,444,67932,0.7406619161178157,41209
retained,2,2026080502,445,68085,0.6798616076658237,41291
retained,2,2026080502,446,68238,0.5159870029776031,41378
retained,2,2026080502,447,68391,0.5829238836143883,41469
retained,2,2026080502,448,68544,0.5232586421288032,41569
retained,2,2026080502,449,68697,0.5567065125623857,41663
retained,2,2026080502,450,68850,0.5651481495052242,41767
retained,2,2026080502,451,69003,0.44985537292056543,41862
retained,2,2026080502,452,69156,0.6069732937643155,41957
retained,2,2026080502,453,69309,0.6718653451290869,42052
retained,2,2026080502,454,69462,0.5913496057116143,42141
retained,2,2026080502,455,69615,0.5105987935839995,42243
retained,2,2026080502,456,69768,0.6079118901235514,42337
retained,2,2026080502,457,69921,0.5140618545946671,42421
retained,2,2026080502,458,70074,0.4483925317056514,42509
retained,2,2026080502,459,70227,0.5390891144604743,42600
retained,2,2026080502,460,70380,0.2899378910976286,42709
retained,2,2026080502,461,70533,0.6435399394518947,42802
retained,2,2026080502,462,70686,0.5508966448508411,42898
retained,2,2026080502,463,70839,0.5136075248442028,42980
retained,2,2026080502,464,70992,0.49078771770965063,43071
retained,2,2026080502,465,71145,0.5917258133509505,43164
retained,2,2026080502,466,71298,0.3675692317281144,43260
retained,2,2026080502,467,71451,0.47464413196297817,43354
retained,2,2026080502,468,71604,0.5654780953127123,43437
retained,2,2026080502,469,71757,0.48573367780273136,43537
retained,2,2026080502,470,71910,0.489290042100775,43644
retained,2,2026080502,471,72063,0.5459034426542069,43743
retained,2,2026080502,472,72216,0.4959592007090009,43824
retained,2,2026080502,473,72369,0.5102889910742406,43917
retained,2,2026080502,474,72522,0.6716612661987514,44019
retained,2,2026080502,475,72675,0.5883682159526233,44108
retained,2,2026080502,476,72828,0.6006220710973198,44203
retained,2,2026080502,477,72981,0.5161421792125179,44296
retained,2,2026080502,478,73134,0.5030307608456045,44383
retained,2,2026080502,479,73287,0.5669849336275167,44476
retained,2,2026080502,480,73440,0.6053411795082806,44568
retained,2,2026080502,481,73593,0.5835753303253245,44660
retained,2,2026080502,482,73746,0.4711110567083031,44753
retained,2,2026080502,483,73899,0.524540177267594,44844
retained,2,2026080502,484,74052,0.5518510989196412,44932
retained,2,2026080502,485,74205,0.6614109302724571,45025
retained,2,2026080502,486,74358,0.4936028626736568,45113
retained,2,2026080502,487,74511,0.5506974775895068,45203
retained,2,2026080502,488,74664,0.5193838580042235,45304
retained,2,2026080502,489,74817,0.4748313297426324,45394
retained,2,2026080502,490,74970,0.5708666372854383,45491
retained,2,2026080502,491,75123,0.5904264534581186,45585
retained,2,2026080502,492,75276,0.6329719755256022,45678
retained,2,2026080502,493,75429,0.5587340221907063,45763
retained,2,2026080502,494,75582,0.5159205165362344,45857
retained,2,2026080502,495,75735,0.3626769419491415,45955
retained,2,2026080502,496,75888,0.41265264083573033,46053
retained,2,2026080502,497,76041,0.6529472938815878,46134
retained,2,2026080502,498,76194,0.44694087802949367,46225
retained,2,2026080502,499,76347,0.4791881138782897,46327
retained,2,2026080502,500,76500,0.46374419247867715,46418
retained,2,2026080502,501,76653,0.622185239078074,46504
retained,2,2026080502,502,76806,0.7042625278723754,46601
retained,2,2026080502,503,76959,0.568341275121705,46697
retained,2,2026080502,504,77112,0.6263455330369117,46787
retained,2,2026080502,505,77265,0.5991369624344764,46883
retained,2,2026080502,506,77418,0.5911885878620842,46979
retained,2,2026080502,507,77571,0.6010239437060523,47072
retained,2,2026080502,508,77724,0.5094255951018866,47167
retained,2,2026080502,509,77877,0.49074930420873525,47261
retained,2,2026080502,510,78030,0.5124578547852681,47356
retained,2,2026080502,511,78183,0.5014710414540378,47448
retained,2,2026080502,512,78336,0.5259128800331836,47535
retained,2,2026080502,513,78489,0.5718557590899327,47625
retained,2,2026080502,514,78642,0.5172928005500405,47720
retained,2,2026080502,515,78795,0.4938243487825187,47814
retained,2,2026080502,516,78948,0.37015551622061976,47901
retained,2,2026080502,517,79101,0.47554139011374896,47986
retained,2,2026080502,518,79254,0.5195498447753664,48072
retained,2,2026080502,519,79407,0.5093588293813425,48164
retained,2,2026080502,520,79560,0.556364310507775,48256
retained,2,2026080502,521,79713,0.6663930991699032,48345
retained,2,2026080502,522,79866,0.5964650316947316,48439
retained,2,2026080502,523,80019,0.6467125689885205,48536
retained,2,2026080502,524,80172,0.5543370407919247,48637
retained,2,2026080502,525,80325,0.48187412395063334,48724
retained,2,2026080502,526,80478,0.6242875152806782,48810
retained,2,2026080502,527,80631,0.6118106315113577,48903
retained,2,2026080502,528,80784,0.6112233308920253,48999
retained,2,2026080502,529,80937,0.45270438885230896,49090
retained,2,2026080502,530,81090,0.49153316705848105,49188
retained,2,2026080502,531,81243,0.601337325395852,49287
retained,2,2026080502,532,81396,0.6118848821279573,49378
retained,2,2026080502,533,81549,0.6441266756784874,49463
retained,2,2026080502,534,81702,0.5342793092191268,49561
retained,2,2026080502,535,81855,0.4846210750745782,49657
retained,2,2026080502,536,82008,0.6191662021117557,49740
retained,2,2026080502,537,82161,0.6246812946892368,49816
retained,2,2026080502,538,82314,0.594994570461638,49900
retained,2,2026080502,539,82467,0.49878121146835014,49999
retained,2,2026080502,540,82620,0.4568687743340504,50102
retained,2,2026080502,541,82773,0.627744989535298,50195
retained,2,2026080502,542,82926,0.3717709495131471,50286
retained,2,2026080502,543,83079,0.4570198638144814,50382
retained,2,2026080502,544,83232,0.5267096171320851,50483
retained,2,2026080502,545,83385,0.459068210231918,50566
retained,2,2026080502,546,83538,0.5362300737949731,50659
retained,2,2026080502,547,83691,0.47778860807741785,50748
retained,2,2026080502,548,83844,0.678776520643723,50840
retained,2,2026080502,549,83997,0.6113266331352282,50929
retained,2,2026080502,550,84150,0.5229029843262227,51023
retained,2,2026080502,551,84303,0.625831965157669,51123
retained,2,2026080502,552,84456,0.6269919269326408,51225
retained,2,2026080502,553,84609,0.6376671817055108,51311
retained,2,2026080502,554,84762,0.6797730926630355,51394
retained,2,2026080502,555,84915,0.5301950847056696,51483
retained,2,2026080502,556,85068,0.6546010572051236,51565
retained,2,2026080502,557,85221,0.6341710552725376,51655
retained,2,2026080502,558,85374,0.5623534807911644,51742
retained,2,2026080502,559,85527,0.514006621191347,51844
retained,2,2026080502,560,85680,0.6062079399382828,51933
retained,2,2026080502,561,85833,0.7093440872319581,52037
retained,2,2026080502,562,85986,0.6196086713681914,52126
retained,2,2026080502,563,86139,0.6111439021094347,52215
retained,2,2026080502,564,86292,0.5178680672790741,52303
retained,2,2026080502,565,86445,0.643813207368483,52396
retained,2,2026080502,566,86598,0.5794660820044699,52489
retained,2,2026080502,567,86751,0.6197599207726044,52576
retained,2,2026080502,568,86904,0.6434926434619959,52661
retained,2,2026080502,569,87057,0.6303153348551028,52748
retained,2,2026080502,570,87210,0.6303922250871397,52842
retained,2,2026080502,571,87363,0.5250172876657005,52931
retained,2,2026080502,572,87516,0.3514732789079232,53030
retained,2,2026080502,573,87669,0.5612109208499072,53125
retained,2,2026080502,574,87822,0.5575508240423084,53225
retained,2,2026080502,575,87975,0.6830622292689927,53311
retained,2,2026080502,576,88128,0.6261154805481179,53403
retained,2,2026080502,577,88281,0.6007769789672466,53504
retained,2,2026080502,578,88434,0.7520534266047053,53596
retained,2,2026080502,579,88587,0.548420703077149,53693
retained,2,2026080502,580,88740,0.5594134455507132,53774
retained,2,2026080502,581,88893,0.48119126517381755,53871
retained,2,2026080502,582,89046,0.5058806682373156,53961
retained,2,2026080502,583,89199,0.7081130127066187,54055
retained,2,2026080502,584,89352,0.5471229140335149,54154
retained,2,2026080502,585,89505,0.6214062639120054,54249
retained,2,2026080502,586,89658,0.5579475009606643,54340
retained,2,2026080502,587,89811,0.5474327231581091,54438
retained,2,2026080502,588,89964,0.4514320590486475,54524
retained,2,2026080502,589,90117,0.5175139845870326,54623
retained,2,2026080502,590,90270,0.5712886196076417,54725
retained,2,2026080502,591,90423,0.5517168759331278,54820
retained,2,2026080502,592,90576,0.56215429226241,54914
retained,2,2026080502,593,90729,0.5123797855524295,55008
retained,2,2026080502,594,90882,0.5276391437474701,55112
retained,2,2026080502,595,91035,0.5784949513394289,55203
retained,2,2026080502,596,91188,0.6375242132310704,55306
retained,2,2026080502,597,91341,0.6514704205214937,55396
retained,2,2026080502,598,91494,0.5901857980799062,55499
retained,2,2026080502,599,91647,0.468100903844205,55592
retained,2,2026080502,600,91800,0.5314662054913286,55700
retained,2,2026080502,601,91953,0.6853638159154847,55784
retained,2,2026080502,602,92106,0.5655968412218221,55890
retained,2,2026080502,603,92259,0.6002144233469958,55977
retained,2,2026080502,604,92412,0.6512769445633588,56066
retained,2,2026080502,605,92565,0.4762424487148969,56167
retained,2,2026080502,606,92718,0.5707736050185501,56268
retained,2,2026080502,607,92871,0.5977434852473659,56365
retained,2,2026080502,608,93024,0.5076547700373052,56446
retained,2,2026080502,609,93177,0.6526244042611966,56539
retained,2,2026080502,610,93330,0.5283469192149014,56633
retained,2,2026080502,611,93483,0.6814479077666185,56712
retained,2,2026080502,612,93636,0.6829364832750066,56815
retained,2,2026080502,613,93789,0.6346354133940878,56900
retained,2,2026080502,614,93942,0.6255313358279693,56996
retained,2,2026080502,615,94095,0.7733611961776173,57078
retained,2,2026080502,616,94248,0.3474216382931834,57158
retained,2,2026080502,617,94401,0.6112925610519396,57249
retained,2,2026080502,618,94554,0.5336482005917808,57349
retained,2,2026080502,619,94707,0.6266460822815102,57447
retained,2,2026080502,620,94860,0.6746438236792636,57541
retained,2,2026080502,621,95013,0.64348425441007,57639
retained,2,2026080502,622,95166,0.7817924538595723,57720
retained,2,2026080502,623,95319,0.6097264864247466,57815
retained,2,2026080502,624,95472,0.6344570309766151,57898
retained,2,2026080502,625,95625,0.4923022087241771,57998
retained,2,2026080502,626,95778,0.5919219523957009,58088
retained,2,2026080502,627,95931,0.6810780581419933,58180
retained,2,2026080502,628,96084,0.6059423892600592,58272
retained,2,2026080502,629,96237,0.5463041327756585,58365
retained,2,2026080502,630,96390,0.694400419430058,58453
retained,2,2026080502,631,96543,0.68703157516803,58547
retained,2,2026080502,632,96696,0.6053615493090564,58630
retained,2,2026080502,633,96849,0.5975332844496427,58731
retained,2,2026080502,634,97002,0.31088239582135907,58826
retained,2,2026080502,635,97155,0.4570758257465325,58918
retained,2,2026080502,636,97308,0.4875744827198953,59001
retained,2,2026080502,637,97461,0.5271976763985914,59103
retained,2,2026080502,638,97614,0.5100227486062922,59189
retained,2,2026080502,639,97767,0.5186758079060824,59287
retained,2,2026080502,640,97920,0.6537496818432911,59380
retained,2,2026080502,641,98073,0.5602048745316447,59474
retained,2,2026080502,642,98226,0.6527014378506115,59571
retained,2,2026080502,643,98379,0.5984567893695805,59669
retained,2,2026080502,644,98532,0.5358614064668296,59766
retained,2,2026080502,645,98685,0.6932569773135012,59850
retained,2,2026080502,646,98838,0.5537925960408872,59947
retained,2,2026080502,647,98991,0.5780791407177337,60037
retained,2,2026080502,648,99144,0.7632123831781419,60125
retained,2,2026080502,649,99297,0.6851946365838156,60221
retained,2,2026080502,650,99450,0.5834397558115256,60318
retained,2,2026080502,651,99603,0.5048101280398941,60416
retained,2,2026080502,652,99756,0.6101717595634676,60505
retained,2,2026080502,653,99909,0.6650194855954297,60601
retained,2,2026080502,654,100062,0.48162353908684147,60691
retained,2,2026080502,655,100215,0.33383284443969796,60789
retained,2,2026080502,656,100368,0.5423862279180972,60883
retained,2,2026080502,657,100521,0.6347054047315402,60969
retained,2,2026080502,658,100674,0.45853199319262244,61058
retained,2,2026080502,659,100827,0.6021242040134688,61146
retained,2,2026080502,660,100980,0.5253362377674792,61235
retained,2,2026080502,661,101133,0.5429404908514919,61326
retained,2,2026080502,662,101286,0.5654982053150961,61429
retained,2,2026080502,663,101439,0.37819859759298685,61524
retained,2,2026080502,664,101592,0.5697854419996718,61620
retained,2,2026080502,665,101745,0.5638848252625238,61712
retained,2,2026080502,666,101898,0.5541275804235986,61804
retained,2,2026080502,667,102051,0.6610983404069449,61901
retained,2,2026080502,668,102204,0.4924223081063894,61991
retained,2,2026080502,669,102357,0.6400383197871585,62082
retained,2,2026080502,670,102510,0.4010343455445868,62180
retained,2,2026080502,671,102663,0.35758689455786113,62275
retained,2,2026080502,672,102816,0.3764098697004113,62367
retained,2,2026080502,673,102969,0.5995097320028334,62461
retained,2,2026080502,674,103122,0.562438226139809,62558
retained,2,2026080502,675,103275,0.4839749843474357,62645
retained,2,2026080502,676,103428,0.48042059929685565,62743
retained,2,2026080502,677,103581,0.4298304852508041,62833
retained,2,2026080502,678,103734,0.5051329921618253,62933
retained,2,2026080502,679,103887,0.5374401475462927,63012
retained,2,2026080502,680,104040,0.5547147974196518,63116
retained,2,2026080502,681,104193,0.46469463033822644,63203
retained,2,2026080502,682,104346,0.5562364090268436,63294
retained,2,2026080502,683,104499,0.4949266778977856,63392
retained,2,2026080502,684,104652,0.5129111349890312,63483
retained,2,2026080502,685,104805,0.6045703774225701,63567
retained,2,2026080502,686,104958,0.6057027050736404,63655
retained,2,2026080502,687,105111,0.6488869374273465,63738
retained,2,2026080502,688,105264,0.4665128532943524,63828
retained,2,2026080502,689,105417,0.4530225683759572,63924
retained,2,2026080502,690,105570,0.5138957936340577,64014
retained,2,2026080502,691,105723,0.591944081146398,64110
retained,2,2026080502,692,105876,0.6470225416313843,64210
retained,2,2026080502,693,106029,0.6802938754070798,64301
retained,2,2026080502,694,106182,0.4733826046142003,64385
retained,2,2026080502,695,106335,0.44083295159177627,64480
retained,2,2026080502,696,106488,0.4478206358331898,64569
retained,2,2026080502,697,106641,0.5418782881385972,64665
retained,2,2026080502,698,106794,0.7400328263669176,64754
retained,2,2026080502,699,106947,0.662476393921586,64852
retained,2,2026080502,700,107100,0.7025357067048438,64947
retained,2,2026080502,701,107253,0.6106013688672295,65021
retained,2,2026080502,702,107406,0.5297967246637318,65110
retained,2,2026080502,703,107559,0.6724329336562087,65196
retained,2,2026080502,704,107712,0.6995412599720455,65300
retained,2,2026080502,705,107865,0.5383384729127284,65401
retained,2,2026080502,706,108018,0.5101769824693493,65500
retained,2,2026080502,707,108171,0.556929469742379,65593
retained,2,2026080502,708,108324,0.5448796493042537,65685
retained,2,2026080502,709,108477,0.6485604241393788,65776
retained,2,2026080502,710,108630,0.4630441083360141,65867
retained,2,2026080502,711,108783,0.46900255604134694,65953
retained,2,2026080502,712,108936,0.5533648571562433,66051
retained,2,2026080502,713,109089,0.5667477328572569,66139
retained,2,2026080502,714,109242,0.589639641455289,66230
retained,2,2026080502,715,109395,0.6578613962456922,66324
retained,2,2026080502,716,109548,0.453343409274912,66415
retained,2,2026080502,717,109701,0.5587272931089915,66500
retained,2,2026080502,718,109854,0.5404745103906476,66601
retained,2,2026080502,719,110007,0.5414165532132021,66672
retained,2,2026080502,720,110160,0.5798865462228425,66773
retained,2,2026080502,721,110313,0.6714813567409446,66864
retained,2,2026080502,722,110466,0.5062265797999254,66954
retained,2,2026080502,723,110619,0.4940001646441748,67049
retained,2,2026080502,724,110772,0.584189362868903,67147
retained,2,2026080502,725,110925,0.40836264957802176,67250
retained,2,2026080502,726,111078,0.5736064480368663,67342
retained,2,2026080502,727,111231,0.5621726641207777,67446
retained,2,2026080502,728,111384,0.6776546935629503,67535
retained,2,2026080502,729,111537,0.5626253835738646,67637
retained,2,2026080502,730,111690,0.5725616169448788,67731
retained,2,2026080502,731,111843,0.5156766582728813,67819
retained,2,2026080502,732,111996,0.42624524487336457,67913
retained,2,2026080502,733,112149,0.5029617772164315,68001
retained,2,2026080502,734,112302,0.5910304035221671,68084
retained,2,2026080502,735,112455,0.622964117007196,68164
retained,2,2026080502,736,112608,0.6319733987358473,68249
retained,2,2026080502,737,112761,0.6533046969849813,68341
retained,2,2026080502,738,112914,0.5735033102661086,68431
retained,2,2026080502,739,113067,0.6075044064612072,68523
retained,2,2026080502,740,113220,0.6145588891427031,68614
retained,2,2026080502,741,113373,0.6064589016233026,68702
retained,2,2026080502,742,113526,0.6089168329310443,68782
retained,2,2026080502,743,113679,0.6877319981529515,68869
retained,2,2026080502,744,113832,0.7064100553463875,68951
retained,2,2026080502,745,113985,0.5815473952836684,69041
retained,2,2026080502,746,114138,0.6322195176686088,69127
retained,2,2026080502,747,114291,0.6124302762224305,69214
retained,2,2026080502,748,114444,0.6262925181137485,69314
retained,2,2026080502,749,114597,0.7293726407021319,69389
retained,2,2026080502,750,114750,0.6380655162281795,69486
retained,2,2026080502,751,114903,0.4936492198456128,69585
retained,2,2026080502,752,115056,0.560003907632023,69675
retained,2,2026080502,753,115209,0.6739355826728423,69760
retained,2,2026080502,754,115362,0.5030750183469985,69855
retained,2,2026080502,755,115515,0.6479768316925051,69949
retained,2,2026080502,756,115668,0.5222608186101009,70044
retained,2,2026080502,757,115821,0.5857422656278405,70142
retained,2,2026080502,758,115974,0.5956528189318293,70232
retained,2,2026080502,759,116127,0.7019232705555815,70335
retained,2,2026080502,760,116280,0.38444528288415347,70423
retained,2,2026080502,761,116433,0.5107867295632418,70519
retained,2,2026080502,762,116586,0.6719604288219224,70608
retained,2,2026080502,763,116739,0.4832179484267518,70701
retained,2,2026080502,764,116892,0.4840738442946575,70789
retained,2,2026080502,765,117045,0.6143424824336868,70887
retained,2,2026080502,766,117198,0.7049777397069886,70974
retained,2,2026080502,767,117351,0.6454125752018471,71061
retained,2,2026080502,768,117504,0.5564290687767955,71157
retained,2,2026080502,769,117657,0.6411826186122076,71245
retained,2,2026080502,770,117810,0.7122290482190857,71342
retained,2,2026080502,771,117963,0.5195613644543835,71433
retained,2,2026080502,772,118116,0.5673653407621384,71532
retained,2,2026080502,773,118269,0.5062816569340317,71629
retained,2,2026080502,774,118422,0.4537474206572842,71722
retained,2,2026080502,775,118575,0.6457775502456872,71819
retained,2,2026080502,776,118728,0.6027815228642973,71914
retained,2,2026080502,777,118881,0.40217100835547864,71999
retained,2,2026080502,778,119034,0.5565483259911086,72089
retained,2,2026080502,779,119187,0.27937297760741736,72200
retained,2,2026080502,780,119340,0.6756407622398207,72285
retained,2,2026080502,781,119493,0.6427783038696655,72385
retained,2,2026080502,782,119646,0.5378941874355639,72469
retained,2,2026080502,783,119799,0.5565073410481124,72556
retained,2,2026080502,784,119952,0.47123379202058463,72651
retained,2,2026080502,785,120105,0.46886506945531914,72735
retained,2,2026080502,786,120258,0.655084517049361,72829
retained,2,2026080502,787,120411,0.5208228459198064,72920
retained,2,2026080502,788,120564,0.49332464971298906,73016
retained,2,2026080502,789,120717,0.4476022928932872,73108
retained,2,2026080502,790,120870,0.3930348372052901,73191
retained,2,2026080502,791,121023,0.5794810743387424,73293
retained,2,2026080502,792,121176,0.5075007684864109,73383
retained,2,2026080502,793,121329,0.4488602835186589,73481
retained,2,2026080502,794,121482,0.44442752918127043,73570
retained,2,2026080502,795,121635,0.592067366322872,73662
retained,2,2026080502,796,121788,0.6538869451877576,73750
retained,2,2026080502,797,121941,0.6300689053376182,73843
retained,2,2026080502,798,122094,0.5184102614814889,73933
retained,2,2026080502,799,122247,0.5121366121775455,74027
retained,2,2026080502,800,122400,0.6995279809266927,74122
retained,2,2026080502,801,122553,0.5908498733159124,74216
retained,2,2026080502,802,122706,0.5795200967768034,74318
retained,2,2026080502,803,122859,0.5221611502804893,74420
retained,2,2026080502,804,123012,0.5432956306013106,74516
retained,2,2026080502,805,123165,0.6130147006914578,74609
retained,2,2026080502,806,123318,0.471855699434552,74705
retained,2,2026080502,807,123471,0.4217927756668114,74791
retained,2,2026080502,808,123624,0.6337686956094777,74888
retained,2,2026080502,809,123777,0.6172631185511266,74976
retained,2,2026080502,810,123930,0.5111401960329818,75073
retained,2,2026080502,811,124083,0.5765990393163429,75165
retained,2,2026080502,812,124236,0.5364506504580769,75262
retained,2,2026080502,813,124389,0.4011364286800487,75355
retained,2,2026080502,814,124542,0.5459617227088898,75446
retained,2,2026080502,815,124695,0.5850773882622179,75554
retained,2,2026080502,816,124848,0.5335596723567787,75650
retained,2,2026080502,817,125001,0.7656162987939392,75747
retained,2,2026080502,818,125154,0.6709137885321187,75835
retained,2,2026080502,819,125307,0.5688659577623412,75917
retained,2,2026080502,820,125460,0.6388064278470772,75996
retained,2,2026080502,821,125613,0.6658303722159524,76087
retained,2,2026080502,822,125766,0.6492191456597579,76177
retained,2,2026080502,823,125919,0.6437253577775222,76265
retained,2,2026080502,824,126072,0.611689836554079,76352
retained,2,2026080502,825,126225,0.574737576710948,76442
retained,2,2026080502,826,126378,0.5880870911445714,76535
retained,2,2026080502,827,126531,0.6306693948662558,76625
retained,2,2026080502,828,126684,0.6526899537096648,76711
retained,2,2026080502,829,126837,0.5677594729771503,76806
retained,2,2026080502,830,126990,0.55354794887148,76896
retained,2,2026080502,831,127143,0.600710589880135,76985
retained,2,2026080502,832,127296,0.7316780269584039,77078
retained,2,2026080502,833,127449,0.6888311733043306,77171
retained,2,2026080502,834,127602,0.5846319473326091,77274
retained,2,2026080502,835,127755,0.5086619172859929,77371
retained,2,2026080502,836,127908,0.5119265186258232,77453
retained,2,2026080502,837,128061,0.6975880257810712,77538
retained,2,2026080502,838,128214,0.3879280031380584,77636
retained,2,2026080502,839,128367,0.4345037234715329,77730
retained,2,2026080502,840,128520,0.5862444753879543,77823
retained,2,2026080502,841,128673,0.6245400213045871,77918
retained,2,2026080502,842,128826,0.6464886051631807,78015
retained,2,2026080502,843,128979,0.6104879742305356,78113
retained,2,2026080502,844,129132,0.4243158303643671,78198
retained,2,2026080502,845,129285,0.4786976694719735,78290
retained,2,2026080502,846,129438,0.5095910180921128,78386
retained,2,2026080502,847,129591,0.5956029834992551,78476
retained,2,2026080502,848,129744,0.4335948132917857,78560
retained,2,2026080502,849,129897,0.6021469224245428,78655
retained,2,2026080502,850,130050,0.6940609559839491,78745
retained,2,2026080502,851,130203,0.6822649751013116,78840
retained,2,2026080502,852,130356,0.7106800025961142,78936
retained,2,2026080502,853,130509,0.5348633243888551,79016
retained,2,2026080502,854,130662,0.49908777156286244,79100
retained,2,2026080502,855,130815,0.6394375573618163,79178
retained,2,2026080502,856,130968,0.5666107972128307,79277
retained,2,2026080502,857,131121,0.5312482757260303,79364
retained,2,2026080502,858,131274,0.6236504712169244,79461
retained,2,2026080502,859,131427,0.6115711888281701,79547
retained,2,2026080502,860,131580,0.6371123109862825,79640
retained,2,2026080502,861,131733,0.5033728070736216,79727
retained,2,2026080502,862,131886,0.5640937933412175,79823
retained,2,2026080502,863,132039,0.5550657313490902,79915
retained,2,2026080502,864,132192,0.6527481436292856,80002
retained,2,2026080502,865,132345,0.5982457482625664,80103
retained,2,2026080502,866,132498,0.7202908351893553,80192
retained,2,2026080502,867,132651,0.515102329162399,80293
retained,2,2026080502,868,132804,0.6267793714192325,80385
retained,2,2026080502,869,132957,0.5429984644874032,80483
retained,2,2026080502,870,133110,0.6177985457080728,80559
retained,2,2026080502,871,133263,0.6868530166012081,80649
retained,2,2026080502,872,133416,0.622645579798578,80738
retained,2,2026080502,873,133569,0.39633764665408683,80825
retained,2,2026080502,874,133722,0.6365878835225198,80914
retained,2,2026080502,875,133875,0.6845896484606381,81004
retained,2,2026080502,876,134028,0.5824438982401586,81095
retained,2,2026080502,877,134181,0.5992057705722754,81180
retained,2,2026080502,878,134334,0.6060145986691726,81276
retained,2,2026080502,879,134487,0.4847481299232766,81367
retained,2,2026080502,880,134640,0.6152179767342199,81462
retained,2,2026080502,881,134793,0.5918334373929127,81558
retained,2,2026080502,882,134946,0.5475680087568425,81657
retained,2,2026080502,883,135099,0.4298617964434005,81744
retained,2,2026080502,884,135252,0.5179123276155794,81834
retained,2,2026080502,885,135405,0.5017731665726486,81938
retained,2,2026080502,886,135558,0.6215125038417239,82027
retained,2,2026080502,887,135711,0.6009447188993315,82121
retained,2,2026080502,888,135864,0.5311467225836318,82204
retained,2,2026080502,889,136017,0.5877521678017373,82294
retained,2,2026080502,890,136170,0.6603381797442178,82401
retained,2,2026080502,891,136323,0.5628182540249247,82498
retained,2,2026080502,892,136476,0.5176688744980722,82582
retained,2,2026080502,893,136629,0.586421501613867,82664
retained,2,2026080502,894,136782,0.6492188828629037,82755
retained,2,2026080502,895,136935,0.6463670073635355,82846
retained,2,2026080502,896,137088,0.5147921189597822,82939
retained,2,2026080502,897,137241,0.527482634931181,83036
retained,2,2026080502,898,137394,0.6411362939459659,83129
retained,2,2026080502,899,137547,0.46119782276830656,83222
retained,2,2026080502,900,137700,0.5631136642920537,83317
retained,2,2026080502,901,137853,0.48301605740264475,83417
retained,2,2026080502,902,138006,0.659265764712437,83496
retained,2,2026080502,903,138159,0.5837121858870911,83577
retained,2,2026080502,904,138312,0.6131596513093077,83666
retained,2,2026080502,905,138465,0.569829702336177,83753
retained,2,2026080502,906,138618,0.49675771818911363,83840
retained,2,2026080502,907,138771,0.41260326488708704,83933
retained,2,2026080502,908,138924,0.5643593950645203,84035
retained,2,2026080502,909,139077,0.634162101446483,84139
retained,2,2026080502,910,139230,0.5027948021338133,84213
retained,2,2026080502,911,139383,0.39178710124575145,84309
retained,2,2026080502,912,139536,0.461138599076156,84386
retained,2,2026080502,913,139689,0.5203028514127291,84485
retained,2,2026080502,914,139842,0.6388894701690119,84589
retained,2,2026080502,915,139995,0.41018775008344316,84685
retained,2,2026080502,916,140148,0.7179809151611725,84762
retained,2,2026080502,917,140301,0.5740664362527385,84850
retained,2,2026080502,918,140454,0.6337895487145415,84945
retained,2,2026080502,919,140607,0.4885133574750989,85038
retained,2,2026080502,920,140760,0.5661962553033476,85137
retained,2,2026080502,921,140913,0.6896574096934198,85231
retained,2,2026080502,922,141066,0.6755186473079056,85322
retained,2,2026080502,923,141219,0.6586099404410883,85404
retained,2,2026080502,924,141372,0.6848702114995352,85495
retained,2,2026080502,925,141525,0.5340901606712828,85585
retained,2,2026080502,926,141678,0.5517004821662141,85676
retained,2,2026080502,927,141831,0.5557019948976648,85766
retained,2,2026080502,928,141984,0.4347343084970061,85855
retained,2,2026080502,929,142137,0.74682939056896,85952
retained,2,2026080502,930,142290,0.4777408952498388,86043
retained,2,2026080502,931,142443,0.5787800614376516,86140
retained,2,2026080502,932,142596,0.37451683479407627,86234
retained,2,2026080502,933,142749,0.5317856262495316,86329
retained,2,2026080502,934,142902,0.5900600697657049,86418
retained,2,2026080502,935,143055,0.6095663710670707,86509
retained,2,2026080502,936,143208,0.6368177216367948,86587
retained,2,2026080502,937,143361,0.6745208519113236,86672
retained,2,2026080502,938,143514,0.5801892699688539,86757
retained,2,2026080502,939,143667,0.6013452507294981,86840
retained,2,2026080502,940,143820,0.6122210286544263,86940
retained,2,2026080502,941,143973,0.6573523697658386,87021
retained,2,2026080502,942,144126,0.6230792333771636,87105
retained,2,2026080502,943,144279,0.5707270964075183,87187
retained,2,2026080502,944,144432,0.6718366556167169,87281
retained,2,2026080502,945,144585,0.6322540356273885,87376
retained,2,2026080502,946,144738,0.7139831862149659,87473
retained,2,2026080502,947,144891,0.7386070822559709,87567
retained,2,2026080502,948,145044,0.6930579485178756,87661
retained,2,2026080502,949,145197,0.5603274963885092,87747
retained,2,2026080502,950,145350,0.4575165081654759,87839
retained,2,2026080502,951,145503,0.5243858005936226,87928
retained,2,2026080502,952,145656,0.5783817269149829,88027
retained,2,2026080502,953,145809,0.6450058838902566,88131
retained,2,2026080502,954,145962,0.5831451616376028,88226
retained,2,2026080502,955,146115,0.5182332196632171,88329
retained,2,2026080502,956,146268,0.572659448917732,88425
retained,2,2026080502,957,146421,0.6914423422657882,88513
retained,2,2026080502,958,146574,0.5118819913250103,88603
retained,2,2026080502,959,146727,0.5265764679483691,88700
retained,2,2026080502,960,146880,0.5053542796687959,88787
retained,2,2026080502,961,147033,0.6668277735052545,88871
retained,2,2026080502,962,147186,0.6672688331523714,88964
retained,2,2026080502,963,147339,0.5256360753368267,89061
retained,2,2026080502,964,147492,0.5419657906315547,89156
retained,2,2026080502,965,147645,0.40621658720927345,89234
retained,2,2026080502,966,147798,0.5819861433327203,89331
retained,2,2026080502,967,147951,0.5396856619649023,89424
retained,2,2026080502,968,148104,0.4680445010530735,89523
retained,2,2026080502,969,148257,0.4167158716223501,89609
retained,2,2026080502,970,148410,0.4178000820294761,89711
retained,2,2026080502,971,148563,0.4743260249448346,89803
retained,2,2026080502,972,148716,0.5342779309577846,89888
retained,2,2026080502,973,148869,0.6303199440011386,89973
retained,2,2026080502,974,149022,0.4120109481667274,90062
retained,2,2026080502,975,149175,0.49241507702193255,90156
retained,2,2026080502,976,149328,0.6181122998091576,90243
retained,2,2026080502,977,149481,0.6485024504741672,90333
retained,2,2026080502,978,149634,0.4682694632952887,90428
retained,2,2026080502,979,149787,0.4856583019159862,90511
retained,2,2026080502,980,149940,0.5777816807002786,90613
retained,2,2026080502,981,150093,0.5038548065497462,90693
retained,2,2026080502,982,150246,0.5816693423513176,90774
retained,2,2026080502,983,150399,0.561212759831733,90849
retained,2,2026080502,984,150552,0.6415230164279787,90945
retained,2,2026080502,985,150705,0.6046496757154146,91028
retained,2,2026080502,986,150858,0.368198253807712,91120
retained,2,2026080502,987,151011,0.5313459026046007,91213
retained,2,2026080502,988,151164,0.5646713880194628,91307
retained,2,2026080502,989,151317,0.3850864574539569,91407
retained,2,2026080502,990,151470,0.7406651000122044,91499
retained,2,2026080502,991,151623,0.5785145050892058,91579
retained,2,2026080502,992,151776,0.5711819067983731,91664
retained,2,2026080502,993,151929,0.34182120855423315,91760
retained,2,2026080502,994,152082,0.49395693780491784,91853
retained,2,2026080502,995,152235,0.5067813401667013,91947
retained,2,2026080502,996,152388,0.7435544053895762,92048
retained,2,2026080502,997,152541,0.6081774408017752,92143
retained,2,2026080502,998,152694,0.616989090882466,92243
retained,2,2026080502,999,152847,0.6408791943602437,92333
retained,2,2026080502,1000,153000,0.6861309100108475,92418
burn_in,3,2026080503,1,765,0.4690046557773351,456
burn_in,3,2026080503,2,1530,0.6179002757869719,905
burn_in,3,2026080503,3,2295,0.45979118198354607,1389
burn_in,3,2026080503,4,3060,0.612518796895441,1859
burn_in,3,2026080503,5,3825,0.47769161146261174,2300
burn_in,3,2026080503,6,4590,0.6035818568759747,2751
burn_in,3,2026080503,7,5355,0.5007721407386608,3220
burn_in,3,2026080503,8,6120,0.7237784002837486,3659
burn_in,3,2026080503,9,6885,0.44612236124090004,4140
burn_in,3,2026080503,10,7650,0.608850446678953,4616
burn_in,3,2026080503,11,8415,0.5968097361630333,5090
burn_in,3,2026080503,12,9180,0.5385676515867118,5564
burn_in,3,2026080503,13,9945,0.2692249950095784,6037
burn_in,3,2026080503,14,10710,0.6549295827107676,6494
burn_in,3,2026080503,15,11475,0.5971161997916319,6964
burn_in,3,2026080503,16,12240,0.6644804319525439,7420
burn_in,3,2026080503,17,13005,0.5322945331898553,7900
burn_in,3,2026080503,18,13770,0.5394210386340604,8360
burn_in,3,2026080503,19,14535,0.5669206261844739,8807
burn_in,3,2026080503,20,15300,0.5720083745522834,9255
retained,3,2026080503,1,153,0.536635238716996,93
retained,3,2026080503,2,306,0.6091641336389935,188
retained,3,2026080503,3,459,0.6469478398224319,278
retained,3,2026080503,4,612,0.7918564595974025,368
retained,3,2026080503,5,765,0.650117952756607,455
retained,3,2026080503,6,918,0.6166971917281181,547
retained,3,2026080503,7,1071,0.6514179429058637,642
retained,3,2026080503,8,1224,0.4944427774608079,731
retained,3,2026080503,9,1377,0.4988115152302811,819
retained,3,2026080503,10,1530,0.49298946240211416,918
retained,3,2026080503,11,1683,0.5656732026584974,1012
retained,3,2026080503,12,1836,0.6514786396367631,1100
retained,3,2026080503,13,1989,0.5971101924544584,1183
retained,3,2026080503,14,2142,0.620322023876138,1286
retained,3,2026080503,15,2295,0.5359033978785644,1378
retained,3,2026080503,16,2448,0.6095208021443276,1468
retained,3,2026080503,17,2601,0.5916152849458659,1562
retained,3,2026080503,18,2754,0.514836234228468,1652
retained,3,2026080503,19,2907,0.43574653374186784,1741
retained,3,2026080503,20,3060,0.6508400162181048,1827
retained,3,2026080503,21,3213,0.7197191793409558,1920
retained,3,2026080503,22,3366,0.48068458480593,2002
retained,3,2026080503,23,3519,0.6859021158098063,2094
retained,3,2026080503,24,3672,0.6538545339198535,2176
retained,3,2026080503,25,3825,0.6712691170933932,2257
retained,3,2026080503,26,3978,0.6055497956533927,2350
retained,3,2026080503,27,4131,0.46344008742935305,2436
retained,3,2026080503,28,4284,0.5294977125381474,2528
retained,3,2026080503,29,4437,0.6664800455118817,2617
retained,3,2026080503,30,4590,0.655519981899056,2700
retained,3,2026080503,31,4743,0.5589483747949339,2799
retained,3,2026080503,32,4896,0.5504409211971224,2882
retained,3,2026080503,33,5049,0.43279800812187735,2971
retained,3,2026080503,34,5202,0.6305019572938151,3072
retained,3,2026080503,35,5355,0.5849542465390167,3168
retained,3,2026080503,36,5508,0.5581160455914963,3259
retained,3,2026080503,37,5661,0.46634239809655337,3358
retained,3,2026080503,38,5814,0.6995633882502845,3446
retained,3,2026080503,39,5967,0.3835518859385707,3534
retained,3,2026080503,40,6120,0.5092147891636161,3633
retained,3,2026080503,41,6273,0.5159205165362344,3728
retained,3,2026080503,42,6426,0.5082811111888067,3825
retained,3,2026080503,43,6579,0.632911678517983,3914
retained,3,2026080503,44,6732,0.6050701399337872,4002
retained,3,2026080503,45,6885,0.6445082319914528,4099
retained,3,2026080503,46,7038,0.6887271419246613,4192
retained,3,2026080503,47,7191,0.696524201202591,4286
retained,3,2026080503,48,7344,0.6152013981290098,4379
retained,3,2026080503,49,7497,0.5199150708654962,4488
retained,3,2026080503,50,7650,0.5760384502071152,4576
retained,3,2026080503,51,7803,0.5198599279902263,4681
retained,3,2026080503,52,7956,0.6482092055439943,4769
retained,3,2026080503,53,8109,0.5811452508062319,4856
retained,3,2026080503,54,8262,0.5677231065018441,4952
retained,3,2026080503,55,8415,0.6055495338336563,5053
retained,3,2026080503,56,8568,0.6321039957989912,5145
retained,3,2026080503,57,8721,0.6151875538383107,5235
retained,3,2026080503,58,8874,0.5439816658171411,5321
retained,3,2026080503,59,9027,0.6429455256548534,5415
retained,3,2026080503,60,9180,0.5709560874040898,5501
retained,3,2026080503,61,9333,0.6147678260381289,5584
retained,3,2026080503,62,9486,0.5471149394983938,5672
retained,3,2026080503,63,9639,0.6021140336490012,5771
retained,3,2026080503,64,9792,0.6029472999025299,5863
retained,3,2026080503,65,9945,0.49392633646496714,5953
retained,3,2026080503,66,10098,0.7186140662131829,6043
retained,3,2026080503,67,10251,0.6801036402566903,6136
retained,3,2026080503,68,10404,0.6133647118211536,6224
retained,3,2026080503,69,10557,0.5766161814326932,6318
retained,3,2026080503,70,10710,0.6667819694508142,6415
retained,3,2026080503,71,10863,0.6118186320985064,6508
retained,3,2026080503,72,11016,0.5471930205470797,6609
retained,3,2026080503,73,11169,0.604177609873352,6696
retained,3,2026080503,74,11322,0.5175581466056945,6788
retained,3,2026080503,75,11475,0.54742103474391,6885
retained,3,2026080503,76,11628,0.5506649766294262,6983
retained,3,2026080503,77,11781,0.6891999404599838,7071
retained,3,2026080503,78,11934,0.5974005091105309,7154
retained,3,2026080503,79,12087,0.616408366113073,7242
retained,3,2026080503,80,12240,0.6435445884856763,7330
retained,3,2026080503,81,12393,0.4998541103214584,7412
retained,3,2026080503,82,12546,0.4988967712263283,7502
retained,3,2026080503,83,12699,0.6108760389965886,7603
retained,3,2026080503,84,12852,0.5743271998338285,7699
retained,3,2026080503,85,13005,0.5821562060528749,7799
retained,3,2026080503,86,13158,0.4501526580355023,7899
retained,3,2026080503,87,13311,0.48182365954818185,7995
retained,3,2026080503,88,13464,0.3872332283026433,8090
retained,3,2026080503,89,13617,0.47626872440067886,8184
retained,3,2026080503,90,13770,0.5813816501640339,8279
retained,3,2026080503,91,13923,0.40199812956793113,8360
retained,3,2026080503,92,14076,0.5838300012278628,8453
retained,3,2026080503,93,14229,0.5255247922046558,8553
retained,3,2026080503,94,14382,0.5744621235214069,8649
retained,3,2026080503,95,14535,0.7029561350152596,8749
retained,3,2026080503,96,14688,0.6367409336198789,8834
retained,3,2026080503,97,14841,0.5357484933162674,8914
retained,3,2026080503,98,14994,0.561442368568442,9012
retained,3,2026080503,99,15147,0.534988993137709,9091
retained,3,2026080503,100,15300,0.5446909640095144,9175
retained,3,2026080503,101,15453,0.5968003502493301,9263
retained,3,2026080503,102,15606,0.7217015476597954,9359
retained,3,2026080503,103,15759,0.5388704811745355,9449
retained,3,2026080503,104,15912,0.6192067020051779,9552
retained,3,2026080503,105,16065,0.5714452046186168,9649
retained,3,2026080503,106,16218,0.5627158044264596,9747
retained,3,2026080503,107,16371,0.6935673148821554,9826
retained,3,2026080503,108,16524,0.5877898204887234,9926
retained,3,2026080503,109,16677,0.6347410849945151,10025
retained,3,2026080503,110,16830,0.43669113041750934,10115
retained,3,2026080503,111,16983,0.6357932253154416,10203
retained,3,2026080503,112,17136,0.56257290366983,10294
retained,3,2026080503,113,17289,0.679417561088192,10398
retained,3,2026080503,114,17442,0.6060697298156693,10486
retained,3,2026080503,115,17595,0.48401196298396165,10578
retained,3,2026080503,116,17748,0.6863303825582062,10678
retained,3,2026080503,117,17901,0.5741573457364246,10775
retained,3,2026080503,118,18054,0.4839293910483797,10871
retained,3,2026080503,119,18207,0.36131357593215596,10971
retained,3,2026080503,120,18360,0.654753624816147,11067
retained,3,2026080503,121,18513,0.5476916232782316,11168
retained,3,2026080503,122,18666,0.4711412215342817,11268
retained,3,2026080503,123,18819,0.4754122528051185,11354
retained,3,2026080503,124,18972,0.6696953222066738,11456
retained,3,2026080503,125,19125,0.5923139532808178,11548
retained,3,2026080503,126,19278,0.34123963814654246,11643
retained,3,2026080503,127,19431,0.5394892416618635,11740
retained,3,2026080503,128,19584,0.6820360891837868,11837
retained,3,2026080503,129,19737,0.6495039172660179,11941
retained,3,2026080503,130,19890,0.6566086951758012,12033
retained,3,2026080503,131,20043,0.4661742156216641,12125
retained,3,2026080503,132,20196,0.613174590004915,12214
retained,3,2026080503,133,20349,0.6778232530473159,12297
retained,3,2026080503,134,20502,0.6110984982622355,12401
retained,3,2026080503,135,20655,0.6443533340437793,12499
retained,3,2026080503,136,20808,0.7451355295169971,12599
retained,3,2026080503,137,20961,0.7247077681278257,12685
retained,3,2026080503,138,21114,0.6590263134132985,12775
retained,3,2026080503,139,21267,0.4938905487178064,12869
retained,3,2026080503,140,21420,0.421960820212628,12965
retained,3,2026080503,141,21573,0.5235226687364793,13056
retained,3,2026080503,142,21726,0.6231457611578051,13151
retained,3,2026080503,143,21879,0.582845003581772,13239
retained,3,2026080503,144,22032,0.7056335995184341,13321
retained,3,2026080503,145,22185,0.6631924679722471,13418
retained,3,2026080503,146,22338,0.6745805621183629,13509
retained,3,2026080503,147,22491,0.6258941835910797,13604
retained,3,2026080503,148,22644,0.5558040009967085,13700
retained,3,2026080503,149,22797,0.6713329896282162,13792
retained,3,2026080503,150,22950,0.6147456977598897,13889
retained,3,2026080503,151,23103,0.6924676519146071,13981
retained,3,2026080503,152,23256,0.5248721227031513,14077
retained,3,2026080503,153,23409,0.6054150128863566,14170
retained,3,2026080503,154,23562,0.7632928295788358,14264
retained,3,2026080503,155,23715,0.678880308878829,14367
retained,3,2026080503,156,23868,0.6559830866499934,14459
retained,3,2026080503,157,24021,0.5582317840725386,14557
retained,3,2026080503,158,24174,0.6196759722561332,14653
retained,3,2026080503,159,24327,0.5551913865436974,14747
retained,3,2026080503,160,24480,0.602615304839813,14838
retained,3,2026080503,161,24633,0.5667957934452522,14931
retained,3,2026080503,162,24786,0.638346472100168,15018
retained,3,2026080503,163,24939,0.7589454087631892,15112
retained,3,2026080503,164,25092,0.5173810750078309,15211
retained,3,2026080503,165,25245,0.4455688075978325,15318
retained,3,2026080503,166,25398,0.5707659118231571,15416
retained,3,2026080503,167,25551,0.6387481961336993,15508
retained,3,2026080503,168,25704,0.725694661748122,15603
retained,3,2026080503,169,25857,0.6594045742199549,15699
retained,3,2026080503,170,26010,0.6070305151687964,15787
retained,3,2026080503,171,26163,0.5438815313127309,15885
retained,3,2026080503,172,26316,0.4743444140507177,15971
retained,3,2026080503,173,26469,0.5139288973301115,16067
retained,3,2026080503,174,26622,0.5846279779050026,16163
retained,3,2026080503,175,26775,0.7082738152453694,16254
retained,3,2026080503,176,26928,0.7087466237195029,16357
retained,3,2026080503,177,27081,0.6240971559092285,16447
retained,3,2026080503,178,27234,0.5696847565033825,16538
retained,3,2026080503,179,27387,0.45837962158967427,16639
retained,3,2026080503,180,27540,0.6465131908543587,16730
retained,3,2026080503,181,27693,0.6065879118037444,16830
retained,3,2026080503,182,27846,0.5091604247886905,16937
retained,3,2026080503,183,27999,0.5364329439530597,17028
retained,3,2026080503,184,28152,0.6051069777174292,17124
retained,3,2026080503,185,28305,0.5744378388628852,17209
retained,3,2026080503,186,28458,0.532529610332084,17303
retained,3,2026080503,187,28611,0.4966682851710163,17396
retained,3,2026080503,188,28764,0.48669034254680166,17492
retained,3,2026080503,189,28917,0.5661681843961976,17585
retained,3,2026080503,190,29070,0.616359900436299,17675
retained,3,2026080503,191,29223,0.5906068375926419,17771
retained,3,2026080503,192,29376,0.6354356379134298,17871
retained,3,2026080503,193,29529,0.4084384211173843,17961
retained,3,2026080503,194,29682,0.5735207154004832,18052
retained,3,2026080503,195,29835,0.5610385387093111,18146
retained,3,2026080503,196,29988,0.5547306913415165,18242
retained,3,2026080503,197,30141,0.6302393831927237,18335
retained,3,2026080503,198,30294,0.5946347224850986,18427
retained,3,2026080503,199,30447,0.604415472860273,18523
retained,3,2026080503,200,30600,0.4637790075385138,18608
retained,3,2026080503,201,30753,0.5703021629646717,18698
retained,3,2026080503,202,30906,0.5212868493040004,18804
retained,3,2026080503,203,31059,0.4543350812175252,18890
retained,3,2026080503,204,31212,0.653058842066203,18981
retained,3,2026080503,205,31365,0.6527120810430787,19066
retained,3,2026080503,206,31518,0.5699989995057293,19150
retained,3,2026080503,207,31671,0.6787040598460099,19234
retained,3,2026080503,208,31824,0.6595675346004669,19316
retained,3,2026080503,209,31977,0.6902990300911621,19411
retained,3,2026080503,210,32130,0.4771418767103388,19505
retained,3,2026080503,211,32283,0.5801848310779775,19591
retained,3,2026080503,212,32436,0.5484819226461609,19678
retained,3,2026080503,213,32589,0.6330543964571759,19775
retained,3,2026080503,214,32742,0.7116107559418261,19865
retained,3,2026080503,215,32895,0.6780675343372756,19957
retained,3,2026080503,216,33048,0.624933491724407,20044
retained,3,2026080503,217,33201,0.626469555679379,20130
retained,3,2026080503,218,33354,0.6642148699335128,20224
retained,3,2026080503,219,33507,0.6269831854015822,20318
retained,3,2026080503,220,33660,0.5972557374406849,20417
retained,3,2026080503,221,33813,0.5372524673666306,20511
retained,3,2026080503,222,33966,0.5805601702665127,20604
retained,3,2026080503,223,34119,0.5697998152310039,20695
retained,3,2026080503,224,34272,0.48759789264660697,20775
retained,3,2026080503,225,34425,0.6156923938716198,20864
retained,3,2026080503,226,34578,0.5556577317255036,20955
retained,3,2026080503,227,34731,0.5871480319046054,21048
retained,3,2026080503,228,34884,0.6611571008989199,21145
retained,3,2026080503,229,35037,0.6242875152806782,21245
retained,3,2026080503,230,35190,0.5470756272362852,21332
retained,3,2026080503,231,35343,0.6380689030238804,21425
retained,3,2026080503,232,35496,0.6507350255277405,21508
retained,3,2026080503,233,35649,0.6414018389543307,21602
retained,3,2026080503,234,35802,0.6028756839907464,21680
retained,3,2026080503,235,35955,0.6315448679944781,21772
retained,3,2026080503,236,36108,0.6622932164112952,21868
retained,3,2026080503,237,36261,0.5748828143589635,21964
retained,3,2026080503,238,36414,0.6272889411650979,22047
retained,3,2026080503,239,36567,0.6330863346948206,22132
retained,3,2026080503,240,36720,0.48272536009394656,22229
retained,3,2026080503,241,36873,0.5643716577778592,22314
retained,3,2026080503,242,37026,0.7469302667194441,22406
retained,3,2026080503,243,37179,0.5080756836639536,22498
retained,3,2026080503,244,37332,0.5001318945042894,22602
retained,3,2026080503,245,37485,0.5990764473128668,22701
retained,3,2026080503,246,37638,0.6789131240511277,22788
retained,3,2026080503,247,37791,0.7050432245669406,22871
retained,3,2026080503,248,37944,0.6072075565148172,22967
retained,3,2026080503,249,38097,0.7196251372866975,23051
retained,3,2026080503,250,38250,0.49607079614501304,23144
retained,3,2026080503,251,38403,0.5929683904433304,23235
retained,3,2026080503,252,38556,0.6502203582748186,23335
retained,3,2026080503,253,38709,0.4698576991834602,23424
retained,3,2026080503,254,38862,0.5577414854588927,23521
retained,3,2026080503,255,39015,0.566146053755366,23613
retained,3,2026080503,256,39168,0.5281364653482802,23708
retained,3,2026080503,257,39321,0.5921495567325592,23802
retained,3,2026080503,258,39474,0.6215125409294865,23889
retained,3,2026080503,259,39627,0.6748682297354709,23969
retained,3,2026080503,260,39780,0.5313345557271747,24063
retained,3,2026080503,261,39933,0.5534091174927485,24155
retained,3,2026080503,262,40086,0.6305692891205887,24253
retained,3,2026080503,263,40239,0.5749196410342748,24345
retained,3,2026080503,264,40392,0.3987073173117488,24433
retained,3,2026080503,265,40545,0.4560487690642779,24528
retained,3,2026080503,266,40698,0.5851966305492582,24610
retained,3,2026080503,267,40851,0.5984312312226419,24707
retained,3,2026080503,268,41004,0.543814048380289,24801
retained,3,2026080503,269,41157,0.6057653554745768,24895
retained,3,2026080503,270,41310,0.5500087412471447,24991
retained,3,2026080503,271,41463,0.6124785644792505,25085
retained,3,2026080503,272,41616,0.5834992670148923,25183
retained,3,2026080503,273,41769,0.6228270954801101,25267
retained,3,2026080503,274,41922,0.6448062236204548,25356
retained,3,2026080503,275,42075,0.5551178778670932,25445
retained,3,2026080503,276,42228,0.6413407111923446,25538
retained,3,2026080503,277,42381,0.6267042347453571,25628
retained,3,2026080503,278,42534,0.5359613816093776,25713
retained,3,2026080503,279,42687,0.5791836077291763,25807
retained,3,2026080503,280,42840,0.58048138828532,25901
retained,3,2026080503,281,42993,0.5860953760018375,25992
retained,3,2026080503,282,43146,0.6382731843337918,26089
retained,3,2026080503,283,43299,0.6730525651359156,26184
retained,3,2026080503,284,43452,0.4994794964125205,26267
retained,3,2026080503,285,43605,0.5240202540532967,26356
retained,3,2026080503,286,43758,0.5268093944378798,26452
retained,3,2026080503,287,43911,0.6890298551868995,26544
retained,3,2026080503,288,44064,0.49741890569957126,26625
retained,3,2026080503,289,44217,0.5586795590385832,26710
retained,3,2026080503,290,44370,0.4649281581715137,26804
retained,3,2026080503,291,44523,0.6549504740501926,26896
retained,3,2026080503,292,44676,0.5178459673509571,26992
retained,3,2026080503,293,44829,0.6807675878391082,27091
retained,3,2026080503,294,44982,0.5677273363521801,27191
retained,3,2026080503,295,45135,0.7010388220829117,27282
retained,3,2026080503,296,45288,0.5972388561744435,27381
retained,3,2026080503,297,45441,0.5353630672895978,27485
retained,3,2026080503,298,45594,0.5535197683340114,27582
retained,3,2026080503,299,45747,0.521386357231611,27679
retained,3,2026080503,300,45900,0.366112499607623,27762
retained,3,2026080503,301,46053,0.49924836579634957,27852
retained,3,2026080503,302,46206,0.4769799432089877,27940
retained,3,2026080503,303,46359,0.3575678823485056,28034
retained,3,2026080503,304,46512,0.5121592591980167,28118
retained,3,2026080503,305,46665,0.611336822333603,28204
retained,3,2026080503,306,46818,0.6223976916698766,28299
retained,3,2026080503,307,46971,0.5735941981634405,28400
retained,3,2026080503,308,47124,0.5751901842604715,28489
retained,3,2026080503,309,47277,0.5738230095999964,28581
retained,3,2026080503,310,47430,0.5928008169823751,28663
retained,3,2026080503,311,47583,0.7911628062138205,28755
retained,3,2026080503,312,47736,0.6031319779155253,28854
retained,3,2026080503,313,47889,0.6355527574764522,28948
retained,3,2026080503,314,48042,0.7100083437937784,29034
retained,3,2026080503,315,48195,0.5462811679543251,29126
retained,3,2026080503,316,48348,0.5414819525605717,29218
retained,3,2026080503,317,48501,0.7207334102032965,29307
retained,3,2026080503,318,48654,0.6521621323915116,29398
retained,3,2026080503,319,48807,0.6147614520234477,29500
retained,3,2026080503,320,48960,0.5061277558199211,29593
retained,3,2026080503,321,49113,0.5253150214209649,29679
retained,3,2026080503,322,49266,0.641670541669545,29778
retained,3,2026080503,323,49419,0.47439694462643167,29867
retained,3,2026080503,324,49572,0.5096693860547229,29962
retained,3,2026080503,325,49725,0.6046865494070133,30051
retained,3,2026080503,326,49878,0.7152149394347526,30133
retained,3,2026080503,327,50031,0.6578090501820216,30232
retained,3,2026080503,328,50184,0.6010739601592918,30318
retained,3,2026080503,329,50337,0.5170381617499263,30408
retained,3,2026080503,330,50490,0.7015120338523317,30507
retained,3,2026080503,331,50643,0.3763215343542297,30596
retained,3,2026080503,332,50796,0.5635427976370122,30680
retained,3,2026080503,333,50949,0.44902111384523796,30761
retained,3,2026080503,334,51102,0.6289868518513538,30858
retained,3,2026080503,335,51255,0.6158610913417497,30948
retained,3,2026080503,336,51408,0.6402173086189111,31038
retained,3,2026080503,337,51561,0.4164856356156984,31135
retained,3,2026080503,338,51714,0.4775416982122086,31224
retained,3,2026080503,339,51867,0.7321869664920652,31326
retained,3,2026080503,340,52020,0.5789128396118746,31427
retained,3,2026080503,341,52173,0.5157211304246697,31518
retained,3,2026080503,342,52326,0.538095892204101,31617
retained,3,2026080503,343,52479,0.6464443448266756,31695
retained,3,2026080503,344,52632,0.6316835226021918,31773
retained,3,2026080503,345,52785,0.582741276968635,31869
retained,3,2026080503,346,52938,0.6487707129364522,31969
retained,3,2026080503,347,53091,0.7287858533200501,32066
retained,3,2026080503,348,53244,0.43722957277220614,32166
retained,3,2026080503,349,53397,0.438544179762558,32252
retained,3,2026080503,350,53550,0.6403142882207056,32346
retained,3,2026080503,351,53703,0.5751385105861127,32438
retained,3,2026080503,352,53856,0.5003081604719136,32530
retained,3,2026080503,353,54009,0.5097803902820937,32630
retained,3,2026080503,354,54162,0.5135186032600269,32723
retained,3,2026080503,355,54315,0.5961928012802338,32819
retained,3,2026080503,356,54468,0.6652060983010808,32914
retained,3,2026080503,357,54621,0.5797271469102979,32998
retained,3,2026080503,358,54774,0.62442029061979,33093
retained,3,2026080503,359,54927,0.7053822033072653,33183
retained,3,2026080503,360,55080,0.6427043463919863,33271
retained,3,2026080503,361,55233,0.49984422074522755,33372
retained,3,2026080503,362,55386,0.5435002217981856,33467
retained,3,2026080503,363,55539,0.6183304788346208,33556
retained,3,2026080503,364,55692,0.669527481090296,33636
retained,3,2026080503,365,55845,0.6256465769766364,33735
retained,3,2026080503,366,55998,0.669173421079143,33825
retained,3,2026080503,367,56151,0.4347914156588167,33913
retained,3,2026080503,368,56304,0.6355648606136481,34010
retained,3,2026080503,369,56457,0.702587834631706,34108
retained,3,2026080503,370,56610,0.6629277412334108,34210
retained,3,2026080503,371,56763,0.6758274633118573,34299
retained,3,2026080503,372,56916,0.513773611833842,34402
retained,3,2026080503,373,57069,0.7190294963996228,34502
retained,3,2026080503,374,57222,0.5453094759122972,34588
retained,3,2026080503,375,57375,0.6160063875490819,34685
retained,3,2026080503,376,57528,0.6220480295787862,34781
retained,3,2026080503,377,57681,0.6735460537113817,34865
retained,3,2026080503,378,57834,0.6111348215583697,34948
retained,3,2026080503,379,57987,0.5449880160979218,35043
retained,3,2026080503,380,58140,0.5566622522258805,35124
retained,3,2026080503,381,58293,0.7116163649161071,35221
retained,3,2026080503,382,58446,0.4875185066069643,35313
retained,3,2026080503,383,58599,0.36165997204173395,35409
retained,3,2026080503,384,58752,0.5258362438058198,35516
retained,3,2026080503,385,58905,0.569920433332237,35611
retained,3,2026080503,386,59058,0.6665495621703335,35708
retained,3,2026080503,387,59211,0.48332436359027653,35799
retained,3,2026080503,388,59364,0.5592360362704815,35892
retained,3,2026080503,389,59517,0.6030378320217328,35990
retained,3,2026080503,390,59670,0.5974413841769289,36088
retained,3,2026080503,391,59823,0.4713303938715091,36179
retained,3,2026080503,392,59976,0.4805906015998119,36268
retained,3,2026080503,393,60129,0.4441493156471212,36355
retained,3,2026080503,394,60282,0.5647477274363554,36441
retained,3,2026080503,395,60435,0.5919345536481171,36532
retained,3,2026080503,396,60588,0.37658707936259445,36634
retained,3,2026080503,397,60741,0.48597849482707867,36720
retained,3,2026080503,398,60894,0.44249481749184766,36809
retained,3,2026080503,399,61047,0.5200810033010704,36909
retained,3,2026080503,400,61200,0.5827744478801795,36997
retained,3,2026080503,401,61353,0.7178839906151736,37078
retained,3,2026080503,402,61506,0.6415799433420383,37163
retained,3,2026080503,403,61659,0.7450218028773076,37265
retained,3,2026080503,404,61812,0.6036241831594477,37361
retained,3,2026080503,405,61965,0.5801397150259919,37452
retained,3,2026080503,406,62118,0.6193440622549248,37540
retained,3,2026080503,407,62271,0.5833389413933793,37621
retained,3,2026080503,408,62424,0.5640979887587538,37713
retained,3,2026080503,409,62577,0.4722239003240057,37801
retained,3,2026080503,410,62730,0.6011323935596767,37891
retained,3,2026080503,411,62883,0.5955006975091921,37988
retained,3,2026080503,412,63036,0.3478358206655535,38078
retained,3,2026080503,413,63189,0.4939242614960383,38169
retained,3,2026080503,414,63342,0.42299106957433263,38262
retained,3,2026080503,415,63495,0.5250925394988775,38354
retained,3,2026080503,416,63648,0.6332215604337434,38456
retained,3,2026080503,417,63801,0.5352461121599194,38555
retained,3,2026080503,418,63954,0.7304595302331397,38644
retained,3,2026080503,419,64107,0.5790013583946898,38734
retained,3,2026080503,420,64260,0.5254026211849132,38820
retained,3,2026080503,421,64413,0.3989813750680208,38925
retained,3,2026080503,422,64566,0.5338232508991457,39029
retained,3,2026080503,423,64719,0.5162189238429055,39116
retained,3,2026080503,424,64872,0.42723223333417043,39207
retained,3,2026080503,425,65025,0.4089486180168122,39294
retained,3,2026080503,426,65178,0.5426412245933447,39384
retained,3,2026080503,427,65331,0.5836763197035371,39473
retained,3,2026080503,428,65484,0.6462201819672991,39562
retained,3,2026080503,429,65637,0.6452935760775403,39658
retained,3,2026080503,430,65790,0.5805132513240325,39749
retained,3,2026080503,431,65943,0.581954311327187,39841
retained,3,2026080503,432,66096,0.6289567813727778,39928
retained,3,2026080503,433,66249,0.5018886962848296,40028
retained,3,2026080503,434,66402,0.5123805325321557,40132
retained,3,2026080503,435,66555,0.6197195626756135,40214
retained,3,2026080503,436,66708,0.5943092455832638,40308
retained,3,2026080503,437,66861,0.4286865193274196,40404
retained,3,2026080503,438,67014,0.3798008565439107,40495
retained,3,2026080503,439,67167,0.5086631405186213,40588
retained,3,2026080503,440,67320,0.4768201394957023,40684
retained,3,2026080503,441,67473,0.4716624102098238,40781
retained,3,2026080503,442,67626,0.30858257685462676,40875
retained,3,2026080503,443,67779,0.4639048110391332,40962
retained,3,2026080503,444,67932,0.4501083995891317,41051
retained,3,2026080503,445,68085,0.4893884094487282,41141
retained,3,2026080503,446,68238,0.5794491867621434,41236
retained,3,2026080503,447,68391,0.5432187098537727,41322
retained,3,2026080503,448,68544,0.6209104286510702,41413
retained,3,2026080503,449,68697,0.5120920933651457,41501
retained,3,2026080503,450,68850,0.6676435572933153,41590
retained,3,2026080503,451,69003,0.5905147396404657,41694
retained,3,2026080503,452,69156,0.6513711515980646,41794
retained,3,2026080503,453,69309,0.46869060815909674,41901
retained,3,2026080503,454,69462,0.5349654176940976,41993
retained,3,2026080503,455,69615,0.5925700389083606,42093
retained,3,2026080503,456,69768,0.5511061742068699,42193
retained,3,2026080503,457,69921,0.4441777736834572,42294
retained,3,2026080503,458,70074,0.457172173666855,42382
retained,3,2026080503,459,70227,0.4554636715999758,42478
retained,3,2026080503,460,70380,0.6352928726336254,42568
retained,3,2026080503,461,70533,0.6224994330851575,42656
retained,3,2026080503,462,70686,0.588899868776644,42745
retained,3,2026080503,463,70839,0.5858836937585772,42829
retained,3,2026080503,464,70992,0.6040079145400039,42910
retained,3,2026080503,465,71145,0.5675645250368638,43006
retained,3,2026080503,466,71298,0.6138154541067482,43108
retained,3,2026080503,467,71451,0.49171020840450186,43201
retained,3,2026080503,468,71604,0.5691908212389505,43288
retained,3,2026080503,469,71757,0.518532004465197,43379
retained,3,2026080503,470,71910,0.5443042280661583,43465
retained,3,2026080503,471,72063,0.5105307791418238,43562
retained,3,2026080503,472,72216,0.5788698161441846,43656
retained,3,2026080503,473,72369,0.5190632551875355,43753
retained,3,2026080503,474,72522,0.5633855220790767,43845
retained,3,2026080503,475,72675,0.6619680283782913,43940
retained,3,2026080503,476,72828,0.6735615481371033,44026
retained,3,2026080503,477,72981,0.6408285207971518,44114
retained,3,2026080503,478,73134,0.47275047838786954,44211
retained,3,2026080503,479,73287,0.7025507058125604,44300
retained,3,2026080503,480,73440,0.5226699320070767,44393
retained,3,2026080503,481,73593,0.676075691590022,44487
retained,3,2026080503,482,73746,0.6532849780786527,44576
retained,3,2026080503,483,73899,0.41810137943245695,44664
retained,3,2026080503,484,74052,0.5864436298921061,44755
retained,3,2026080503,485,74205,0.681270264982842,44836
retained,3,2026080503,486,74358,0.7327466460011374,44932
retained,3,2026080503,487,74511,0.5423976431074296,45018
retained,3,2026080503,488,74664,0.5357713733954269,45121
retained,3,2026080503,489,74817,0.6669620837616271,45213
retained,3,2026080503,490,74970,0.6917963106246009,45297
retained,3,2026080503,491,75123,0.5458732039260745,45392
retained,3,2026080503,492,75276,0.7333910556020158,45477
retained,3,2026080503,493,75429,0.61040855522503,45560
retained,3,2026080503,494,75582,0.48903121370543806,45647
retained,3,2026080503,495,75735,0.5759081329892481,45737
retained,3,2026080503,496,75888,0.41642357924431944,45828
retained,3,2026080503,497,76041,0.3747277689789338,45923
retained,3,2026080503,498,76194,0.5743738530929311,46012
retained,3,2026080503,499,76347,0.5998661738959461,46096
retained,3,2026080503,500,76500,0.6904834080004133,46189
retained,3,2026080503,501,76653,0.6743968677886959,46282
retained,3,2026080503,502,76806,0.6542178444289476,46380
retained,3,2026080503,503,76959,0.5002028416661541,46480
retained,3,2026080503,504,77112,0.62902790241188,46569
retained,3,2026080503,505,77265,0.5912959655411983,46666
retained,3,2026080503,506,77418,0.6778623646123049,46766
retained,3,2026080503,507,77571,0.5449752364720696,46853
retained,3,2026080503,508,77724,0.597132324040539,46930
retained,3,2026080503,509,77877,0.667194559792697,47021
retained,3,2026080503,510,78030,0.5333357621183134,47113
retained,3,2026080503,511,78183,0.4951192395480448,47209
retained,3,2026080503,512,78336,0.30222248515008654,47301
retained,3,2026080503,513,78489,0.560322096400297,47398
retained,3,2026080503,514,78642,0.6021747370292984,47486
retained,3,2026080503,515,78795,0.7805089041009216,47576
retained,3,2026080503,516,78948,0.4574527079494783,47668
retained,3,2026080503,517,79101,0.6076814440268377,47754
retained,3,2026080503,518,79254,0.6149531154032268,47838
retained,3,2026080503,519,79407,0.47742108918973725,47938
retained,3,2026080503,520,79560,0.5539608439977745,48033
retained,3,2026080503,521,79713,0.674926896260379,48132
retained,3,2026080503,522,79866,0.5340573037108427,48222
retained,3,2026080503,523,80019,0.37778203190023574,48307
retained,3,2026080503,524,80172,0.44575846056200263,48397
retained,3,2026080503,525,80325,0.6763489578699322,48483
retained,3,2026080503,526,80478,0.6069350356273682,48573
retained,3,2026080503,527,80631,0.6653213783461427,48667
retained,3,2026080503,528,80784,0.6546464864411493,48761
retained,3,2026080503,529,80937,0.6765530780834708,48856
retained,3,2026080503,530,81090,0.5895507309543904,48948
retained,3,2026080503,531,81243,0.4670606304279358,49038
retained,3,2026080503,532,81396,0.5151012781853366,49132
retained,3,2026080503,533,81549,0.4161355160884214,49231
retained,3,2026080503,534,81702,0.719170850982672,49315
retained,3,2026080503,535,81855,0.5582012239092645,49402
retained,3,2026080503,536,82008,0.5423692674587585,49500
retained,3,2026080503,537,82161,0.6101729990606655,49582
retained,3,2026080503,538,82314,0.5632849564099327,49674
retained,3,2026080503,539,82467,0.6015922164503168,49760
retained,3,2026080503,540,82620,0.4777068328369888,49848
retained,3,2026080503,541,82773,0.5420321754662719,49939
retained,3,2026080503,542,82926,0.5941696425254762,50025
retained,3,2026080503,543,83079,0.7112193473020334,50120
retained,3,2026080503,544,83232,0.5928039176863135,50213
retained,3,2026080503,545,83385,0.6688207797683943,50301
retained,3,2026080503,546,83538,0.542264009213169,50399
retained,3,2026080503,547,83691,0.4092613803134014,50495
retained,3,2026080503,548,83844,0.47210878571886655,50585
retained,3,2026080503,549,83997,0.5511179418078793,50682
retained,3,2026080503,550,84150,0.6130106518100006,50771
retained,3,2026080503,551,84303,0.5402320162273287,50868
retained,3,2026080503,552,84456,0.4168128185814089,50960
retained,3,2026080503,553,84609,0.6289299241111402,51068
retained,3,2026080503,554,84762,0.620919389813709,51161
retained,3,2026080503,555,84915,0.5836679283856969,51243
retained,3,2026080503,556,85068,0.5304422240658379,51331
retained,3,2026080503,557,85221,0.4863470439278642,51421
retained,3,2026080503,558,85374,0.5085399956705713,51511
retained,3,2026080503,559,85527,0.5848118262431867,51608
retained,3,2026080503,560,85680,0.5939105603022643,51697
retained,3,2026080503,561,85833,0.5225821712165364,51793
retained,3,2026080503,562,85986,0.505009877609829,51884
retained,3,2026080503,563,86139,0.5155664187211787,51981
retained,3,2026080503,564,86292,0.5847369127955928,52074
retained,3,2026080503,565,86445,0.6272930143732253,52169
retained,3,2026080503,566,86598,0.5932464738025406,52259
retained,3,2026080503,567,86751,0.7290251286167332,52353
retained,3,2026080503,568,86904,0.5412567026372889,52445
retained,3,2026080503,569,87057,0.4152416101864378,52547
retained,3,2026080503,570,87210,0.48804188290001427,52636
retained,3,2026080503,571,87363,0.5241980710260451,52724
retained,3,2026080503,572,87516,0.6053118068258627,52815
retained,3,2026080503,573,87669,0.402551419219946,52901
retained,3,2026080503,574,87822,0.577398219878566,52991
retained,3,2026080503,575,87975,0.6701886896925837,53079
retained,3,2026080503,576,88128,0.43938776237344984,53173
retained,3,2026080503,577,88281,0.5609380543945068,53265
retained,3,2026080503,578,88434,0.5336790805610347,53365
retained,3,2026080503,579,88587,0.5087733732729343,53459
retained,3,2026080503,580,88740,0.5260994792487707,53559
retained,3,2026080503,581,88893,0.3567092864417908,53635
retained,3,2026080503,582,89046,0.536622204403744,53725
retained,3,2026080503,583,89199,0.5757015781347548,53822
retained,3,2026080503,584,89352,0.5712551086578442,53924
retained,3,2026080503,585,89505,0.4703062484478824,54021
retained,3,2026080503,586,89658,0.660865196514844,54110
retained,3,2026080503,587,89811,0.561992988653969,54199
retained,3,2026080503,588,89964,0.5865120834427034,54291
retained,3,2026080503,589,90117,0.556558571767307,54386
retained,3,2026080503,590,90270,0.5422323557095621,54477
retained,3,2026080503,591,90423,0.628310332320446,54565
retained,3,2026080503,592,90576,0.5463169995702043,54659
retained,3,2026080503,593,90729,0.5479767976325783,54747
retained,3,2026080503,594,90882,0.5074994004141284,54843
retained,3,2026080503,595,91035,0.4933235895483905,54930
retained,3,2026080503,596,91188,0.3695926926408882,55018
retained,3,2026080503,597,91341,0.5900975535377116,55114
retained,3,2026080503,598,91494,0.48790252691994784,55209
retained,3,2026080503,599,91647,0.4957350276491031,55298
retained,3,2026080503,600,91800,0.6865956633931081,55396
retained,3,2026080503,601,91953,0.6272743838124679,55485
retained,3,2026080503,602,92106,0.5295542580378803,55581
retained,3,2026080503,603,92259,0.4794606721387516,55673
retained,3,2026080503,604,92412,0.5389474961732635,55758
retained,3,2026080503,605,92565,0.5785366347849096,55846
retained,3,2026080503,606,92718,0.4694351533210392,55942
retained,3,2026080503,607,92871,0.643974144981099,56042
retained,3,2026080503,608,93024,0.627212655722977,56124
retained,3,2026080503,609,93177,0.6116677035498979,56210
retained,3,2026080503,610,93330,0.6127631985281594,56309
retained,3,2026080503,611,93483,0.5688837596042341,56402
retained,3,2026080503,612,93636,0.5990612287752322,56503
retained,3,2026080503,613,93789,0.5045128026556389,56591
retained,3,2026080503,614,93942,0.5982644576430082,56691
retained,3,2026080503,615,94095,0.6307444429267448,56773
retained,3,2026080503,616,94248,0.6540863407058578,56865
retained,3,2026080503,617,94401,0.5292326179452729,56965
retained,3,2026080503,618,94554,0.400302546620087,57055
retained,3,2026080503,619,94707,0.4875731744418554,57146
retained,3,2026080503,620,94860,0.6576162609077846,57234
retained,3,2026080503,621,95013,0.7741628810992199,57331
retained,3,2026080503,622,95166,0.4772860484668701,57424
retained,3,2026080503,623,95319,0.625252791760053,57513
retained,3,2026080503,624,95472,0.4588984373811414,57603
retained,3,2026080503,625,95625,0.37451816669170773,57703
retained,3,2026080503,626,95778,0.5808035917215512,57807
retained,3,2026080503,627,95931,0.5099352849227732,57897
retained,3,2026080503,628,96084,0.5128116686537056,58006
retained,3,2026080503,629,96237,0.34971558120743323,58104
retained,3,2026080503,630,96390,0.676069897534295,58197
retained,3,2026080503,631,96543,0.45380267773973876,58306
retained,3,2026080503,632,96696,0.5737933781844093,58403
retained,3,2026080503,633,96849,0.4815303310083062,58495
retained,3,2026080503,634,97002,0.5326636344232281,58587
retained,3,2026080503,635,97155,0.517845887952223,58683
retained,3,2026080503,636,97308,0.5663413718171281,58775
retained,3,2026080503,637,97461,0.5155551876118616,58875
retained,3,2026080503,638,97614,0.6740827753407038,58961
retained,3,2026080503,639,97767,0.8093687531620861,59047
retained,3,2026080503,640,97920,0.4924499218793237,59147
retained,3,2026080503,641,98073,0.4376742463298506,59233
retained,3,2026080503,642,98226,0.6640094708983031,59323
retained,3,2026080503,643,98379,0.6770666022159694,59413
retained,3,2026080503,644,98532,0.6800158100658685,59504
retained,3,2026080503,645,98685,0.7142359288407205,59613
retained,3,2026080503,646,98838,0.6211319033158222,59706
retained,3,2026080503,647,98991,0.521884613783136,59805
retained,3,2026080503,648,99144,0.41049709008743324,59899
retained,3,2026080503,649,99297,0.5616996547255061,59992
retained,3,2026080503,650,99450,0.5558758263842002,60091
retained,3,2026080503,651,99603,0.5664075028419889,60199
retained,3,2026080503,652,99756,0.5368328252523473,60295
retained,3,2026080503,653,99909,0.5720648493296896,60389
retained,3,2026080503,654,100062,0.6332953356962315,60478
retained,3,2026080503,655,100215,0.4082083874189621,60556
retained,3,2026080503,656,100368,0.588359223533474,60654
retained,3,2026080503,657,100521,0.4333050700610387,60751
retained,3,2026080503,658,100674,0.46245724555466605,60850
retained,3,2026080503,659,100827,0.5875212912406597,60955
retained,3,2026080503,660,100980,0.5625248533704881,61044
retained,3,2026080503,661,101133,0.446555492358617,61131
retained,3,2026080503,662,101286,0.47692373401427846,61229
retained,3,2026080503,663,101439,0.49315813263390273,61312
retained,3,2026080503,664,101592,0.4281812575840209,61409
retained,3,2026080503,665,101745,0.5628106287327683,61497
retained,3,2026080503,666,101898,0.559466130009987,61588
retained,3,2026080503,667,102051,0.5989682353754255,61689
retained,3,2026080503,668,102204,0.4121170539246315,61791
retained,3,2026080503,669,102357,0.5167505243798503,61881
retained,3,2026080503,670,102510,0.4749650647857999,61969
retained,3,2026080503,671,102663,0.5973783798873455,62059
retained,3,2026080503,672,102816,0.7584877854379942,62156
retained,3,2026080503,673,102969,0.5608633402477292,62236
retained,3,2026080503,674,103122,0.4350427820012371,62338
retained,3,2026080503,675,103275,0.5532557049111755,62436
retained,3,2026080503,676,103428,0.5217962495287319,62531
retained,3,2026080503,677,103581,0.603207283450097,62621
retained,3,2026080503,678,103734,0.4187649285303118,62722
retained,3,2026080503,679,103887,0.5091600387534407,62814
retained,3,2026080503,680,104040,0.4748949792889023,62908
retained,3,2026080503,681,104193,0.6003926955259304,62996
retained,3,2026080503,682,104346,0.6102133293348233,63083
retained,3,2026080503,683,104499,0.6872379372711168,63174
retained,3,2026080503,684,104652,0.5084832272151829,63263
retained,3,2026080503,685,104805,0.5551099879055683,63359
retained,3,2026080503,686,104958,0.6084651207031841,63447
retained,3,2026080503,687,105111,0.7142496862490575,63542
retained,3,2026080503,688,105264,0.6145203035706956,63643
retained,3,2026080503,689,105417,0.466246123959899,63737
retained,3,2026080503,690,105570,0.4374470358491286,63840
retained,3,2026080503,691,105723,0.5911158097259039,63938
retained,3,2026080503,692,105876,0.7360872447016351,64030
retained,3,2026080503,693,106029,0.6290950739537887,64120
retained,3,2026080503,694,106182,0.5931011742883203,64216
retained,3,2026080503,695,106335,0.36808408912577467,64317
retained,3,2026080503,696,106488,0.5149907412866922,64397
retained,3,2026080503,697,106641,0.6547233468739617,64500
retained,3,2026080503,698,106794,0.6742342430721153,64599
retained,3,2026080503,699,106947,0.6844406142244203,64701
retained,3,2026080503,700,107100,0.451214860748397,64805
retained,3,2026080503,701,107253,0.6726243338695004,64908
retained,3,2026080503,702,107406,0.6060789179339345,65001
retained,3,2026080503,703,107559,0.6167846432585333,65101
retained,3,2026080503,704,107712,0.6022925783670298,65190
retained,3,2026080503,705,107865,0.6587648450033855,65284
retained,3,2026080503,706,108018,0.6452772970160099,65379
retained,3,2026080503,707,108171,0.6139269514650438,65469
retained,3,2026080503,708,108324,0.5482606445880474,65554
retained,3,2026080503,709,108477,0.5746295384528507,65641
retained,3,2026080503,710,108630,0.5641344065431497,65735
retained,3,2026080503,711,108783,0.5233782575556811,65825
retained,3,2026080503,712,108936,0.6498831499680149,65919
retained,3,2026080503,713,109089,0.5994305375661733,66006
retained,3,2026080503,714,109242,0.45762974929549904,66099
retained,3,2026080503,715,109395,0.5969297751521964,66191
retained,3,2026080503,716,109548,0.49636164638618463,66286
retained,3,2026080503,717,109701,0.5879004736928817,66372
retained,3,2026080503,718,109854,0.5307472888763881,66468
retained,3,2026080503,719,110007,0.6686044962994482,66563
retained,3,2026080503,720,110160,0.6919072686521838,66659
retained,3,2026080503,721,110313,0.6739267635111222,66750
retained,3,2026080503,722,110466,0.5772730150524112,66838
retained,3,2026080503,723,110619,0.6290508088908874,66933
retained,3,2026080503,724,110772,0.6379020998811722,67023
retained,3,2026080503,725,110925,0.6358520384759323,67120
retained,3,2026080503,726,111078,0.5580394344190033,67202
retained,3,2026080503,727,111231,0.5799192293546747,67286
retained,3,2026080503,728,111384,0.5471007848103295,67377
retained,3,2026080503,729,111537,0.6794777979048322,67480
retained,3,2026080503,730,111690,0.643153073008276,67571
retained,3,2026080503,731,111843,0.51936187903725,67655
retained,3,2026080503,732,111996,0.5674596701408113,67748
retained,3,2026080503,733,112149,0.47042084685517027,67851
retained,3,2026080503,734,112302,0.4607033885009777,67938
retained,3,2026080503,735,112455,0.6234739962369203,68017
retained,3,2026080503,736,112608,0.4777867665604938,68106
retained,3,2026080503,737,112761,0.577690997505253,68197
retained,3,2026080503,738,112914,0.5710026012535648,68292
retained,3,2026080503,739,113067,0.6101508688924129,68384
retained,3,2026080503,740,113220,0.6775534139438192,68474
retained,3,2026080503,741,113373,0.6302671918340255,68564
retained,3,2026080503,742,113526,0.5948335192210353,68652
retained,3,2026080503,743,113679,0.6603078226541561,68739
retained,3,2026080503,744,113832,0.6741070551424245,68839
retained,3,2026080503,745,113985,0.6078059276752706,68933
retained,3,2026080503,746,114138,0.6085300908720455,69019
retained,3,2026080503,747,114291,0.6679927310716582,69105
retained,3,2026080503,748,114444,0.48676714799254134,69191
retained,3,2026080503,749,114597,0.390467573219941,69276
retained,3,2026080503,750,114750,0.6809509635343708,69374
retained,3,2026080503,751,114903,0.48601237704724726,69471
retained,3,2026080503,752,115056,0.5642669187108551,69554
retained,3,2026080503,753,115209,0.5394440735882136,69648
retained,3,2026080503,754,115362,0.503229919601878,69751
retained,3,2026080503,755,115515,0.6638607872414711,69846
retained,3,2026080503,756,115668,0.5499111961548634,69941
retained,3,2026080503,757,115821,0.5420985603009891,70033
retained,3,2026080503,758,115974,0.5055313096743724,70130
retained,3,2026080503,759,116127,0.6420572814984792,70222
retained,3,2026080503,760,116280,0.6810477118700347,70314
retained,3,2026080503,761,116433,0.5352609223251134,70410
retained,3,2026080503,762,116586,0.5151791879200674,70502
retained,3,2026080503,763,116739,0.5532866519868535,70592
retained,3,2026080503,764,116892,0.5471149394983938,70680
retained,3,2026080503,765,117045,0.5665140233782714,70768
retained,3,2026080503,766,117198,0.6072091192695083,70863
retained,3,2026080503,767,117351,0.5891749575332506,70954
retained,3,2026080503,768,117504,0.5927850615730862,71048
retained,3,2026080503,769,117657,0.5551336928265957,71138
retained,3,2026080503,770,117810,0.4731670501482209,71224
retained,3,2026080503,771,117963,0.5047687298377758,71322
retained,3,2026080503,772,118116,0.6901958362755743,71417
retained,3,2026080503,773,118269,0.6260624598660317,71520
retained,3,2026080503,774,118422,0.4937862845925005,71613
retained,3,2026080503,775,118575,0.5083729730365323,71697
retained,3,2026080503,776,118728,0.7557954973724904,71796
retained,3,2026080503,777,118881,0.6351037137398436,71884
retained,3,2026080503,778,119034,0.5666025308224582,71982
retained,3,2026080503,779,119187,0.5480991554794261,72075
retained,3,2026080503,780,119340,0.5042460572602809,72163
retained,3,2026080503,781,119493,0.5825088461568767,72240
retained,3,2026080503,782,119646,0.7227558616866904,72336
retained,3,2026080503,783,119799,0.5443440229594367,72436
retained,3,2026080503,784,119952,0.5923614163984844,72523
retained,3,2026080503,785,120105,0.6449399781110655,72611
retained,3,2026080503,786,120258,0.5097466560735323,72696
retained,3,2026080503,787,120411,0.39589754176634745,72796
retained,3,2026080503,788,120564,0.4944492935785562,72884
retained,3,2026080503,789,120717,0.7072710571484746,72986
retained,3,2026080503,790,120870,0.6581392513867262,73077
retained,3,2026080503,791,121023,0.5196606747077608,73166
retained,3,2026080503,792,121176,0.5712826314984037,73250
retained,3,2026080503,793,121329,0.6202821258841377,73347
retained,3,2026080503,794,121482,0.6217205253911826,73435
retained,3,2026080503,795,121635,0.4163172657620762,73530
retained,3,2026080503,796,121788,0.5961800723173014,73619
retained,3,2026080503,797,121941,0.5682870153548697,73695
retained,3,2026080503,798,122094,0.508340400685191,73791
retained,3,2026080503,799,122247,0.5774722120900415,73887
retained,3,2026080503,800,122400,0.6556143649213071,73988
retained,3,2026080503,801,122553,0.5263439217198196,74076
retained,3,2026080503,802,122706,0.7347686578757605,74165
retained,3,2026080503,803,122859,0.45103782696291456,74258
retained,3,2026080503,804,123012,0.656610201227979,74350
retained,3,2026080503,805,123165,0.637244934634191,74446
retained,3,2026080503,806,123318,0.4509050516238027,74539
retained,3,2026080503,807,123471,0.7022487685625125,74641
retained,3,2026080503,808,123624,0.6439436358141318,74737
retained,3,2026080503,809,123777,0.6841169786877178,74824
retained,3,2026080503,810,123930,0.6029843168130681,74917
retained,3,2026080503,811,124083,0.56878526385732,75011
retained,3,2026080503,812,124236,0.5351952627366346,75097
retained,3,2026080503,813,124389,0.5165734182924616,75197
retained,3,2026080503,814,124542,0.5399867048688589,75289
retained,3,2026080503,815,124695,0.5664216564252768,75387
retained,3,2026080503,816,124848,0.7128984279288734,75479
retained,3,2026080503,817,125001,0.6983039801250078,75569
retained,3,2026080503,818,125154,0.7047192770799903,75666
retained,3,2026080503,819,125307,0.6113306165275294,75763
retained,3,2026080503,820,125460,0.46048947015526104,75861
retained,3,2026080503,821,125613,0.5333591850558935,75947
retained,3,2026080503,822,125766,0.5538517208578004,76039
retained,3,2026080503,823,125919,0.5788418645602784,76127
retained,3,2026080503,824,126072,0.6169358744640113,76212
retained,3,2026080503,825,126225,0.5025995836442309,76299
retained,3,2026080503,826,126378,0.533970131223294,76387
retained,3,2026080503,827,126531,0.6328084408024585,76478
retained,3,2026080503,828,126684,0.5787507475951899,76567
retained,3,2026080503,829,126837,0.5568511846060714,76664
retained,3,2026080503,830,126990,0.6355970206486135,76751
retained,3,2026080503,831,127143,0.592468864458586,76835
retained,3,2026080503,832,127296,0.42582081035940034,76932
retained,3,2026080503,833,127449,0.5955859128093358,77023
retained,3,2026080503,834,127602,0.5735894649631412,77114
retained,3,2026080503,835,127755,0.5499997130476046,77209
retained,3,2026080503,836,127908,0.4633463616869641,77302
retained,3,2026080503,837,128061,0.5839169583431839,77397
retained,3,2026080503,838,128214,0.6521564117931026,77486
retained,3,2026080503,839,128367,0.5277381223197334,77573
retained,3,2026080503,840,128520,0.5345549140535435,77657
retained,3,2026080503,841,128673,0.650511125887793,77737
retained,3,2026080503,842,128826,0.5588106143848627,77833
retained,3,2026080503,843,128979,0.7238556733742676,77927
retained,3,2026080503,844,129132,0.6316171320974341,78024
retained,3,2026080503,845,129285,0.5099444163333929,78114
retained,3,2026080503,846,129438,0.5239648051792948,78207
retained,3,2026080503,847,129591,0.6557692727912339,78294
retained,3,2026080503,848,129744,0.6492578101053473,78389
retained,3,2026080503,849,129897,0.6255973258987477,78485
retained,3,2026080503,850,130050,0.638302061498148,78587
retained,3,2026080503,851,130203,0.493902132272853,78676
retained,3,2026080503,852,130356,0.6556983767574918,78778
retained,3,2026080503,853,130509,0.557113427549223,78862
retained,3,2026080503,854,130662,0.5051670218392259,78956
retained,3,2026080503,855,130815,0.5589416595558983,79059
retained,3,2026080503,856,130968,0.7173613365984545,79153
retained,3,2026080503,857,131121,0.704940559862381,79251
retained,3,2026080503,858,131274,0.5740123041359183,79344
retained,3,2026080503,859,131427,0.5671381940075145,79432
retained,3,2026080503,860,131580,0.5605673218734095,79507
retained,3,2026080503,861,131733,0.7322090942978765,79590
retained,3,2026080503,862,131886,0.6777678807210027,79676
retained,3,2026080503,863,132039,0.39263344513761517,79768
retained,3,2026080503,864,132192,0.6928513076523761,79855
retained,3,2026080503,865,132345,0.5334610612536304,79943
retained,3,2026080503,866,132498,0.4983556816345428,80036
retained,3,2026080503,867,132651,0.7262481943966924,80125
retained,3,2026080503,868,132804,0.5940082654960148,80219
retained,3,2026080503,869,132957,0.3283560531832108,80315
retained,3,2026080503,870,133110,0.5616295472671928,80408
retained,3,2026080503,871,133263,0.663816526904966,80506
retained,3,2026080503,872,133416,0.4354145953940882,80597
retained,3,2026080503,873,133569,0.6251554833555698,80683
retained,3,2026080503,874,133722,0.5432165721114683,80766
retained,3,2026080503,875,133875,0.6275189917291962,80862
retained,3,2026080503,876,134028,0.6822066967228758,80958
retained,3,2026080503,877,134181,0.6797502480468374,81043
retained,3,2026080503,878,134334,0.5859885534964148,81135
retained,3,2026080503,879,134487,0.4673548730828637,81231
retained,3,2026080503,880,134640,0.5134308672943668,81333
retained,3,2026080503,881,134793,0.4926966342700767,81424
retained,3,2026080503,882,134946,0.5747031695739371,81511
retained,3,2026080503,883,135099,0.5866168965246458,81597
retained,3,2026080503,884,135252,0.5204685098573573,81691
retained,3,2026080503,885,135405,0.5502119923565754,81789
retained,3,2026080503,886,135558,0.2613963626838177,81874
retained,3,2026080503,887,135711,0.6273506727115922,81961
retained,3,2026080503,888,135864,0.6462173230766525,82052
retained,3,2026080503,889,136017,0.47675552573578456,82141
retained,3,2026080503,890,136170,0.4623581170644052,82239
retained,3,2026080503,891,136323,0.6755301066726158,82338
retained,3,2026080503,892,136476,0.5974098825685722,82441
retained,3,2026080503,893,136629,0.5278145520183514,82529
retained,3,2026080503,894,136782,0.7183606013954804,82620
retained,3,2026080503,895,136935,0.4400014010149397,82713
retained,3,2026080503,896,137088,0.5619329716749051,82812
retained,3,2026080503,897,137241,0.5413838518147912,82905
retained,3,2026080503,898,137394,0.36506830908930915,83012
retained,3,2026080503,899,137547,0.5418224608175535,83099
retained,3,2026080503,900,137700,0.4870511434230355,83195
retained,3,2026080503,901,137853,0.5191961066424305,83292
retained,3,2026080503,902,138006,0.6570689944478503,83384
retained,3,2026080503,903,138159,0.5270074501580714,83475
retained,3,2026080503,904,138312,0.6366662863051595,83575
retained,3,2026080503,905,138465,0.5817648558257497,83670
retained,3,2026080503,906,138618,0.5340787551902998,83771
retained,3,2026080503,907,138771,0.5090820024829702,83857
retained,3,2026080503,908,138924,0.3255195959927949,83951
retained,3,2026080503,909,139077,0.6541200675895898,84043
retained,3,2026080503,910,139230,0.631280349807235,84140
retained,3,2026080503,911,139383,0.568254185179582,84229
retained,3,2026080503,912,139536,0.6862935986459067,84324
retained,3,2026080503,913,139689,0.6174053268700479,84420
retained,3,2026080503,914,139842,0.6672973324725695,84506
retained,3,2026080503,915,139995,0.4760522149297036,84601
retained,3,2026080503,916,140148,0.5280279299094126,84695
retained,3,2026080503,917,140301,0.5792298111861659,84786
retained,3,2026080503,918,140454,0.4322795855738553,84879
retained,3,2026080503,919,140607,0.6066985626450073,84972
retained,3,2026080503,920,140760,0.6568838610326344,85060
retained,3,2026080503,921,140913,0.35581777531795544,85150
retained,3,2026080503,922,141066,0.6227960261925453,85236
retained,3,2026080503,923,141219,0.5236104989938718,85322
retained,3,2026080503,924,141372,0.611249429798115,85411
retained,3,2026080503,925,141525,0.5789603242385494,85502
retained,3,2026080503,926,141678,0.48062139059786385,85597
retained,3,2026080503,927,141831,0.6509918175155033,85694
retained,3,2026080503,928,141984,0.5618305787931935,85788
retained,3,2026080503,929,142137,0.5501442351969114,85887
retained,3,2026080503,930,142290,0.5461375672034805,85979
retained,3,2026080503,931,142443,0.6542446744166481,86076
retained,3,2026080503,932,142596,0.5638724585717985,86168
retained,3,2026080503,933,142749,0.7179163996825587,86249
retained,3,2026080503,934,142902,0.6146875533841957,86342
retained,3,2026080503,935,143055,0.5717061965848786,86428
retained,3,2026080503,936,143208,0.6400370070053794,86530
retained,3,2026080503,937,143361,0.628806600729354,86626
retained,3,2026080503,938,143514,0.6086772803335095,86722
retained,3,2026080503,939,143667,0.6738801981791336,86830
retained,3,2026080503,940,143820,0.5942516661635677,86921
retained,3,2026080503,941,143973,0.511913989423791,87002
retained,3,2026080503,942,144126,0.5119822405307056,87094
retained,3,2026080503,943,144279,0.6996225820382997,87185
retained,3,2026080503,944,144432,0.5913433511431101,87279
retained,3,2026080503,945,144585,0.5979852300866958,87372
retained,3,2026080503,946,144738,0.5324626083295608,87461
retained,3,2026080503,947,144891,0.6498827737340183,87553
retained,3,2026080503,948,145044,0.5282249860212905,87650
retained,3,2026080503,949,145197,0.5141380322804675,87738
retained,3,2026080503,950,145350,0.5990390962437815,87827
retained,3,2026080503,951,145503,0.5120928771977751,87931
retained,3,2026080503,952,145656,0.5646814602876181,88019
retained,3,2026080503,953,145809,0.6256202665160339,88106
retained,3,2026080503,954,145962,0.485961247179909,88199
retained,3,2026080503,955,146115,0.5538589794583212,88297
retained,3,2026080503,956,146268,0.5132207319460282,88378
retained,3,2026080503,957,146421,0.594697477675283,88478
retained,3,2026080503,958,146574,0.6117271842695711,88576
retained,3,2026080503,959,146727,0.5459034426542069,88669
retained,3,2026080503,960,146880,0.5942171477505414,88759
retained,3,2026080503,961,147033,0.6354556708440282,88852
retained,3,2026080503,962,147186,0.5613962629880375,88951
retained,3,2026080503,963,147339,0.4567535667021894,89039
retained,3,2026080503,964,147492,0.5102334989836091,89138
retained,3,2026080503,965,147645,0.5308930319071746,89231
retained,3,2026080503,966,147798,0.5478035543119804,89318
retained,3,2026080503,967,147951,0.4241156181636688,89407
retained,3,2026080503,968,148104,0.6402720023363762,89502
retained,3,2026080503,969,148257,0.5494126223066456,89596
retained,3,2026080503,970,148410,0.5627341302262767,89687
retained,3,2026080503,971,148563,0.5638281916179146,89770
retained,3,2026080503,972,148716,0.6328023728029792,89872
retained,3,2026080503,973,148869,0.5876164286387773,89967
retained,3,2026080503,974,149022,0.6553452337193322,90059
retained,3,2026080503,975,149175,0.5809504619625407,90152
retained,3,2026080503,976,149328,0.6156218443922539,90239
retained,3,2026080503,977,149481,0.5277155853000012,90337
retained,3,2026080503,978,149634,0.622211856672631,90437
retained,3,2026080503,979,149787,0.7059594226474927,90535
retained,3,2026080503,980,149940,0.49982287766698197,90638
retained,3,2026080503,981,150093,0.5335281212491244,90739
retained,3,2026080503,982,150246,0.3644420468465993,90827
retained,3,2026080503,983,150399,0.6679720740275007,90923
retained,3,2026080503,984,150552,0.6674522502666563,91018
retained,3,2026080503,985,150705,0.6789680607151368,91107
retained,3,2026080503,986,150858,0.5525976945270737,91200
retained,3,2026080503,987,151011,0.6558519131595119,91295
retained,3,2026080503,988,151164,0.41669422198236894,91385
retained,3,2026080503,989,151317,0.5426728519757782,91484
retained,3,2026080503,990,151470,0.6174406398322213,91565
retained,3,2026080503,991,151623,0.36076600285387234,91659
retained,3,2026080503,992,151776,0.518642567888288,91755
retained,3,2026080503,993,151929,0.5953589799170326,91852
retained,3,2026080503,994,152082,0.6436505855678212,91934
retained,3,2026080503,995,152235,0.5056408817216247,92028
retained,3,2026080503,996,152388,0.5238541567007757,92113
retained,3,2026080503,997,152541,0.4638337810771141,92204
retained,3,2026080503,998,152694,0.6689221584454411,92285
retained,3,2026080503,999,152847,0.5836956519348674,92378
retained,3,2026080503,1000,153000,0.46854416343428623,92450
burn_in,4,2026080504,1,765,0.6183875717679934,431
burn_in,4,2026080504,2,1530,0.6702342756982197,912
burn_in,4,2026080504,3,2295,0.6505358412530152,1388
burn_in,4,2026080504,4,3060,0.5752638777780074,1869
burn_in,4,2026080504,5,3825,0.6380603975990744,2338
burn_in,4,2026080504,6,4590,0.5924436018714825,2778
burn_in,4,2026080504,7,5355,0.5682506042053622,3251
burn_in,4,2026080504,8,6120,0.6299209276267667,3689
burn_in,4,2026080504,9,6885,0.5190630590345463,4140
burn_in,4,2026080504,10,7650,0.6147490665606927,4599
burn_in,4,2026080504,11,8415,0.6686437611010831,5064
burn_in,4,2026080504,12,9180,0.4088635893648029,5561
burn_in,4,2026080504,13,9945,0.4374726131503217,6056
burn_in,4,2026080504,14,10710,0.6249780816216542,6507
burn_in,4,2026080504,15,11475,0.5007592195982211,6974
burn_in,4,2026080504,16,12240,0.5280020137801686,7448
burn_in,4,2026080504,17,13005,0.7549324392400416,7890
burn_in,4,2026080504,18,13770,0.6425525339905779,8393
burn_in,4,2026080504,19,14535,0.4344830435127031,8846
burn_in,4,2026080504,20,15300,0.500374549559025,9326
retained,4,2026080504,1,153,0.6726717069020219,84
retained,4,2026080504,2,306,0.6353506880945079,183
retained,4,2026080504,3,459,0.6720722874204581,282
retained,4,2026080504,4,612,0.4783163552461857,380
retained,4,2026080504,5,765,0.5491366733433777,476
retained,4,2026080504,6,918,0.5782638630994882,554
retained,4,2026080504,7,1071,0.5063063247697103,640
retained,4,2026080504,8,1224,0.7036863526070345,742
retained,4,2026080504,9,1377,0.6930799397478707,832
retained,4,2026080504,10,1530,0.7293988629598339,928
retained,4,2026080504,11,1683,0.5290442668067383,1018
retained,4,2026080504,12,1836,0.6652629122481717,1117
retained,4,2026080504,13,1989,0.7240681826232246,1205
retained,4,2026080504,14,2142,0.6039193957571887,1295
retained,4,2026080504,15,2295,0.6517802230312526,1391
retained,4,2026080504,16,2448,0.6420657014752426,1499
retained,4,2026080504,17,2601,0.6669305283587635,1595
retained,4,2026080504,18,2754,0.6902842492441398,1689
retained,4,2026080504,19,2907,0.5421162772001973,1775
retained,4,2026080504,20,3060,0.3444184282194966,1857
retained,4,2026080504,21,3213,0.5006463204250708,1955
retained,4,2026080504,22,3366,0.6493543249258114,2054
retained,4,2026080504,23,3519,0.6717182274093051,2151
retained,4,2026080504,24,3672,0.525890748447103,2243
retained,4,2026080504,25,3825,0.5410624402731944,2342
retained,4,2026080504,26,3978,0.5012597373871778,2434
retained,4,2026080504,27,4131,0.5200812485777312,2523
retained,4,2026080504,28,4284,0.5518924811575129,2612
retained,4,2026080504,29,4437,0.7010752715212941,2692
retained,4,2026080504,30,4590,0.586727549728804,2787
retained,4,2026080504,31,4743,0.551086855793959,2878
retained,4,2026080504,32,4896,0.7875232942506287,2975
retained,4,2026080504,33,5049,0.6192992679561715,3070
retained,4,2026080504,34,5202,0.4962671533622055,3170
retained,4,2026080504,35,5355,0.3947748015602844,3263
retained,4,2026080504,36,5508,0.44475635387564105,3349
retained,4,2026080504,37,5661,0.40572584103379616,3441
retained,4,2026080504,38,5814,0.636317270267578,3535
retained,4,2026080504,39,5967,0.5421986495794034,3614
retained,4,2026080504,40,6120,0.5860924760628393,3716
retained,4,2026080504,41,6273,0.6214416320976757,3807
retained,4,2026080504,42,6426,0.5777995184199374,3902
retained,4,2026080504,43,6579,0.650120566728973,4008
retained,4,2026080504,44,6732,0.6794266550527215,4098
retained,4,2026080504,45,6885,0.44247655916533885,4191
retained,4,2026080504,46,7038,0.5611140855011371,4293
retained,4,2026080504,47,7191,0.5848589349049016,4393
retained,4,2026080504,48,7344,0.6082433590271523,4478
retained,4,2026080504,49,7497,0.483443848967476,4567
retained,4,2026080504,50,7650,0.5387155633804486,4654
retained,4,2026080504,51,7803,0.4885585578897262,4749
retained,4,2026080504,52,7956,0.6758486053024421,4844
retained,4,2026080504,53,8109,0.667904214178917,4932
retained,4,2026080504,54,8262,0.5920894955460574,5021
retained,4,2026080504,55,8415,0.5506172861623546,5116
retained,4,2026080504,56,8568,0.6574894407110945,5227
retained,4,2026080504,57,8721,0.5133092526190387,5316
retained,4,2026080504,58,8874,0.42503711067783073,5417
retained,4,2026080504,59,9027,0.37718463739929187,5508
retained,4,2026080504,60,9180,0.5891779873092653,5599
retained,4,2026080504,61,9333,0.6710400376001101,5691
retained,4,2026080504,62,9486,0.6867428537323141,5777
retained,4,2026080504,63,9639,0.6660485529401432,5867
retained,4,2026080504,64,9792,0.5209116219199474,5961
retained,4,2026080504,65,9945,0.34979663089013785,6063
retained,4,2026080504,66,10098,0.6881598891772218,6157
retained,4,2026080504,67,10251,0.6894506696524446,6254
retained,4,2026080504,68,10404,0.7233688096727103,6349
retained,4,2026080504,69,10557,0.5824355028172866,6435
retained,4,2026080504,70,10710,0.4948180015899474,6519
retained,4,2026080504,71,10863,0.43145897365392133,6609
retained,4,2026080504,72,11016,0.43757047315159003,6715
retained,4,2026080504,73,11169,0.6658019379763129,6809
retained,4,2026080504,74,11322,0.6447540899894001,6902
retained,4,2026080504,75,11475,0.6517234366164804,6997
retained,4,2026080504,76,11628,0.4915133162464516,7087
retained,4,2026080504,77,11781,0.5755048664734865,7188
retained,4,2026080504,78,11934,0.6981620844922937,7283
retained,4,2026080504,79,12087,0.4827681086016394,7381
retained,4,2026080504,80,12240,0.5712216380823134,7464
retained,4,2026080504,81,12393,0.5972047204646422,7559
retained,4,2026080504,82,12546,0.604636765092126,7653
retained,4,2026080504,83,12699,0.6073845978608379,7751
retained,4,2026080504,84,12852,0.5952605582221644,7838
retained,4,2026080504,85,13005,0.4387792472073481,7928
retained,4,2026080504,86,13158,0.5424536479414152,8016
retained,4,2026080504,87,13311,0.4044817224801354,8099
retained,4,2026080504,88,13464,0.4745233371540416,8199
retained,4,2026080504,89,13617,0.3833863634876098,8291
retained,4,2026080504,90,13770,0.6416168120625353,8388
retained,4,2026080504,91,13923,0.7098030165338671,8482
retained,4,2026080504,92,14076,0.477293276939943,8574
retained,4,2026080504,93,14229,0.6577609454045774,8673
retained,4,2026080504,94,14382,0.554052424995051,8774
retained,4,2026080504,95,14535,0.5014903192273208,8861
retained,4,2026080504,96,14688,0.6848255632503467,8953
retained,4,2026080504,97,14841,0.6190342795871302,9039
retained,4,2026080504,98,14994,0.5417329418736964,9136
retained,4,2026080504,99,15147,0.6451307606771426,9216
retained,4,2026080504,100,15300,0.6426357363734944,9307
retained,4,2026080504,101,15453,0.41882377351118844,9409
retained,4,2026080504,102,15606,0.4354296569513732,9506
retained,4,2026080504,103,15759,0.5903508110962096,9597
retained,4,2026080504,104,15912,0.6261957123337513,9688
retained,4,2026080504,105,16065,0.4897977679287616,9785
retained,4,2026080504,106,16218,0.6341214799749975,9880
retained,4,2026080504,107,16371,0.4996960491711996,9969
retained,4,2026080504,108,16524,0.6249868660672232,10062
retained,4,2026080504,109,16677,0.47123174609392693,10157
retained,4,2026080504,110,16830,0.5363360805551284,10248
retained,4,2026080504,111,16983,0.48775932392964844,10336
retained,4,2026080504,112,17136,0.49636814321316175,10428
retained,4,2026080504,113,17289,0.6111637496156364,10517
retained,4,2026080504,114,17442,0.5768399571363452,10603
retained,4,2026080504,115,17595,0.6040945435945859,10684
retained,4,2026080504,116,17748,0.5495846268218091,10773
retained,4,2026080504,117,17901,0.3832411532489673,10877
retained,4,2026080504,118,18054,0.5173369432410118,10972
retained,4,2026080504,119,18207,0.6540455199124964,11059
retained,4,2026080504,120,18360,0.5340237673309599,11157
retained,4,2026080504,121,18513,0.47498441517313533,11255
retained,4,2026080504,122,18666,0.6562000813358576,11336
retained,4,2026080504,123,18819,0.5342450784653697,11426
retained,4,2026080504,124,18972,0.6617202918854413,11519
retained,4,2026080504,125,19125,0.6532849780786527,11614
retained,4,2026080504,126,19278,0.7393879470409195,11704
retained,4,2026080504,127,19431,0.6495121777682057,11801
retained,4,2026080504,128,19584,0.5025211300422954,11895
retained,4,2026080504,129,19737,0.32003119706654476,11988
retained,4,2026080504,130,19890,0.6191929249714845,12076
retained,4,2026080504,131,20043,0.3962745119274981,12177
retained,4,2026080504,132,20196,0.30075254636038934,12268
retained,4,2026080504,133,20349,0.5300504714978448,12357
retained,4,2026080504,134,20502,0.6673528400124917,12443
retained,4,2026080504,135,20655,0.7392172628547165,12525
retained,4,2026080504,136,20808,0.6174495853164185,12627
retained,4,2026080504,137,20961,0.6641087387087456,12720
retained,4,2026080504,138,21114,0.5347655144654218,12811
retained,4,2026080504,139,21267,0.6573447879749126,12914
retained,4,2026080504,140,21420,0.5260218676628382,13013
retained,4,2026080504,141,21573,0.5796341234297553,13101
retained,4,2026080504,142,21726,0.6165865456121915,13195
retained,4,2026080504,143,21879,0.6203396299694215,13278
retained,4,2026080504,144,22032,0.7173272737397508,13364
retained,4,2026080504,145,22185,0.4139182146867361,13442
retained,4,2026080504,146,22338,0.5237544543498313,13533
retained,4,2026080504,147,22491,0.5009727870307777,13629
retained,4,2026080504,148,22644,0.5963067804350753,13719
retained,4,2026080504,149,22797,0.5867075376306389,13811
retained,4,2026080504,150,22950,0.7438363625451708,13904
retained,4,2026080504,151,23103,0.6041406927142269,13996
retained,4,2026080504,152,23256,0.6061323653275704,14092
retained,4,2026080504,153,23409,0.6672624667065431,14180
retained,4,2026080504,154,23562,0.5727660254186755,14280
retained,4,2026080504,155,23715,0.6244205696779128,14381
retained,4,2026080504,156,23868,0.5557327851592714,14469
retained,4,2026080504,157,24021,0.4737462083914948,14572
retained,4,2026080504,158,24174,0.5072997533807625,14656
retained,4,2026080504,159,24327,0.33688090791175845,14739
retained,4,2026080504,160,24480,0.47500193137378943,14829
retained,4,2026080504,161,24633,0.47230009194405365,14920
retained,4,2026080504,162,24786,0.6730911490397009,15011
retained,4,2026080504,163,24939,0.6510556476063206,15108
retained,4,2026080504,164,25092,0.7485738360703941,15194
retained,4,2026080504,165,25245,0.6779448956093762,15295
retained,4,2026080504,166,25398,0.5331593742035865,15398
retained,4,2026080504,167,25551,0.6734818976745292,15490
retained,4,2026080504,168,25704,0.5988876190938814,15575
retained,4,2026080504,169,25857,0.514625472376075,15674
retained,4,2026080504,170,26010,0.6509923760868712,15756
retained,4,2026080504,171,26163,0.632179017170964,15845
retained,4,2026080504,172,26316,0.5864782797242237,15931
retained,4,2026080504,173,26469,0.5861964143488443,16027
retained,4,2026080504,174,26622,0.6423396607240229,16117
retained,4,2026080504,175,26775,0.5534873271996601,16210
retained,4,2026080504,176,26928,0.5250609617965911,16301
retained,4,2026080504,177,27081,0.4771074781581844,16394
retained,4,2026080504,178,27234,0.3550640015030526,16486
retained,4,2026080504,179,27387,0.5640397265174033,16575
retained,4,2026080504,180,27540,0.5977733083505152,16678
retained,4,2026080504,181,27693,0.48544876901606593,16779
retained,4,2026080504,182,27846,0.5847432316609781,16876
retained,4,2026080504,183,27999,0.5144256506432147,16963
retained,4,2026080504,184,28152,0.5947199811577542,17061
retained,4,2026080504,185,28305,0.692194751919718,17155
retained,4,2026080504,186,28458,0.5255799578059103,17241
retained,4,2026080504,187,28611,0.35306617416382274,17338
retained,4,2026080504,188,28764,0.5835559930741324,17426
retained,4,2026080504,189,28917,0.4989803787296845,17523
retained,4,2026080504,190,29070,0.45637543656795354,17622
retained,4,2026080504,191,29223,0.45483916643437305,17714
retained,4,2026080504,192,29376,0.7659145436666389,17810
retained,4,2026080504,193,29529,0.6050000440576644,17910
retained,4,2026080504,194,29682,0.6434598127691574,18003
retained,4,2026080504,195,29835,0.5000387399244511,18088
retained,4,2026080504,196,29988,0.6703136633760477,18173
retained,4,2026080504,197,30141,0.6245618596738668,18262
retained,4,2026080504,198,30294,0.6346832764533011,18361
retained,4,2026080504,199,30447,0.5025955965862168,18455
retained,4,2026080504,200,30600,0.6893398245625072,18541
retained,4,2026080504,201,30753,0.6794756086393328,18632
retained,4,2026080504,202,30906,0.5895225056565618,18728
retained,4,2026080504,203,31059,0.6283197370277968,18825
retained,4,2026080504,204,31212,0.5684962028418596,18910
retained,4,2026080504,205,31365,0.679964640814909,19006
retained,4,2026080504,206,31518,0.6987153032597202,19093
retained,4,2026080504,207,31671,0.5550807333395391,19180
retained,4,2026080504,208,31824,0.41682604791843086,19272
retained,4,2026080504,209,31977,0.6566161134751665,19357
retained,4,2026080504,210,32130,0.6005813308894192,19454
retained,4,2026080504,211,32283,0.5409478898325569,19547
retained,4,2026080504,212,32436,0.5661017924737027,19639
retained,4,2026080504,213,32589,0.5492667973331189,19738
retained,4,2026080504,214,32742,0.592715406463068,19833
retained,4,2026080504,215,32895,0.583690057136394,19929
retained,4,2026080504,216,33048,0.6946360800301885,20028
retained,4,2026080504,217,33201,0.5867216959818915,20113
retained,4,2026080504,218,33354,0.5724783700842949,20206
retained,4,2026080504,219,33507,0.7915948974466195,20298
retained,4,2026080504,220,33660,0.5749073646894834,20408
retained,4,2026080504,221,33813,0.5162525649966344,20493
retained,4,2026080504,222,33966,0.42478790087863755,20584
retained,4,2026080504,223,34119,0.5467583917542272,20681
retained,4,2026080504,224,34272,0.591431875596874,20764
retained,4,2026080504,225,34425,0.6705271728294393,20850
retained,4,2026080504,226,34578,0.559847217365066,20950
retained,4,2026080504,227,34731,0.5307143623689593,21038
retained,4,2026080504,228,34884,0.5488919417203868,21137
retained,4,2026080504,229,35037,0.7454830591745113,21226
retained,4,2026080504,230,35190,0.48790511278963494,21313
retained,4,2026080504,231,35343,0.6736380576012171,21410
retained,4,2026080504,232,35496,0.5364115927935456,21499
retained,4,2026080504,233,35649,0.520855639993175,21591
retained,4,2026080504,234,35802,0.665471631970817,21687
retained,4,2026080504,235,35955,0.4170297958316831,21778
retained,4,2026080504,236,36108,0.42889108651657876,21866
retained,4,2026080504,237,36261,0.5670976713111271,21959
retained,4,2026080504,238,36414,0.49001752785876923,22054
retained,4,2026080504,239,36567,0.36825386343871824,22145
retained,4,2026080504,240,36720,0.5493371665342702,22241
retained,4,2026080504,241,36873,0.4792614410547104,22337
retained,4,2026080504,242,37026,0.5647840239745845,22425
retained,4,2026080504,243,37179,0.6055440632427237,22520
retained,4,2026080504,244,37332,0.5664316912349212,22606
retained,4,2026080504,245,37485,0.5227698016112887,22697
retained,4,2026080504,246,37638,0.584888549601703,22791
retained,4,2026080504,247,37791,0.5993081551557775,22891
retained,4,2026080504,248,37944,0.5276838148468277,22977
retained,4,2026080504,249,38097,0.6716075836558197,23063
retained,4,2026080504,250,38250,0.7053026013620848,23148
retained,4,2026080504,251,38403,0.5589894078610901,23249
retained,4,2026080504,252,38556,0.5677737153284614,23349
retained,4,2026080504,253,38709,0.5218408265438513,23441
retained,4,2026080504,254,38862,0.4924288891451274,23528
retained,4,2026080504,255,39015,0.3011859208969102,23619
retained,4,2026080504,256,39168,0.4165691788499898,23715
retained,4,2026080504,257,39321,0.4094698608850982,23816
retained,4,2026080504,258,39474,0.5918429297824417,23913
retained,4,2026080504,259,39627,0.4623189597821696,24003
retained,4,2026080504,260,39780,0.5731421900867117,24093
retained,4,2026080504,261,39933,0.5474548523812944,24178
retained,4,2026080504,262,40086,0.6587648450033855,24259
retained,4,2026080504,263,40239,0.7057009273794204,24367
retained,4,2026080504,264,40392,0.47872148516773283,24454
retained,4,2026080504,265,40545,0.76779552763739,24547
retained,4,2026080504,266,40698,0.5644823015313445,24642
retained,4,2026080504,267,40851,0.5052538713750926,24733
retained,4,2026080504,268,41004,0.5355592840523271,24828
retained,4,2026080504,269,41157,0.6229995455430667,24913
retained,4,2026080504,270,41310,0.5794368121118604,25004
retained,4,2026080504,271,41463,0.645154938875958,25104
retained,4,2026080504,272,41616,0.6172409864923761,25189
retained,4,2026080504,273,41769,0.46203154227404336,25285
retained,4,2026080504,274,41922,0.5181114991298527,25369
retained,4,2026080504,275,42075,0.6302286224436092,25454
retained,4,2026080504,276,42228,0.49030196922664937,25536
retained,4,2026080504,277,42381,0.4751725019931278,25632
retained,4,2026080504,278,42534,0.4853028227973349,25727
retained,4,2026080504,279,42687,0.6307983158720879,25823
retained,4,2026080504,280,42840,0.5149581574713207,25929
retained,4,2026080504,281,42993,0.4663379764129744,26033
retained,4,2026080504,282,43146,0.6043583102874496,26120
retained,4,2026080504,283,43299,0.5553494791601628,26220
retained,4,2026080504,284,43452,0.6646971587674195,26316
retained,4,2026080504,285,43605,0.5859375715005422,26406
retained,4,2026080504,286,43758,0.5527894727816757,26501
retained,4,2026080504,287,43911,0.6260186520821459,26592
retained,4,2026080504,288,44064,0.5219069027328902,26688
retained,4,2026080504,289,44217,0.5937017051545244,26778
retained,4,2026080504,290,44370,0.6527605019704616,26863
retained,4,2026080504,291,44523,0.6892885631762473,26953
retained,4,2026080504,292,44676,0.5672605071321436,27040
retained,4,2026080504,293,44829,0.6718055176441542,27125
retained,4,2026080504,294,44982,0.5966192908388545,27213
retained,4,2026080504,295,45135,0.5352261873013988,27307
retained,4,2026080504,296,45288,0.49858288195549505,27407
retained,4,2026080504,297,45441,0.5822626374041752,27505
retained,4,2026080504,298,45594,0.6296159007365517,27593
retained,4,2026080504,299,45747,0.46556229117549974,27687
retained,4,2026080504,300,45900,0.5851937654216686,27780
retained,4,2026080504,301,46053,0.4901401643313509,27872
retained,4,2026080504,302,46206,0.6029070689019818,27969
retained,4,2026080504,303,46359,0.6186402747299679,28068
retained,4,2026080504,304,46512,0.6268061402749289,28164
retained,4,2026080504,305,46665,0.6378305998700856,28254
retained,4,2026080504,306,46818,0.7129164637508936,28349
retained,4,2026080504,307,46971,0.7301627713262584,28436
retained,4,2026080504,308,47124,0.4165296860727723,28534
retained,4,2026080504,309,47277,0.6162994607333122,28620
retained,4,2026080504,310,47430,0.5367312684094336,28706
retained,4,2026080504,311,47583,0.6995794360076142,28802
retained,4,2026080504,312,47736,0.7590912709783346,28893
retained,4,2026080504,313,47889,0.5384517257186973,28982
retained,4,2026080504,314,48042,0.6883146231605932,29086
retained,4,2026080504,315,48195,0.5774595489270394,29191
retained,4,2026080504,316,48348,0.5356813596116559,29284
retained,4,2026080504,317,48501,0.5877581107656706,29380
retained,4,2026080504,318,48654,0.44447493821118117,29482
retained,4,2026080504,319,48807,0.6526252561496173,29577
retained,4,2026080504,320,48960,0.46794026259617966,29670
retained,4,2026080504,321,49113,0.6912800430255075,29760
retained,4,2026080504,322,49266,0.672982741630507,29852
retained,4,2026080504,323,49419,0.6941941547678249,29941
retained,4,2026080504,324,49572,0.5041904303948804,30035
retained,4,2026080504,325,49725,0.6217470770567748,30129
retained,4,2026080504,326,49878,0.6889712346513287,30221
retained,4,2026080504,327,50031,0.4655523495299296,30310
retained,4,2026080504,328,50184,0.5350731918549496,30407
retained,4,2026080504,329,50337,0.3825700104275766,30498
retained,4,2026080504,330,50490,0.5949982674481351,30583
retained,4,2026080504,331,50643,0.43492419666833226,30674
retained,4,2026080504,332,50796,0.5923518801819405,30764
retained,4,2026080504,333,50949,0.46000998459526127,30847
retained,4,2026080504,334,51102,0.6004473195194583,30937
retained,4,2026080504,335,51255,0.4880678678353659,31031
retained,4,2026080504,336,51408,0.6435811660253224,31114
retained,4,2026080504,337,51561,0.4884883679708972,31197
retained,4,2026080504,338,51714,0.6398612935612459,31304
retained,4,2026080504,339,51867,0.6237922964256067,31396
retained,4,2026080504,340,52020,0.42592237412105455,31490
retained,4,2026080504,341,52173,0.5598914758114366,31575
retained,4,2026080504,342,52326,0.5713178182434836,31669
retained,4,2026080504,343,52479,0.61787429761257,31758
retained,4,2026080504,344,52632,0.6202599966609524,31850
retained,4,2026080504,345,52785,0.5977988351278665,31949
retained,4,2026080504,346,52938,0.5576921489576743,32036
retained,4,2026080504,347,53091,0.5413230846375305,32121
retained,4,2026080504,348,53244,0.5694491122044923,32222
retained,4,2026080504,349,53397,0.6320338352896376,32308
retained,4,2026080504,350,53550,0.53930158642657,32391
retained,4,2026080504,351,53703,0.5493488973641408,32481
retained,4,2026080504,352,53856,0.5715901913999528,32582
retained,4,2026080504,353,54009,0.4523599587337265,32669
retained,4,2026080504,354,54162,0.5116155970136427,32766
retained,4,2026080504,355,54315,0.5289764913052145,32860
retained,4,2026080504,356,54468,0.4223854109129433,32949
retained,4,2026080504,357,54621,0.5107642832699898,33023
retained,4,2026080504,358,54774,0.6669083991355782,33116
retained,4,2026080504,359,54927,0.56703754577449,33219
retained,4,2026080504,360,55080,0.4745252007123195,33303
retained,4,2026080504,361,55233,0.5368762866365662,33397
retained,4,2026080504,362,55386,0.5240533239621101,33497
retained,4,2026080504,363,55539,0.6830697732847272,33601
retained,4,2026080504,364,55692,0.6072053208431248,33692
retained,4,2026080504,365,55845,0.5978669349763779,33792
retained,4,2026080504,366,55998,0.6187994679307222,33895
retained,4,2026080504,367,56151,0.5815473952836684,33988
retained,4,2026080504,368,56304,0.6211228385325772,34083
retained,4,2026080504,369,56457,0.5602665036947327,34176
retained,4,2026080504,370,56610,0.5893107598134476,34268
retained,4,2026080504,371,56763,0.6533455943861922,34361
retained,4,2026080504,372,56916,0.6107716960051371,34445
retained,4,2026080504,373,57069,0.5508759115815249,34532
retained,4,2026080504,374,57222,0.4974852990398942,34637
retained,4,2026080504,375,57375,0.5999453697768411,34731
retained,4,2026080504,376,57528,0.553956660901828,34824
retained,4,2026080504,377,57681,0.5914381377283389,34914
retained,4,2026080504,378,57834,0.6061728678446086,35002
retained,4,2026080504,379,57987,0.5608107485261515,35088
retained,4,2026080504,380,58140,0.5127434444894716,35181
retained,4,2026080504,381,58293,0.6008969263738093,35274
retained,4,2026080504,382,58446,0.6845975684925015,35374
retained,4,2026080504,383,58599,0.6703826871756713,35465
retained,4,2026080504,384,58752,0.612935223786616,35562
retained,4,2026080504,385,58905,0.4863664521785083,35652
retained,4,2026080504,386,59058,0.52827923594039,35755
retained,4,2026080504,387,59211,0.6435231626173324,35849
retained,4,2026080504,388,59364,0.7130492475958835,35947
retained,4,2026080504,389,59517,0.6223622728635565,36041
retained,4,2026080504,390,59670,0.4746035883452427,36137
retained,4,2026080504,391,59823,0.5877855494335337,36217
retained,4,2026080504,392,59976,0.5221391897518257,36300
retained,4,2026080504,393,60129,0.5062014062639059,36390
retained,4,2026080504,394,60282,0.6529202964562804,36470
retained,4,2026080504,395,60435,0.4845104360455214,36564
retained,4,2026080504,396,60588,0.5052856930187517,36653
retained,4,2026080504,397,60741,0.5462051493616318,36749
retained,4,2026080504,398,60894,0.5529296116142441,36847
retained,4,2026080504,399,61047,0.6881747607332717,36925
retained,4,2026080504,400,61200,0.5606797854699476,37013
retained,4,2026080504,401,61353,0.5047443042485371,37101
retained,4,2026080504,402,61506,0.6537030400135281,37200
retained,4,2026080504,403,61659,0.5090719097859022,37297
retained,4,2026080504,404,61812,0.5878311069805131,37383
retained,4,2026080504,405,61965,0.6100038032809664,37477
retained,4,2026080504,406,62118,0.48117782894130184,37570
retained,4,2026080504,407,62271,0.631477786518177,37680
retained,4,2026080504,408,62424,0.5181778901071341,37774
retained,4,2026080504,409,62577,0.5276045380543916,37868
retained,4,2026080504,410,62730,0.6113248911504211,37952
retained,4,2026080504,411,62883,0.6377046286880986,38040
retained,4,2026080504,412,63036,0.6017249889544992,38133
retained,4,2026080504,413,63189,0.6899007295865577,38221
retained,4,2026080504,414,63342,0.5911695748720008,38304
retained,4,2026080504,415,63495,0.6626073487637135,38404
retained,4,2026080504,416,63648,0.680288975631064,38491
retained,4,2026080504,417,63801,0.29689510913374034,38584
retained,4,2026080504,418,63954,0.26270816336405095,38665
retained,4,2026080504,419,64107,0.559183673689785,38761
retained,4,2026080504,420,64260,0.6401867185073633,38857
retained,4,2026080504,421,64413,0.5626310820074326,38956
retained,4,2026080504,422,64566,0.441130063697354,39041
retained,4,2026080504,423,64719,0.5981663282639199,39132
retained,4,2026080504,424,64872,0.5188306888433064,39221
retained,4,2026080504,425,65025,0.4942119413974473,39314
retained,4,2026080504,426,65178,0.5683327041526333,39407
retained,4,2026080504,427,65331,0.6333371574543635,39506
retained,4,2026080504,428,65484,0.580464578373446,39597
retained,4,2026080504,429,65637,0.6227696407141896,39692
retained,4,2026080504,430,65790,0.6781440373587964,39784
retained,4,2026080504,431,65943,0.5403379467600433,39875
retained,4,2026080504,432,66096,0.6800835924760669,39964
retained,4,2026080504,433,66249,0.5567147543555496,40048
retained,4,2026080504,434,66402,0.5580973054678442,40135
retained,4,2026080504,435,66555,0.7021452596177647,40223
retained,4,2026080504,436,66708,0.6225261724678287,40306
retained,4,2026080504,437,66861,0.5390944796958601,40401
retained,4,2026080504,438,67014,0.4383637335933973,40503
retained,4,2026080504,439,67167,0.4978836590818319,40605
retained,4,2026080504,440,67320,0.5706738732550481,40697
retained,4,2026080504,441,67473,0.672307929592793,40785
retained,4,2026080504,442,67626,0.5515605357219556,40879
retained,4,2026080504,443,67779,0.5388253366142856,40971
retained,4,2026080504,444,67932,0.5198600022065423,41060
retained,4,2026080504,445,68085,0.42362667829447814,41144
retained,4,2026080504,446,68238,0.43672369932648875,41235
retained,4,2026080504,447,68391,0.5524855192842981,41328
retained,4,2026080504,448,68544,0.6422670431708158,41425
retained,4,2026080504,449,68697,0.5684940516522488,41526
retained,4,2026080504,450,68850,0.36528962967681405,41617
retained,4,2026080504,451,69003,0.46035670048582655,41723
retained,4,2026080504,452,69156,0.6801776404952226,41824
retained,4,2026080504,453,69309,0.5942344298404255,41918
retained,4,2026080504,454,69462,0.5246516580380862,42008
retained,4,2026080504,455,69615,0.5083036639183074,42096
retained,4,2026080504,456,69768,0.5426549015729438,42200
retained,4,2026080504,457,69921,0.4990131639278596,42288
retained,4,2026080504,458,70074,0.4692054893062952,42394
retained,4,2026080504,459,70227,0.6542120338833378,42484
retained,4,2026080504,460,70380,0.657545600390096,42569
retained,4,2026080504,461,70533,0.6204325157154127,42654
retained,4,2026080504,462,70686,0.6237254734121056,42743
retained,4,2026080504,463,70839,0.5502216002554909,42838
retained,4,2026080504,464,70992,0.5675239519976925,42926
retained,4,2026080504,465,71145,0.5503226455607336,43012
retained,4,2026080504,466,71298,0.5975077690116463,43104
retained,4,2026080504,467,71451,0.4288918193174495,43187
retained,4,2026080504,468,71604,0.308443698719813,43290
retained,4,2026080504,469,71757,0.5938155749545113,43378
retained,4,2026080504,470,71910,0.4755939938442686,43475
retained,4,2026080504,471,72063,0.4883255680301558,43563
retained,4,2026080504,472,72216,0.5449122751439243,43648
retained,4,2026080504,473,72369,0.48363269699230316,43731
retained,4,2026080504,474,72522,0.38493467669979226,43824
retained,4,2026080504,475,72675,0.3872280918769086,43920
retained,4,2026080504,476,72828,0.49982186597214956,44008
retained,4,2026080504,477,72981,0.5968888765936524,44103
retained,4,2026080504,478,73134,0.67339113922556,44190
retained,4,2026080504,479,73287,0.509334824305358,44278
retained,4,2026080504,480,73440,0.5600786801426293,44361
retained,4,2026080504,481,73593,0.47565749623333925,44446
retained,4,2026080504,482,73746,0.5901233841150841,44541
retained,4,2026080504,483,73899,0.6211761608172164,44621
retained,4,2026080504,484,74052,0.36407656186758813,44714
retained,4,2026080504,485,74205,0.37933538542140166,44807
retained,4,2026080504,486,74358,0.5532453888427187,44896
retained,4,2026080504,487,74511,0.58943703140798,44991
retained,4,2026080504,488,74664,0.7180527186261522,45088
retained,4,2026080504,489,74817,0.48021601887693394,45190
retained,4,2026080504,490,74970,0.545230229811674,45279
retained,4,2026080504,491,75123,0.5822337925077048,45369
retained,4,2026080504,492,75276,0.5810664582800096,45463
retained,4,2026080504,493,75429,0.533845380122331,45559
retained,4,2026080504,494,75582,0.5114290571953582,45653
retained,4,2026080504,495,75735,0.6409802433427975,45723
retained,4,2026080504,496,75888,0.5653373060738307,45812
retained,4,2026080504,497,76041,0.5544760207458402,45903
retained,4,2026080504,498,76194,0.546914526872659,45997
retained,4,2026080504,499,76347,0.6355784322146493,46100
retained,4,2026080504,500,76500,0.61745853070011,46197
retained,4,2026080504,501,76653,0.43271848096521526,46286
retained,4,2026080504,502,76806,0.5411317879897468,46395
retained,4,2026080504,503,76959,0.6733790104516567,46488
retained,4,2026080504,504,77112,0.6808649931382617,46585
retained,4,2026080504,505,77265,0.6111024661272746,46672
retained,4,2026080504,506,77418,0.6555317120744155,46754
retained,4,2026080504,507,77571,0.4708957756159283,46846
retained,4,2026080504,508,77724,0.5364360586960272,46943
retained,4,2026080504,509,77877,0.6526473910450232,47019
retained,4,2026080504,510,78030,0.37755268331518804,47120
retained,4,2026080504,511,78183,0.5053607130641101,47224
retained,4,2026080504,512,78336,0.49108594272508,47329
retained,4,2026080504,513,78489,0.5960318215472545,47425
retained,4,2026080504,514,78642,0.5945995312300454,47523
retained,4,2026080504,515,78795,0.5501338525913637,47619
retained,4,2026080504,516,78948,0.6707029448080125,47705
retained,4,2026080504,517,79101,0.5631584172430928,47786
retained,4,2026080504,518,79254,0.5329709605387288,47885
retained,4,2026080504,519,79407,0.5137520454700728,47985
retained,4,2026080504,520,79560,0.4131880330155343,48065
retained,4,2026080504,521,79713,0.570902323842166,48155
retained,4,2026080504,522,79866,0.3991975808011699,48252
retained,4,2026080504,523,80019,0.59612700244441,48351
retained,4,2026080504,524,80172,0.4956137767748097,48447
retained,4,2026080504,525,80325,0.6280669212598161,48534
retained,4,2026080504,526,80478,0.5422977148051409,48625
retained,4,2026080504,527,80631,0.6999467534249147,48716
retained,4,2026080504,528,80784,0.6525965316008981,48798
retained,4,2026080504,529,80937,0.7168966526764159,48892
retained,4,2026080504,530,81090,0.5333604838280244,48989
retained,4,2026080504,531,81243,0.7368303481543186,49074
retained,4,2026080504,532,81396,0.6219152686511334,49165
retained,4,2026080504,533,81549,0.5592075678751903,49260
retained,4,2026080504,534,81702,0.591239080118901,49349
retained,4,2026080504,535,81855,0.6715944864889776,49438
retained,4,2026080504,536,82008,0.48642109819213064,49533
retained,4,2026080504,537,82161,0.6255668243883563,49627
retained,4,2026080504,538,82314,0.6739023259849449,49714
retained,4,2026080504,539,82467,0.6130287321978958,49796
retained,4,2026080504,540,82620,0.7498242544940013,49888
retained,4,2026080504,541,82773,0.5645123471807394,49984
retained,4,2026080504,542,82926,0.640242685197284,50078
retained,4,2026080504,543,83079,0.5627879182016454,50159
retained,4,2026080504,544,83232,0.5760458087367103,50252
retained,4,2026080504,545,83385,0.7223776431147764,50350
retained,4,2026080504,546,83538,0.6643096321580365,50432
retained,4,2026080504,547,83691,0.4748949792889023,50520
retained,4,2026080504,548,83844,0.6571855733162781,50622
retained,4,2026080504,549,83997,0.7033947885635875,50716
retained,4,2026080504,550,84150,0.4602976706394109,50812
retained,4,2026080504,551,84303,0.5676324840666519,50917
retained,4,2026080504,552,84456,0.46930236947604925,51007
retained,4,2026080504,553,84609,0.44602709904997373,51099
retained,4,2026080504,554,84762,0.5743714554454512,51193
retained,4,2026080504,555,84915,0.378021548685459,51293
retained,4,2026080504,556,85068,0.5582556243400677,51387
retained,4,2026080504,557,85221,0.5262107981234003,51475
retained,4,2026080504,558,85374,0.5604620939252671,51567
retained,4,2026080504,559,85527,0.6642449462457961,51657
retained,4,2026080504,560,85680,0.6510582023502205,51744
retained,4,2026080504,561,85833,0.588883777201665,51840
retained,4,2026080504,562,85986,0.48922118292430083,51925
retained,4,2026080504,563,86139,0.6443174496151577,52020
retained,4,2026080504,564,86292,0.5149248942988941,52115
retained,4,2026080504,565,86445,0.42016397705948233,52209
retained,4,2026080504,566,86598,0.5738158875236774,52300
retained,4,2026080504,567,86751,0.45622845312131916,52398
retained,4,2026080504,568,86904,0.6185160724918953,52490
retained,4,2026080504,569,87057,0.605092269629491,52579
retained,4,2026080504,570,87210,0.4957764353610254,52673
retained,4,2026080504,571,87363,0.4440449744761428,52769
retained,4,2026080504,572,87516,0.5288017358957215,52865
retained,4,2026080504,573,87669,0.7011286470332558,52954
retained,4,2026080504,574,87822,0.6477583229464517,53048
retained,4,2026080504,575,87975,0.3757301426768795,53137
retained,4,2026080504,576,88128,0.5137632049336793,53236
retained,4,2026080504,577,88281,0.6304086415146586,53320
retained,4,2026080504,578,88434,0.5168390431626655,53415
retained,4,2026080504,579,88587,0.6192331451842306,53499
retained,4,2026080504,580,88740,0.5872778645879176,53593
retained,4,2026080504,581,88893,0.644541150356952,53684
retained,4,2026080504,582,89046,0.6549387964046101,53770
retained,4,2026080504,583,89199,0.5438743117430758,53858
retained,4,2026080504,584,89352,0.5476982738363327,53958
retained,4,2026080504,585,89505,0.6165501336935162,54049
retained,4,2026080504,586,89658,0.6738049747898454,54134
retained,4,2026080504,587,89811,0.5159980216308386,54226
retained,4,2026080504,588,89964,0.6113237678098006,54333
retained,4,2026080504,589,90117,0.4953808995822049,54424
retained,4,2026080504,590,90270,0.5781753386457242,54517
retained,4,2026080504,591,90423,0.6770291275765998,54610
retained,4,2026080504,592,90576,0.4740548091415756,54701
retained,4,2026080504,593,90729,0.5073661509751145,54791
retained,4,2026080504,594,90882,0.5609213970046706,54891
retained,4,2026080504,595,91035,0.48672957790757565,54983
retained,4,2026080504,596,91188,0.6451440879181438,55077
retained,4,2026080504,597,91341,0.6525489933769834,55168
retained,4,2026080504,598,91494,0.5518260920704015,55255
retained,4,2026080504,599,91647,0.5044787308872454,55353
retained,4,2026080504,600,91800,0.5921210998105716,55454
retained,4,2026080504,601,91953,0.5936258661993746,55553
retained,4,2026080504,602,92106,0.6095038806595917,55635
retained,4,2026080504,603,92259,0.7226673429038751,55732
retained,4,2026080504,604,92412,0.4511302506668525,55826
retained,4,2026080504,605,92565,0.5581211379566121,55918
retained,4,2026080504,606,92718,0.610191200111638,55999
retained,4,2026080504,607,92871,0.4827726463420149,56090
retained,4,2026080504,608,93024,0.568437648731691,56180
retained,4,2026080504,609,93177,0.5480770243659852,56267
retained,4,2026080504,610,93330,0.7108544900773365,56353
retained,4,2026080504,611,93483,0.6912726970175362,56444
retained,4,2026080504,612,93636,0.5742458682997513,56526
retained,4,2026080504,613,93789,0.6336924351344334,56622
retained,4,2026080504,614,93942,0.43075452687481414,56715
retained,4,2026080504,615,94095,0.49265419725970344,56813
retained,4,2026080504,616,94248,0.5120475716840621,56910
retained,4,2026080504,617,94401,0.6522121159496674,57001
retained,4,2026080504,618,94554,0.5443788903585368,57094
retained,4,2026080504,619,94707,0.5889632334776468,57185
retained,4,2026080504,620,94860,0.4031294327825111,57281
retained,4,2026080504,621,95013,0.5017701245783815,57388
retained,4,2026080504,622,95166,0.5939513310761606,57475
retained,4,2026080504,623,95319,0.6340957109417251,57574
retained,4,2026080504,624,95472,0.7082236588225452,57671
retained,4,2026080504,625,95625,0.5855575045203877,57763
retained,4,2026080504,626,95778,0.5936991791290289,57844
retained,4,2026080504,627,95931,0.4174158782086049,57939
retained,4,2026080504,628,96084,0.6271159692465721,58035
retained,4,2026080504,629,96237,0.41622420449488595,58122
retained,4,2026080504,630,96390,0.4831531615680836,58209
retained,4,2026080504,631,96543,0.6376433372191451,58305
retained,4,2026080504,632,96696,0.4644359237360249,58399
retained,4,2026080504,633,96849,0.5077780471820655,58491
retained,4,2026080504,634,97002,0.5386429320365373,58587
retained,4,2026080504,635,97155,0.3591207018815558,58688
retained,4,2026080504,636,97308,0.6747766188679676,58777
retained,4,2026080504,637,97461,0.5476565332106064,58884
retained,4,2026080504,638,97614,0.537863936516705,58973
retained,4,2026080504,639,97767,0.5556118687194989,59063
retained,4,2026080504,640,97920,0.6006724160664852,59161
retained,4,2026080504,641,98073,0.6515589355242819,59257
retained,4,2026080504,642,98226,0.4144759164767869,59348
retained,4,2026080504,643,98379,0.5988039938624871,59439
retained,4,2026080504,644,98532,0.7141626596796291,59530
retained,4,2026080504,645,98685,0.6047474112080526,59634
retained,4,2026080504,646,98838,0.6701314453030116,59732
retained,4,2026080504,647,98991,0.5487370437727133,59828
retained,4,2026080504,648,99144,0.5338695211792855,59908
retained,4,2026080504,649,99297,0.6691462473595048,59996
retained,4,2026080504,650,99450,0.5162638373848218,60090
retained,4,2026080504,651,99603,0.5240764670302656,60179
retained,4,2026080504,652,99756,0.5650576490494681,60273
retained,4,2026080504,653,99909,0.6581494321707714,60368
retained,4,2026080504,654,100062,0.6909849939611916,60454
retained,4,2026080504,655,100215,0.5462598743292879,60542
retained,4,2026080504,656,100368,0.5909766327684816,60645
retained,4,2026080504,657,100521,0.5339909089526009,60738
retained,4,2026080504,658,100674,0.619959079528878,60830
retained,4,2026080504,659,100827,0.7010134580054598,60929
retained,4,2026080504,660,100980,0.6998503157554512,61026
retained,4,2026080504,661,101133,0.6430340368780988,61112
retained,4,2026080504,662,101286,0.6233624175118005,61199
retained,4,2026080504,663,101439,0.6587164645907917,61292
retained,4,2026080504,664,101592,0.4703162933266961,61377
retained,4,2026080504,665,101745,0.5319326714471055,61471
retained,4,2026080504,666,101898,0.34130576750075203,61558
retained,4,2026080504,667,102051,0.5796378732285546,61645
retained,4,2026080504,668,102204,0.72344440525317,61740
retained,4,2026080504,669,102357,0.7069492541724524,61830
retained,4,2026080504,670,102510,0.5312800703054784,61927
retained,4,2026080504,671,102663,0.7462983118912222,62034
retained,4,2026080504,672,102816,0.6904612494810953,62119
retained,4,2026080504,673,102969,0.6781628961799199,62205
retained,4,2026080504,674,103122,0.5418647001722645,62304
retained,4,2026080504,675,103275,0.5349269265049025,62402
retained,4,2026080504,676,103428,0.45200868655933885,62493
retained,4,2026080504,677,103581,0.5611601880085436,62587
retained,4,2026080504,678,103734,0.6815952263201513,62682
retained,4,2026080504,679,103887,0.739659738399572,62766
retained,4,2026080504,680,104040,0.6655648101969213,62862
retained,4,2026080504,681,104193,0.5992033586107279,62944
retained,4,2026080504,682,104346,0.47255982679859637,63040
retained,4,2026080504,683,104499,0.6127320244401334,63130
retained,4,2026080504,684,104652,0.37329524851905405,63225
retained,4,2026080504,685,104805,0.5147699897365969,63313
retained,4,2026080504,686,104958,0.570724852201462,63407
retained,4,2026080504,687,105111,0.48555941513199247,63499
retained,4,2026080504,688,105264,0.3923152454372825,63592
retained,4,2026080504,689,105417,0.48356630648754534,63695
retained,4,2026080504,690,105570,0.6053043620450936,63785
retained,4,2026080504,691,105723,0.563275322575789,63885
retained,4,2026080504,692,105876,0.5347733939470176,63968
retained,4,2026080504,693,106029,0.3727710822303224,64062
retained,4,2026080504,694,106182,0.5452058561903139,64153
retained,4,2026080504,695,106335,0.7470630307199275,64240
retained,4,2026080504,696,106488,0.6022133186007943,64328
retained,4,2026080504,697,106641,0.6191003670100077,64420
retained,4,2026080504,698,106794,0.572756125621222,64516
retained,4,2026080504,699,106947,0.587741926030089,64611
retained,4,2026080504,700,107100,0.665754459273447,64704
retained,4,2026080504,701,107253,0.5021435565826244,64799
retained,4,2026080504,702,107406,0.6220746572447097,64887
retained,4,2026080504,703,107559,0.6585112804364985,64982
retained,4,2026080504,704,107712,0.7183180988058574,65070
retained,4,2026080504,705,107865,0.5527452124451705,65166
retained,4,2026080504,706,108018,0.6270135054706748,65258
retained,4,2026080504,707,108171,0.670257729863299,65346
retained,4,2026080504,708,108324,0.5710712512311682,65428
retained,4,2026080504,709,108477,0.6949976731426138,65516
retained,4,2026080504,710,108630,0.6812930131259389,65613
retained,4,2026080504,711,108783,0.685268157164423,65708
retained,4,2026080504,712,108936,0.5829736491726566,65808
retained,4,2026080504,713,109089,0.5336931298197528,65892
retained,4,2026080504,714,109242,0.5186869288764504,65984
retained,4,2026080504,715,109395,0.5457544367282979,66072
retained,4,2026080504,716,109548,0.6237435136996331,66157
retained,4,2026080504,717,109701,0.5542572799629256,66250
retained,4,2026080504,718,109854,0.7298283267397888,66342
retained,4,2026080504,719,110007,0.6337957664377415,66427
retained,4,2026080504,720,110160,0.5505163028415183,66519
retained,4,2026080504,721,110313,0.520424053866684,66621
retained,4,2026080504,722,110466,0.6088244490937375,66710
retained,4,2026080504,723,110619,0.6118679577135626,66810
retained,4,2026080504,724,110772,0.49277864932663695,66896
retained,4,2026080504,725,110925,0.4650998146071394,66995
retained,4,2026080504,726,111078,0.41528155745067064,67092
retained,4,2026080504,727,111231,0.510741835991044,67182
retained,4,2026080504,728,111384,0.5702170405531912,67285
retained,4,2026080504,729,111537,0.441376369380231,67377
retained,4,2026080504,730,111690,0.42500417583415173,67478
retained,4,2026080504,731,111843,0.5111177647837833,67572
retained,4,2026080504,732,111996,0.4667651190478042,67659
retained,4,2026080504,733,112149,0.570036617956307,67748
retained,4,2026080504,734,112302,0.5287032715573001,67841
retained,4,2026080504,735,112455,0.6552078914547048,67927
retained,4,2026080504,736,112608,0.4601255014226576,68020
retained,4,2026080504,737,112761,0.5883490835531089,68109
retained,4,2026080504,738,112914,0.4467890161113357,68191
retained,4,2026080504,739,113067,0.4820763774062719,68280
retained,4,2026080504,740,113220,0.6617841629651835,68378
retained,4,2026080504,741,113373,0.6428363020942217,68468
retained,4,2026080504,742,113526,0.6164848656694393,68571
retained,4,2026080504,743,113679,0.5380720617507245,68667
retained,4,2026080504,744,113832,0.5524176513569946,68768
retained,4,2026080504,745,113985,0.5095478630113021,68865
retained,4,2026080504,746,114138,0.6769252618840836,68953
retained,4,2026080504,747,114291,0.6425441244085559,69057
retained,4,2026080504,748,114444,0.6357197684835749,69152
retained,4,2026080504,749,114597,0.45173347840203343,69245
retained,4,2026080504,750,114750,0.6077386805528795,69337
retained,4,2026080504,751,114903,0.47240065919248075,69427
retained,4,2026080504,752,115056,0.5825088461568767,69516
retained,4,2026080504,753,115209,0.5963355869416376,69612
retained,4,2026080504,754,115362,0.4949105047768602,69711
retained,4,2026080504,755,115515,0.5618001793224022,69795
retained,4,2026080504,756,115668,0.4443990989979638,69886
retained,4,2026080504,757,115821,0.5651361017063542,69973
retained,4,2026080504,758,115974,0.4479211706851662,70067
retained,4,2026080504,759,116127,0.6132490924477767,70154
retained,4,2026080504,760,116280,0.7291292140493899,70244
retained,4,2026080504,761,116433,0.6110060187374852,70329
retained,4,2026080504,762,116586,0.6817943808243031,70421
retained,4,2026080504,763,116739,0.45855197194451064,70511
retained,4,2026080504,764,116892,0.5145932658735453,70597
retained,4,2026080504,765,117045,0.5271188599373726,70688
retained,4,2026080504,766,117198,0.5733898536568147,70777
retained,4,2026080504,767,117351,0.48312819775898636,70867
retained,4,2026080504,768,117504,0.621928549918551,70953
retained,4,2026080504,769,117657,0.5764785730844546,71047
retained,4,2026080504,770,117810,0.41425900320199205,71151
retained,4,2026080504,771,117963,0.4980845554548759,71244
retained,4,2026080504,772,118116,0.4775978961739659,71340
retained,4,2026080504,773,118269,0.6402108205444054,71443
retained,4,2026080504,774,118422,0.6141793781000864,71532
retained,4,2026080504,775,118575,0.6692098383468501,71625
retained,4,2026080504,776,118728,0.5812861084068328,71723
retained,4,2026080504,777,118881,0.6245618596738668,71830
retained,4,2026080504,778,119034,0.5424124958569742,71924
retained,4,2026080504,779,119187,0.7402825806841141,72023
retained,4,2026080504,780,119340,0.7616214743686895,72105
retained,4,2026080504,781,119493,0.7608704867701981,72202
retained,4,2026080504,782,119646,0.6963700044045393,72291
retained,4,2026080504,783,119799,0.6254027522003551,72396
retained,4,2026080504,784,119952,0.48049665722038903,72494
retained,4,2026080504,785,120105,0.5298538071051088,72581
retained,4,2026080504,786,120258,0.569230007995636,72673
retained,4,2026080504,787,120411,0.4858927335737252,72768
retained,4,2026080504,788,120564,0.5663753382047314,72858
retained,4,2026080504,789,120717,0.5813109385517964,72958
retained,4,2026080504,790,120870,0.673199718244068,73049
retained,4,2026080504,791,121023,0.6655853197878199,73137
retained,4,2026080504,792,121176,0.7189852388982286,73227
retained,4,2026080504,793,121329,0.3685696304774728,73318
retained,4,2026080504,794,121482,0.5438466942818765,73413
retained,4,2026080504,795,121635,0.4370255022177799,73506
retained,4,2026080504,796,121788,0.6109503640272159,73598
retained,4,2026080504,797,121941,0.42584688483142685,73699
retained,4,2026080504,798,122094,0.6571434788659676,73803
retained,4,2026080504,799,122247,0.7935878335382077,73892
retained,4,2026080504,800,122400,0.5740664362527385,73989
retained,4,2026080504,801,122553,0.502477542078178,74086
retained,4,2026080504,802,122706,0.6703540609746985,74183
retained,4,2026080504,803,122859,0.5575813938700253,74285
retained,4,2026080504,804,123012,0.6348481366623135,74382
retained,4,2026080504,805,123165,0.6073204738087447,74474
retained,4,2026080504,806,123318,0.539621107373696,74557
retained,4,2026080504,807,123471,0.6510006045607077,74649
retained,4,2026080504,808,123624,0.4516199874515579,74743
retained,4,2026080504,809,123777,0.4414772168969188,74844
retained,4,2026080504,810,123930,0.5613197315273394,74938
retained,4,2026080504,811,124083,0.6568314981850171,75029
retained,4,2026080504,812,124236,0.6697644262982207,75113
retained,4,2026080504,813,124389,0.48166779375366925,75204
retained,4,2026080504,814,124542,0.39522380643165045,75305
retained,4,2026080504,815,124695,0.6398918884528858,75398
retained,4,2026080504,816,124848,0.49439244006509775,75487
retained,4,2026080504,817,125001,0.46651725852149956,75580
retained,4,2026080504,818,125154,0.5118598616293065,75667
retained,4,2026080504,819,125307,0.5369229431917288,75759
retained,4,2026080504,820,125460,0.6398339729961917,75854
retained,4,2026080504,821,125613,0.7025672001284945,75947
retained,4,2026080504,822,125766,0.5368376182809886,76042
retained,4,2026080504,823,125919,0.3357003157210977,76145
retained,4,2026080504,824,126072,0.46864056591975023,76241
retained,4,2026080504,825,126225,0.39864433840857444,76342
retained,4,2026080504,826,126378,0.6118287626273506,76441
retained,4,2026080504,827,126531,0.7099464376845424,76542
retained,4,2026080504,828,126684,0.7561453957076129,76627
retained,4,2026080504,829,126837,0.5832253533717557,76728
retained,4,2026080504,830,126990,0.5171156873942394,76826
retained,4,2026080504,831,127143,0.5982763233527151,76908
retained,4,2026080504,832,127296,0.5370589672350483,76994
retained,4,2026080504,833,127449,0.5241744012417618,77091
retained,4,2026080504,834,127602,0.48103871287282823,77179
retained,4,2026080504,835,127755,0.7377155359824713,77264
retained,4,2026080504,836,127908,0.6397662273519845,77341
retained,4,2026080504,837,128061,0.5365467142632321,77426
retained,4,2026080504,838,128214,0.5473583869452804,77516
retained,4,2026080504,839,128367,0.6240707447232977,77603
retained,4,2026080504,840,128520,0.6207203328844415,77705
retained,4,2026080504,841,128673,0.672404218680914,77790
retained,4,2026080504,842,128826,0.5222273664422951,77887
retained,4,2026080504,843,128979,0.6300324366876937,77983
retained,4,2026080504,844,129132,0.5007721407386608,78082
retained,4,2026080504,845,129285,0.42501439244913747,78168
retained,4,2026080504,846,129438,0.5078400332210675,78262
retained,4,2026080504,847,129591,0.6824652430348486,78361
retained,4,2026080504,848,129744,0.6171139343964238,78458
retained,4,2026080504,849,129897,0.5601139938167587,78544
retained,4,2026080504,850,130050,0.635684065221111,78636
retained,4,2026080504,851,130203,0.7055229604893772,78733
retained,4,2026080504,852,130356,0.6331846777658285,78826
retained,4,2026080504,853,130509,0.5123357751862132,78919
retained,4,2026080504,854,130662,0.4569463295533913,79008
retained,4,2026080504,855,130815,0.5269740690998251,79099
retained,4,2026080504,856,130968,0.5526876774098107,79181
retained,4,2026080504,857,131121,0.4956581324441607,79268
retained,4,2026080504,858,131274,0.44031122998658284,79357
retained,4,2026080504,859,131427,0.5282141353699115,79452
retained,4,2026080504,860,131580,0.557966233394315,79536
retained,4,2026080504,861,131733,0.625075735290049,79636
retained,4,2026080504,862,131886,0.3531527323744062,79739
retained,4,2026080504,863,132039,0.682205587875181,79825
retained,4,2026080504,864,132192,0.6542423237876704,79922
retained,4,2026080504,865,132345,0.6365199235471448,80023
retained,4,2026080504,866,132498,0.5950909962306802,80121
retained,4,2026080504,867,132651,0.5522657774399033,80218
retained,4,2026080504,868,132804,0.5534357695493268,80314
retained,4,2026080504,869,132957,0.7083144082506366,80406
retained,4,2026080504,870,133110,0.5747647298565067,80494
retained,4,2026080504,871,133263,0.6186577730959313,80592
retained,4,2026080504,872,133416,0.5475651290412219,80688
retained,4,2026080504,873,133569,0.6649309668126144,80777
retained,4,2026080504,874,133722,0.5979316104669783,80867
retained,4,2026080504,875,133875,0.5452547288102849,80968
retained,4,2026080504,876,134028,0.45225775065032314,81062
retained,4,2026080504,877,134181,0.5192401377107353,81154
retained,4,2026080504,878,134334,0.6312747581781606,81247
retained,4,2026080504,879,134487,0.6366476369845908,81349
retained,4,2026080504,880,134640,0.6058446792834208,81433
retained,4,2026080504,881,134793,0.449722600416383,81527
retained,4,2026080504,882,134946,0.45640995249342664,81605
retained,4,2026080504,883,135099,0.50504335441917,81711
retained,4,2026080504,884,135252,0.6532859308293689,81801
retained,4,2026080504,885,135405,0.48466246560931436,81901
retained,4,2026080504,886,135558,0.5865033252382841,81986
retained,4,2026080504,887,135711,0.41081488260802146,82077
retained,4,2026080504,888,135864,0.5356652212037976,82180
retained,4,2026080504,889,136017,0.5713138555115728,82265
retained,4,2026080504,890,136170,0.524152273908348,82358
retained,4,2026080504,891,136323,0.5945806641701775,82448
retained,4,2026080504,892,136476,0.6268550441467783,82536
retained,4,2026080504,893,136629,0.4092933728928515,82629
retained,4,2026080504,894,136782,0.5929998760511531,82720
retained,4,2026080504,895,136935,0.6203838893608291,82813
retained,4,2026080504,896,137088,0.6227562330027363,82898
retained,4,2026080504,897,137241,0.5469249781947368,82993
retained,4,2026080504,898,137394,0.41274996179928347,83092
retained,4,2026080504,899,137547,0.588320955868683,83191
retained,4,2026080504,900,137700,0.47130013597613996,83278
retained,4,2026080504,901,137853,0.4638902688364795,83369
retained,4,2026080504,902,138006,0.5823374655375405,83469
retained,4,2026080504,903,138159,0.6112261691294447,83557
retained,4,2026080504,904,138312,0.5163300601614776,83656
retained,4,2026080504,905,138465,0.6908005810903775,83754
retained,4,2026080504,906,138618,0.48185354642851647,83838
retained,4,2026080504,907,138771,0.5986048351062135,83926
retained,4,2026080504,908,138924,0.39246177319140857,84027
retained,4,2026080504,909,139077,0.4327924088658042,84125
retained,4,2026080504,910,139230,0.3792808546677338,84209
retained,4,2026080504,911,139383,0.6292168513560399,84288
retained,4,2026080504,912,139536,0.5157207294342535,84379
retained,4,2026080504,913,139689,0.5677594729771503,84473
retained,4,2026080504,914,139842,0.6083857429143148,84580
retained,4,2026080504,915,139995,0.48750678677229947,84681
retained,4,2026080504,916,140148,0.6347610020051597,84778
retained,4,2026080504,917,140301,0.7038508321211691,84868
retained,4,2026080504,918,140454,0.5527230822769179,84954
retained,4,2026080504,919,140607,0.596143067953086,85051
retained,4,2026080504,920,140760,0.6650006818970655,85146
retained,4,2026080504,921,140913,0.5968626915064074,85227
retained,4,2026080504,922,141066,0.6871193530442391,85309
retained,4,2026080504,923,141219,0.578617960914544,85404
retained,4,2026080504,924,141372,0.6565861721232942,85488
retained,4,2026080504,925,141525,0.5869340185275843,85581
retained,4,2026080504,926,141678,0.6143736232936609,85669
retained,4,2026080504,927,141831,0.6744179349943465,85760
retained,4,2026080504,928,141984,0.6474402023980425,85845
retained,4,2026080504,929,142137,0.6945784251800802,85934
retained,4,2026080504,930,142290,0.679271757105048,86021
retained,4,2026080504,931,142443,0.6356412838207747,86109
retained,4,2026080504,932,142596,0.5927217697310568,86213
retained,4,2026080504,933,142749,0.5901359821485832,86316
retained,4,2026080504,934,142902,0.6511245871849378,86415
retained,4,2026080504,935,143055,0.6238937033772769,86512
retained,4,2026080504,936,143208,0.5363001799525764,86608
retained,4,2026080504,937,143361,0.5678337478930395,86706
retained,4,2026080504,938,143514,0.5498141006764495,86801
retained,4,2026080504,939,143667,0.5943092455832638,86900
retained,4,2026080504,940,143820,0.6900629617371692,86991
retained,4,2026080504,941,143973,0.6062467749423226,87074
retained,4,2026080504,942,144126,0.6411362939459659,87169
retained,4,2026080504,943,144279,0.5070902022732815,87256
retained,4,2026080504,944,144432,0.5431407194235425,87357
retained,4,2026080504,945,144585,0.5587168972585385,87457
retained,4,2026080504,946,144738,0.5972107238122987,87544
retained,4,2026080504,947,144891,0.5038375406069262,87642
retained,4,2026080504,948,145044,0.656068737773164,87725
retained,4,2026080504,949,145197,0.48931522674644357,87814
retained,4,2026080504,950,145350,0.4765642980905325,87898
retained,4,2026080504,951,145503,0.40626864734839513,87986
retained,4,2026080504,952,145656,0.497007224730324,88085
retained,4,2026080504,953,145809,0.3316551027986027,88181
retained,4,2026080504,954,145962,0.31593324986865484,88272
retained,4,2026080504,955,146115,0.5172814896091028,88367
retained,4,2026080504,956,146268,0.6199059290899875,88468
retained,4,2026080504,957,146421,0.4234607695134859,88562
retained,4,2026080504,958,146574,0.6022503988262349,88655
retained,4,2026080504,959,146727,0.6714514349521127,88742
retained,4,2026080504,960,146880,0.6309397542115502,88826
retained,4,2026080504,961,147033,0.7079208635496979,88921
retained,4,2026080504,962,147186,0.6724915528599849,89021
retained,4,2026080504,963,147339,0.5536170849390872,89109
retained,4,2026080504,964,147492,0.5051949613667799,89187
retained,4,2026080504,965,147645,0.5548887051231776,89287
retained,4,2026080504,966,147798,0.6681997560484723,89380
retained,4,2026080504,967,147951,0.6053486223815988,89467
retained,4,2026080504,968,148104,0.5200701413079065,89564
retained,4,2026080504,969,148257,0.5813319976188785,89654
retained,4,2026080504,970,148410,0.469282327095161,89746
retained,4,2026080504,971,148563,0.6041738435403365,89846
retained,4,2026080504,972,148716,0.6995257790579572,89939
retained,4,2026080504,973,148869,0.5345206700300159,90034
retained,4,2026080504,974,149022,0.5730141051603233,90126
retained,4,2026080504,975,149175,0.6311793553368825,90217
retained,4,2026080504,976,149328,0.5859760434667709,90305
retained,4,2026080504,977,149481,0.6221498610529608,90404
retained,4,2026080504,978,149634,0.5699779814085247,90489
retained,4,2026080504,979,149787,0.6008574985417103,90577
retained,4,2026080504,980,149940,0.5956876745311172,90665
retained,4,2026080504,981,150093,0.5442051926157637,90754
retained,4,2026080504,982,150246,0.7330240404932619,90832
retained,4,2026080504,983,150399,0.7175468701029196,90927
retained,4,2026080504,984,150552,0.5908219294844139,91020
retained,4,2026080504,985,150705,0.3974102337685294,91112
retained,4,2026080504,986,150858,0.5615484434928991,91191
retained,4,2026080504,987,151011,0.43876467488685683,91283
retained,4,2026080504,988,151164,0.42448782179195044,91369
retained,4,2026080504,989,151317,0.7492733678312885,91469
retained,4,2026080504,990,151470,0.6393763442673083,91558
retained,4,2026080504,991,151623,0.6486102439425614,91647
retained,4,2026080504,992,151776,0.5936355334398049,91744
retained,4,2026080504,993,151929,0.3400289992793333,91836
retained,4,2026080504,994,152082,0.39051795765578307,91922
retained,4,2026080504,995,152235,0.683962952091733,92009
retained,4,2026080504,996,152388,0.5168717936433864,92107
retained,4,2026080504,997,152541,0.5911758085359664,92202
retained,4,2026080504,998,152694,0.5312001063074894,92303
retained,4,2026080504,999,152847,0.5231460064382536,92399
retained,4,2026080504,1000,153000,0.5553360295746281,92496
